{
  "type" : "FeatureCollection", 
  "features" : [
    {
      "type" : "Feature", 
      "id" : 1, 
      "geometry" : 
      {
        "type" : "Polygon", 
        "coordinates" : 
        [
          [
            [-101.750302534434, 53.7928772394931], 
            [-102.095633206907, 53.8041007786281], 
            [-102.268995517729, 53.8444353723946], 
            [-102.536993487459, 53.9942174591685], 
            [-102.762363592206, 54.2479252015869], 
            [-102.861181098629, 54.504771577946], 
            [-102.881649668397, 54.8482406537833], 
            [-102.806790101282, 55.0906708977438], 
            [-102.705796235508, 55.2641501204318], 
            [-102.546463348605, 55.4424676957277], 
            [-102.349988461198, 55.5639301312706], 
            [-102.185034811507, 55.6231145151228], 
            [-101.931974580962, 55.6680896106471], 
            [-101.653616421261, 55.6161267828248], 
            [-101.423345011363, 55.5104474491905], 
            [-101.182380662338, 55.2951407581395], 
            [-101.051493331752, 55.0542753345392], 
            [-100.999629429355, 54.8606423047986], 
            [-100.986364429175, 54.6381140577177], 
            [-101.047985975772, 54.3732906948098], 
            [-101.19140086246, 54.1269483999488], 
            [-101.406437756897, 53.9393947872397], 
            [-101.515957195668, 53.8798776542304], 
            [-101.636511315944, 53.8366292570346], 
            [-101.73968154107, 53.8047662769422], 
            [-101.750302534434, 53.7928772394931]
          ]
        ]
      }, 
      "properties" : {
        "OBJECTID" : 1, 
        "Id" : 1, 
        "gridcode" : 1, 
        "Unixtime" : 1790953200, 
        "Timestamp" : 1790953200000, 
        "Shape__Area" : 59378704168.210938, 
        "Shape__Length" : 914602.17555570148
      }
    }, 
    {
      "type" : "Feature", 
      "id" : 2, 
      "geometry" : 
      {
        "type" : "Polygon", 
        "coordinates" : 
        [
          [
            [-112.980838394976, 53.6803450718676], 
            [-113.072892999612, 53.6979268178684], 
            [-113.112364244214, 53.77251658837], 
            [-112.977241106792, 53.948729750078], 
            [-112.796792138247, 54.2281581030142], 
            [-112.624733844391, 54.2988358226152], 
            [-112.475941011868, 54.1905754347086], 
            [-112.468071943965, 53.9919601608328], 
            [-112.572159477578, 53.8796258440576], 
            [-112.939397635093, 53.7250773504394], 
            [-112.980838394976, 53.6803450718676]
          ]
        ]
      }, 
      "properties" : {
        "OBJECTID" : 2, 
        "Id" : 2, 
        "gridcode" : 2, 
        "Unixtime" : 1790953200, 
        "Timestamp" : 1790953200000, 
        "Shape__Area" : 4431999891.7890625, 
        "Shape__Length" : 290256.76657377812
      }
    }, 
    {
      "type" : "Feature", 
      "id" : 3, 
      "geometry" : 
      {
        "type" : "Polygon", 
        "coordinates" : 
        [
          [
            [-77.6012752786311, 52.735094648899], 
            [-77.9262632864215, 52.7499514491002], 
            [-78.1594574929688, 52.848085470768], 
            [-78.3487917633291, 52.986958781123], 
            [-78.4684735412209, 53.1340249153177], 
            [-78.5534954474569, 53.294688798849], 
            [-78.6019868921813, 53.47974229627], 
            [-78.6115197058697, 53.7202839639339], 
            [-78.5610407594235, 53.9322002108711], 
            [-78.4103323709421, 54.1999283839878], 
            [-78.1995672562238, 54.3780301219926], 
            [-77.9782081278028, 54.474635296182], 
            [-77.7070805173519, 54.5150688153736], 
            [-77.4599648055313, 54.4678903808365], 
            [-77.3124040442112, 54.3982468815884], 
            [-77.1684045981936, 54.3052569820242], 
            [-76.9712282395915, 54.0779083687762], 
            [-76.8715024179022, 53.8351363824382], 
            [-76.8568074956693, 53.4644358350458], 
            [-76.931127469557, 53.2297037877997], 
            [-77.0184786198923, 53.0944277656289], 
            [-77.1772899000088, 52.9230349700879], 
            [-77.3408046344263, 52.8229134466983], 
            [-77.489255724572, 52.7708786731123], 
            [-77.5904564344169, 52.7467768422775], 
            [-77.6012752786311, 52.735094648899]
          ]
        ]
      }, 
      "properties" : {
        "OBJECTID" : 3, 
        "Id" : 3, 
        "gridcode" : 1, 
        "Unixtime" : 1790953200, 
        "Timestamp" : 1790953200000, 
        "Shape__Area" : 51041356337.644531, 
        "Shape__Length" : 846765.04774312372
      }
    }, 
    {
      "type" : "Feature", 
      "id" : 4, 
      "geometry" : 
      {
        "type" : "Polygon", 
        "coordinates" : 
        [
          [
            [-60.3391123601472, 52.4875292760553], 
            [-60.5607053123003, 52.5106148729781], 
            [-60.7222055653345, 52.5604912736534], 
            [-60.9253983884248, 52.689714858454], 
            [-61.0647213598028, 52.869498328685], 
            [-61.1562183847706, 53.089490487596], 
            [-61.170571564626, 53.3302479925509], 
            [-61.1212707300601, 53.5421372598267], 
            [-61.0600808580451, 53.6754617531575], 
            [-60.9298949986552, 53.834938531588], 
            [-60.7417208537344, 53.9807725945797], 
            [-60.5092640912647, 54.0496067039863], 
            [-60.3066108614021, 54.0616845990651], 
            [-60.0898562618569, 54.0112506187211], 
            [-59.9256310630231, 53.9156436920028], 
            [-59.7770270881296, 53.7828677851203], 
            [-59.9467921107673, 53.751184669437], 
            [-59.9432577751261, 53.6918384076165], 
            [-60.01340489472, 53.6472230409107], 
            [-60.0346468814483, 53.6234539592329], 
            [-60.0591264275425, 53.6015824470724], 
            [-60.0332978983793, 53.5785058433701], 
            [-60.035986871297, 53.533494774964], 
            [-60.0121368506351, 53.5121898356924], 
            [-59.9811552061478, 53.4446687364731], 
            [-59.9659296839077, 53.4921439472854], 
            [-59.9695629449739, 53.5531089887889], 
            [-59.8552321332563, 53.5599168566776], 
            [-59.7764605152405, 53.5552223955972], 
            [-59.6813662020885, 53.5608881244875], 
            [-59.6339359573785, 53.5185210628968], 
            [-59.6122892757294, 53.1552399223846], 
            [-59.713912666936, 52.8908752137202], 
            [-59.8524082620316, 52.7133130689431], 
            [-60.0744598684281, 52.5582159888769], 
            [-60.2146911550727, 52.5206513070123], 
            [-60.3284913667831, 52.499409320284], 
            [-60.3391123601472, 52.4875292760553]
          ]
        ]
      }, 
      "properties" : {
        "OBJECTID" : 4, 
        "Id" : 4, 
        "gridcode" : 1, 
        "Unixtime" : 1790953200, 
        "Timestamp" : 1790953200000, 
        "Shape__Area" : 38270787279.941406, 
        "Shape__Length" : 839189.95591875073
      }
    }, 
    {
      "type" : "Feature", 
      "id" : 5, 
      "geometry" : 
      {
        "type" : "Polygon", 
        "coordinates" : 
        [
          [
            [-115.569042277479, 52.3074760092105], 
            [-115.871457301913, 52.3188704195343], 
            [-116.062626189247, 52.4404497669433], 
            [-116.281143460003, 52.6909918957594], 
            [-116.563215819754, 53.0741660399309], 
            [-116.76924150729, 53.3936951629015], 
            [-116.922144241563, 53.6750750446777], 
            [-117.064120212977, 54.07075875851], 
            [-117.130858902017, 54.3610149488809], 
            [-117.14420484118, 54.5849641247946], 
            [-116.977911201641, 54.7056441501575], 
            [-116.897997444626, 54.8527012911318], 
            [-116.862510196688, 55.0188240594828], 
            [-116.821923792749, 55.2792497375854], 
            [-116.780923700668, 55.3685883896425], 
            [-116.571867297837, 55.6246883287035], 
            [-116.258714368174, 55.9163654479072], 
            [-115.997083598529, 56.0991166808902], 
            [-115.65669919731, 56.0713006500051], 
            [-115.366568912026, 55.9091438918772], 
            [-115.186731482472, 55.6977402585062], 
            [-115.089577721834, 55.4641683366995], 
            [-115.062022494343, 55.3351785756308], 
            [-115.040168968623, 54.6160087218251], 
            [-114.988700767926, 54.5350967173397], 
            [-114.925640306055, 54.4787451979326], 
            [-114.949490326717, 54.0785738670904], 
            [-114.92340099416, 53.8513151860471], 
            [-114.737088445875, 53.5084486559808], 
            [-114.683326973961, 53.3077199752967], 
            [-114.668991780546, 53.0672772330579], 
            [-114.740820632366, 52.7585849407425], 
            [-114.791947090686, 52.6781945430438], 
            [-114.883237271583, 52.5669304195034], 
            [-114.920523163613, 52.4856946590813], 
            [-115.124363498577, 52.4009155697978], 
            [-115.160893960088, 52.4417987500124], 
            [-115.265835849645, 52.4093871834718], 
            [-115.332088904779, 52.385618101794], 
            [-115.498346571437, 52.3469382605923], 
            [-115.558421284115, 52.3193650466596], 
            [-115.569042277479, 52.3074760092105]
          ]
        ]
      }, 
      "properties" : {
        "OBJECTID" : 5, 
        "Id" : 5, 
        "gridcode" : 2, 
        "Unixtime" : 1790953200, 
        "Timestamp" : 1790953200000, 
        "Shape__Area" : 137790802655.75, 
        "Shape__Length" : 1659943.48987897
      }
    }, 
    {
      "type" : "Feature", 
      "id" : 6, 
      "geometry" : 
      {
        "type" : "Polygon", 
        "coordinates" : 
        [
          [
            [-113.498479171476, 51.834846301116], 
            [-113.805138995968, 51.8506473894655], 
            [-114.080484426815, 51.9283128413646], 
            [-114.357268772935, 52.0852355451843], 
            [-114.544444670385, 52.3022599413433], 
            [-114.547925046703, 52.4727803944997], 
            [-114.440285191009, 52.5848179349998], 
            [-114.02261305315, 52.7805463851077], 
            [-113.714730150676, 52.9019818409893], 
            [-113.655114092241, 52.9592596621038], 
            [-113.757070232605, 53.2571510966459], 
            [-113.690007787629, 53.376742942333], 
            [-113.6445470582, 53.4438143805293], 
            [-113.464349899828, 53.7282969233644], 
            [-113.307580080756, 53.6774222752179], 
            [-113.306941562103, 53.6463866714079], 
            [-113.352222427123, 53.5140963984301], 
            [-113.379552824103, 53.1789460515191], 
            [-113.441992753763, 53.0837168400602], 
            [-113.57701696576, 52.9228640988991], 
            [-113.169875889061, 52.6078135997179], 
            [-112.969228147361, 52.4150349259212], 
            [-112.969821699911, 52.3860497763762], 
            [-112.887156017436, 52.1822454142945], 
            [-112.970469211785, 52.1839451329616], 
            [-113.035076507575, 52.0507735243787], 
            [-113.184975506215, 51.9249403836918], 
            [-113.317976243609, 51.8794167017195], 
            [-113.487453483192, 51.8463306436444], 
            [-113.498479171476, 51.834846301116]
          ]
        ]
      }, 
      "properties" : {
        "OBJECTID" : 6, 
        "Id" : 6, 
        "gridcode" : 2, 
        "Unixtime" : 1790953200, 
        "Timestamp" : 1790953200000, 
        "Shape__Area" : 29083003622.390625, 
        "Shape__Length" : 898426.25022571767
      }
    }, 
    {
      "type" : "Feature", 
      "id" : 7, 
      "geometry" : 
      {
        "type" : "Polygon", 
        "coordinates" : 
        [
          [
            [-90.1146580650176, 50.2369218964284], 
            [-90.3651102616292, 50.255025249216], 
            [-90.5308283350595, 50.3061966736377], 
            [-90.7052518458959, 50.3862453289589], 
            [-90.9032735672213, 50.5299659851422], 
            [-91.0800173289365, 50.7377273642266], 
            [-91.2238009376631, 51.0547563719091], 
            [-91.2482535040959, 51.4650450757697], 
            [-91.1509378654901, 51.7802034935964], 
            [-91.0172986094432, 51.990330089662], 
            [-90.764355290764, 52.215007716433], 
            [-90.5256032739719, 52.3143108567607], 
            [-90.29720245393, 52.3631080709808], 
            [-90.0022877753605, 52.3308943552903], 
            [-89.7653254094401, 52.2398020252434], 
            [-89.5229221451409, 52.0507285582764], 
            [-89.3989146282075, 51.8731933931606], 
            [-89.3464301935985, 51.7766151986326], 
            [-89.2739538299053, 51.5746184738636], 
            [-89.2511380295963, 51.1918760042743], 
            [-89.3410792274244, 50.9006035799913], 
            [-89.3930780281285, 50.7873159818471], 
            [-89.5271039926551, 50.5765778467902], 
            [-89.7800473113343, 50.3518912267988], 
            [-89.9659191918172, 50.2745855037181], 
            [-90.1040370716535, 50.2488019406571], 
            [-90.1146580650176, 50.2369218964284]
          ]
        ]
      }, 
      "properties" : {
        "OBJECTID" : 7, 
        "Id" : 7, 
        "gridcode" : 1, 
        "Unixtime" : 1790953200, 
        "Timestamp" : 1790953200000, 
        "Shape__Area" : 65183877902.964844, 
        "Shape__Length" : 956942.73689875018
      }
    }, 
    {
      "type" : "Feature", 
      "id" : 8, 
      "geometry" : 
      {
        "type" : "Polygon", 
        "coordinates" : 
        [
          [
            [-67.2484777350593, 49.4041946478648], 
            [-67.3010251222116, 49.4528839434393], 
            [-67.390075991214, 49.6696745158663], 
            [-67.4372094596488, 49.8495479183019], 
            [-67.4773102296833, 50.1571520309416], 
            [-67.4311030629559, 50.4952971202659], 
            [-67.3596249467338, 50.7210629267128], 
            [-67.2333061721421, 50.9887101608454], 
            [-67.0127924064444, 51.3688895626033], 
            [-67.0041409283611, 51.5871999892881], 
            [-67.1012137500145, 51.691971007656], 
            [-67.4289896561477, 51.9696187029409], 
            [-67.6466885438412, 52.220628479221], 
            [-67.7467111418057, 52.4096569800856], 
            [-67.8205095089066, 52.6201972642924], 
            [-67.8354022819897, 52.9960239473474], 
            [-67.764733555609, 53.2192356791833], 
            [-67.7165119074984, 53.3214166500584], 
            [-67.581766485335, 53.5051211644103], 
            [-67.3911821573307, 53.660227237697], 
            [-67.1174375197257, 53.7796841850771], 
            [-66.7905609356386, 53.7926434157611], 
            [-66.5690129495879, 53.7398711980974], 
            [-66.3017434307147, 53.589414619789], 
            [-66.1021658822496, 53.3593050878596], 
            [-65.9788238636303, 53.0766841416599], 
            [-65.9609453413544, 52.6254582982619], 
            [-66.0331519084338, 52.3664265693308], 
            [-66.1530765032779, 52.1123141319917], 
            [-66.3114740952532, 51.8129657957349], 
            [-66.3399016651297, 51.6770692413525], 
            [-66.3044773697347, 51.5651755923798], 
            [-66.1348562386244, 51.4180554988622], 
            [-65.7752263456193, 51.1260726101629], 
            [-65.5594340206634, 50.8513027454255], 
            [-65.4452920665756, 50.6355913594538], 
            [-65.3704235062398, 50.3798601424317], 
            [-65.3662956180483, 50.2756107308506], 
            [-65.6074488247035, 50.2336213845194], 
            [-65.8196618479159, 50.2252037301681], 
            [-65.9431297716216, 50.2575613373859], 
            [-66.0517588815671, 50.1742571362579], 
            [-66.2474603520135, 50.1820092922951], 
            [-66.2451580875756, 50.1239760406618], 
            [-66.3149095054692, 50.0910608537754], 
            [-66.3932494489029, 50.0496021074514], 
            [-66.5550374849919, 50.1352085730173], 
            [-66.6553478660111, 50.0897658300291], 
            [-66.7246766025431, 50.0149422357956], 
            [-66.8937941133076, 49.9746616013519], 
            [-66.972988412685, 49.8068481075542], 
            [-67.122284865554, 49.7712889138524], 
            [-67.1470791743644, 49.6156342541176], 
            [-67.1935381512646, 49.5725927009925], 
            [-67.1892573783253, 49.4645481503769], 
            [-67.2142945040881, 49.4375235228924], 
            [-67.2376588908451, 49.4158768412433], 
            [-67.2484777350593, 49.4041946478648]
          ]
        ]
      }, 
      "properties" : {
        "OBJECTID" : 8, 
        "Id" : 8, 
        "gridcode" : 1, 
        "Unixtime" : 1790953200, 
        "Timestamp" : 1790953200000, 
        "Shape__Area" : 114961868949.55078, 
        "Shape__Length" : 1915466.524642637
      }
    }, 
    {
      "type" : "Feature", 
      "id" : 9, 
      "geometry" : 
      {
        "type" : "Polygon", 
        "coordinates" : 
        [
          [
            [-99.8823027260899, 48.9765760081763], 
            [-100.316153667558, 48.9874128388315], 
            [-100.505667802327, 49.0444658294346], 
            [-100.660342201032, 49.177727370222], 
            [-100.759384537966, 49.3552445488969], 
            [-100.812219708173, 49.6466248918254], 
            [-100.761587876979, 49.9241916481262], 
            [-100.646384722877, 50.1823510346726], 
            [-100.480046117234, 50.3754264847445], 
            [-100.269955494051, 50.5065566322829], 
            [-100.072311487985, 50.5606508533543], 
            [-99.901862980592, 50.574347528116], 
            [-99.6880851370194, 50.5257751444075], 
            [-99.5564783487967, 50.4670494147987], 
            [-99.3829091939042, 50.3327806333197], 
            [-99.272589358512, 50.1771799329077], 
            [-99.1986560931041, 50.0016412627342], 
            [-99.1741945334509, 49.6971667908148], 
            [-99.2610420634404, 49.4432072382235], 
            [-99.4162740418135, 49.2270282047879], 
            [-99.637525251589, 49.0701504670705], 
            [-99.8026947385713, 49.0095001882831], 
            [-99.8718795835759, 48.988671889696], 
            [-99.8823027260899, 48.9765760081763]
          ]
        ]
      }, 
      "properties" : {
        "OBJECTID" : 9, 
        "Id" : 9, 
        "gridcode" : 1, 
        "Unixtime" : 1790953200, 
        "Timestamp" : 1790953200000, 
        "Shape__Area" : 39363108665.992188, 
        "Shape__Length" : 732627.34491352737
      }
    }, 
    {
      "type" : "Feature", 
      "id" : 10, 
      "geometry" : 
      {
        "type" : "Polygon", 
        "coordinates" : 
        [
          [
            [-123.198602733329, 48.4139241632696], 
            [-123.198602733329, 48.4364341940829], 
            [-123.169779461753, 48.4251836752865], 
            [-123.198602733329, 48.4139241632696]
          ]
        ]
      }, 
      "properties" : {
        "OBJECTID" : 10, 
        "Id" : 10, 
        "gridcode" : 1, 
        "Unixtime" : 1790953200, 
        "Timestamp" : 1790953200000, 
        "Shape__Area" : 6057968.9609375, 
        "Shape__Length" : 11221.836939609902
      }
    }, 
    {
      "type" : "Feature", 
      "id" : 11, 
      "geometry" : 
      {
        "type" : "Polygon", 
        "coordinates" : 
        [
          [
            [-123.42365807536, 48.3914231256768], 
            [-123.456105614782, 48.5342534530345], 
            [-123.382693956161, 48.659142305573], 
            [-123.271151042786, 48.6452657664021], 
            [-123.243613801736, 48.5489663617083], 
            [-123.251581795064, 48.5344243242233], 
            [-123.295927365156, 48.5101156493179], 
            [-123.214538719986, 48.4655092758325], 
            [-123.198602733329, 48.4364341940829], 
            [-123.198602733329, 48.4139241632696], 
            [-123.213810269129, 48.3918907731407], 
            [-123.324534799441, 48.3670694846691], 
            [-123.42365807536, 48.3914231256768]
          ]
        ]
      }, 
      "properties" : {
        "OBJECTID" : 11, 
        "Id" : 11, 
        "gridcode" : 2, 
        "Unixtime" : 1790953200, 
        "Timestamp" : 1790953200000, 
        "Shape__Area" : 966098756.609375, 
        "Shape__Length" : 134505.79200499711
      }
    }, 
    {
      "type" : "Feature", 
      "id" : 12, 
      "geometry" : 
      {
        "type" : "Polygon", 
        "coordinates" : 
        [
          [
            [-117.70711748948, 48.211369858832], 
            [-118.054840358596, 48.2228901742423], 
            [-118.27217052425, 48.2746551512143], 
            [-118.324430128348, 48.3734097050939], 
            [-118.327056148722, 48.4396627602283], 
            [-118.289167710921, 48.6381251493563], 
            [-118.153729810782, 48.822764958636], 
            [-117.937964465488, 49.0099048832039], 
            [-117.451979825009, 48.879602111948], 
            [-117.382759007122, 48.779003947874], 
            [-117.378855949442, 48.6805911363719], 
            [-117.421321936458, 48.5464662464202], 
            [-117.556678897613, 48.3162308094044], 
            [-117.627914196883, 48.2672087646728], 
            [-117.696289652046, 48.2230520522105], 
            [-117.70711748948, 48.211369858832]
          ]
        ]
      }, 
      "properties" : {
        "OBJECTID" : 12, 
        "Id" : 12, 
        "gridcode" : 2, 
        "Unixtime" : 1790953200, 
        "Timestamp" : 1790953200000, 
        "Shape__Area" : 10576485995.320313, 
        "Shape__Length" : 383676.53366622364
      }
    }, 
    {
      "type" : "Feature", 
      "id" : 13, 
      "geometry" : 
      {
        "type" : "Polygon", 
        "coordinates" : 
        [
          [
            [-81.6748803914169, 48.0538266228005], 
            [-82.1310614992887, 48.0673704128144], 
            [-82.4591881410198, 48.159919644576], 
            [-82.6233324008696, 48.239554611756], 
            [-82.8080621423539, 48.3764853864915], 
            [-82.9582309376077, 48.5625191449427], 
            [-83.0533792100824, 48.7472129135452], 
            [-83.1206215194675, 48.9436878009514], 
            [-83.1619453674847, 49.2669670968541], 
            [-83.1108818617085, 49.5806596197457], 
            [-82.9803632531616, 49.8496828166088], 
            [-82.8370742715603, 50.0429741039718], 
            [-82.6298344992627, 50.1920277398884], 
            [-82.5265203826095, 50.2452496185751], 
            [-82.3240020510538, 50.3145603686661], 
            [-82.078523105357, 50.3424483453149], 
            [-81.7975389252811, 50.3032199176652], 
            [-81.4729915852934, 50.1457666138383], 
            [-81.2724697486799, 49.9531048519075], 
            [-81.1270763534908, 49.7386255371389], 
            [-81.0349677895318, 49.5115467205048], 
            [-80.9887876024658, 49.2860686971127], 
            [-80.9832747583234, 49.0157055104011], 
            [-81.0228539215711, 48.8129623483338], 
            [-81.1208800245934, 48.5644257076803], 
            [-81.3456206039077, 48.2476125372888], 
            [-81.5204937757671, 48.1218513423656], 
            [-81.663854703132, 48.0653109653289], 
            [-81.6748803914169, 48.0538266228005]
          ]
        ]
      }, 
      "properties" : {
        "OBJECTID" : 13, 
        "Id" : 13, 
        "gridcode" : 1, 
        "Unixtime" : 1790953200, 
        "Timestamp" : 1790953200000, 
        "Shape__Area" : 74342790958.3789, 
        "Shape__Length" : 1013054.5541450086
      }
    }, 
    {
      "type" : "Feature", 
      "id" : 14, 
      "geometry" : 
      {
        "type" : "Polygon", 
        "coordinates" : 
        [
          [
            [-122.095800081109, 47.9638044859883], 
            [-122.192369282416, 47.9742456149432], 
            [-122.239619662717, 48.0432595887591], 
            [-122.17720671272, 48.1512052139495], 
            [-122.092022928515, 48.1751451668161], 
            [-122.01950159872, 48.0925514301045], 
            [-122.050123514389, 48.0011443373414], 
            [-122.087022697939, 47.9775281404114], 
            [-122.095800081109, 47.9638044859883]
          ]
        ]
      }, 
      "properties" : {
        "OBJECTID" : 14, 
        "Id" : 14, 
        "gridcode" : 2, 
        "Unixtime" : 1790953200, 
        "Timestamp" : 1790953200000, 
        "Shape__Area" : 583550615.1953125, 
        "Shape__Length" : 92828.1964869417
      }
    }, 
    {
      "type" : "Feature", 
      "id" : 15, 
      "geometry" : 
      {
        "type" : "Polygon", 
        "coordinates" : 
        [
          [
            [-114.083641047197, 47.7612501815507], 
            [-114.429942987479, 47.7722758698356], 
            [-114.595076501579, 47.8757068983547], 
            [-114.763843276746, 48.1137214710691], 
            [-114.812478612998, 48.2914275073737], 
            [-114.830177270864, 48.5117614086622], 
            [-114.775678354872, 48.7516375780119], 
            [-114.689001696071, 48.890025254462], 
            [-114.509029368211, 49.0176390528001], 
            [-114.231795361067, 49.1407022815851], 
            [-113.948508916553, 49.1634641225713], 
            [-113.750388269803, 49.0492412294992], 
            [-113.56510094865, 48.8328733384339], 
            [-113.47043831008, 48.5750826739263], 
            [-113.452820591197, 48.3558009794318], 
            [-113.512616514041, 48.1571857055559], 
            [-113.68162610616, 47.9610165876455], 
            [-113.900566058277, 47.838861674127], 
            [-114.073217904682, 47.77333706985], 
            [-114.083641047197, 47.7612501815507]
          ]
        ]
      }, 
      "properties" : {
        "OBJECTID" : 15, 
        "Id" : 15, 
        "gridcode" : 2, 
        "Unixtime" : 1790953200, 
        "Timestamp" : 1790953200000, 
        "Shape__Area" : 27980714664.140625, 
        "Shape__Length" : 620167.3360655359
      }
    }, 
    {
      "type" : "Feature", 
      "id" : 16, 
      "geometry" : 
      {
        "type" : "Polygon", 
        "coordinates" : 
        [
          [
            [-122.365875484766, 47.513684808707], 
            [-122.465088692889, 47.5676081585897], 
            [-122.436256428092, 47.6804191160494], 
            [-122.290242500691, 47.6595638378009], 
            [-122.260582859611, 47.6140131761672], 
            [-122.334174382642, 47.5720058433951], 
            [-122.365875484766, 47.513684808707]
          ]
        ]
      }, 
      "properties" : {
        "OBJECTID" : 16, 
        "Id" : 16, 
        "gridcode" : 2, 
        "Unixtime" : 1790953200, 
        "Timestamp" : 1790953200000, 
        "Shape__Area" : 371615159.5625, 
        "Shape__Length" : 78896.643080872222
      }
    }, 
    {
      "type" : "Feature", 
      "id" : 17, 
      "geometry" : 
      {
        "type" : "Polygon", 
        "coordinates" : 
        [
          [
            [-122.298354385546, 47.2886204734561], 
            [-122.375273400147, 47.3089181720361], 
            [-122.332627548722, 47.394758461334], 
            [-122.236858744036, 47.4555616248692], 
            [-122.135738973175, 47.4099210310308], 
            [-122.123580139112, 47.3483714301974], 
            [-122.277678971707, 47.3174797179147], 
            [-122.298354385546, 47.2886204734561]
          ]
        ]
      }, 
      "properties" : {
        "OBJECTID" : 17, 
        "Id" : 17, 
        "gridcode" : 2, 
        "Unixtime" : 1790953200, 
        "Timestamp" : 1790953200000, 
        "Shape__Area" : 430751685.71875, 
        "Shape__Length" : 85586.743755332223
      }
    }, 
    {
      "type" : "Feature", 
      "id" : 18, 
      "geometry" : 
      {
        "type" : "Polygon", 
        "coordinates" : 
        [
          [
            [-122.500908689984, 47.1760883058307], 
            [-122.639377305418, 47.1862056788491], 
            [-122.66634797358, 47.3065079889526], 
            [-122.541459121042, 47.3878426747997], 
            [-122.425410604216, 47.3482275386701], 
            [-122.409186834505, 47.2758590936223], 
            [-122.46921658108, 47.2344183337392], 
            [-122.500908689984, 47.1760883058307]
          ]
        ]
      }, 
      "properties" : {
        "OBJECTID" : 18, 
        "Id" : 18, 
        "gridcode" : 2, 
        "Unixtime" : 1790953200, 
        "Timestamp" : 1790953200000, 
        "Shape__Area" : 686485275.6953125, 
        "Shape__Length" : 100945.83113355236
      }
    }, 
    {
      "type" : "Feature", 
      "id" : 19, 
      "geometry" : 
      {
        "type" : "Polygon", 
        "coordinates" : 
        [
          [
            [-96.9565113339308, 46.0507846160173], 
            [-97.1012122511444, 46.0626286873641], 
            [-97.1453329907249, 46.0992760607417], 
            [-96.8584492580268, 46.1285220136801], 
            [-96.8766965023416, 46.0835019520536], 
            [-96.9462950354874, 46.0630783483871], 
            [-96.9565113339308, 46.0507846160173]
          ]
        ]
      }, 
      "properties" : {
        "OBJECTID" : 19, 
        "Id" : 19, 
        "gridcode" : 2, 
        "Unixtime" : 1790953200, 
        "Timestamp" : 1790953200000, 
        "Shape__Area" : 237316399.734375, 
        "Shape__Length" : 74358.561955639627
      }
    }, 
    {
      "type" : "Feature", 
      "id" : 20, 
      "geometry" : 
      {
        "type" : "Polygon", 
        "coordinates" : 
        [
          [
            [-63.0398394170554, 46.0957956844234], 
            [-63.09653267884, 46.1291335526714], 
            [-63.1186110350711, 46.1529565936719], 
            [-63.1815995511783, 46.0849768402091], 
            [-63.3441070449041, 46.1291335526714], 
            [-63.5007869317714, 46.1749989770212], 
            [-63.6745449442937, 46.1987500722581], 
            [-63.7708623354284, 46.2650211138334], 
            [-63.8392377905915, 46.3091778262958], 
            [-63.8608844722405, 46.355052243866], 
            [-64.175179540903, 46.3801613153925], 
            [-64.1768612731292, 46.4225103905422], 
            [-64.1329923437216, 46.5054098967494], 
            [-64.1303213572448, 46.5728590502051], 
            [-64.4452999106623, 46.6063767828623], 
            [-64.4496436361449, 46.7159142080743], 
            [-64.3317964752271, 46.8251008976883], 
            [-64.2081486871122, 46.9585512961055], 
            [-64.1467609642471, 46.9875274524301], 
            [-63.9878237790441, 47.0968940064533], 
            [-63.9483255547805, 47.0496436261525], 
            [-63.9517879446578, 46.9622834825967], 
            [-63.9483885073237, 46.8765960780466], 
            [-63.9959176774588, 46.7867627988642], 
            [-63.8430689025078, 46.6721801769737], 
            [-63.68169455456, 46.6017542675455], 
            [-63.5102477996961, 46.5609160534332], 
            [-63.4341291817163, 46.5342421615466], 
            [-63.2982326273339, 46.5125954798976], 
            [-63.2078687481442, 46.4504163536319], 
            [-63.0082012674745, 46.442493326406], 
            [-62.7805918508332, 46.4667210623272], 
            [-62.5220907219092, 46.5117321307333], 
            [-61.9262179206205, 46.4873605032847], 
            [-61.9633779075643, 46.4133103260108], 
            [-62.1504189067071, 46.331687857109], 
            [-62.301801786723, 46.2956250430614], 
            [-62.3538365603089, 46.2200100454273], 
            [-62.3863380590541, 46.1511399631389], 
            [-62.4222839612357, 46.1525608919717], 
            [-62.4200356561206, 46.0957956844234], 
            [-62.4218163137718, 46.0507846160173], 
            [-62.4190553950904, 45.9811411167692], 
            [-62.5542234986155, 45.9337648313819], 
            [-62.7731724439531, 45.9250863736373], 
            [-62.8717651198643, 45.9562928486362], 
            [-62.960645117678, 46.0174557409898], 
            [-63.0949408788184, 46.0430954125234], 
            [-63.0506672544901, 46.0841134910448], 
            [-63.0398394170554, 46.0957956844234]
          ], 
          [
            [-62.9896212740025, 46.1066055354172], 
            [-63.0108003081876, 46.1487837393781], 
            [-63.0398394170554, 46.0957956844234], 
            [-62.9896212740025, 46.1066055354172]
          ]
        ]
      }, 
      "properties" : {
        "OBJECTID" : 20, 
        "Id" : 20, 
        "gridcode" : 1, 
        "Unixtime" : 1790953200, 
        "Timestamp" : 1790953200000, 
        "Shape__Area" : 17274665559.972656, 
        "Shape__Length" : 848714.19933822076
      }
    }, 
    {
      "type" : "Feature", 
      "id" : 21, 
      "geometry" : 
      {
        "type" : "Polygon", 
        "coordinates" : 
        [
          [
            [-62.6347308081802, 45.7807182055808], 
            [-62.6150446485916, 45.8574213828906], 
            [-62.4679965008378, 45.8364132198943], 
            [-62.5033128775872, 45.7903139718125], 
            [-62.6347308081802, 45.7807182055808]
          ]
        ]
      }, 
      "properties" : {
        "OBJECTID" : 21, 
        "Id" : 21, 
        "gridcode" : 1, 
        "Unixtime" : 1790953200, 
        "Timestamp" : 1790953200000, 
        "Shape__Area" : 154799387.72265625, 
        "Shape__Length" : 52212.124598305687
      }
    }, 
    {
      "type" : "Feature", 
      "id" : 22, 
      "geometry" : 
      {
        "type" : "Polygon", 
        "coordinates" : 
        [
          [
            [-121.465636130203, 45.6906870755482], 
            [-121.542339307513, 45.743657144062], 
            [-121.465878947156, 45.8044063482744], 
            [-121.428458156818, 45.7469396695302], 
            [-121.465636130203, 45.6906870755482]
          ]
        ]
      }, 
      "properties" : {
        "OBJECTID" : 22, 
        "Id" : 22, 
        "gridcode" : 2, 
        "Unixtime" : 1790953200, 
        "Timestamp" : 1790953200000, 
        "Shape__Area" : 114995588.46875, 
        "Shape__Length" : 44862.704964640216
      }
    }, 
    {
      "type" : "Feature", 
      "id" : 23, 
      "geometry" : 
      {
        "type" : "Polygon", 
        "coordinates" : 
        [
          [
            [-122.410886553172, 45.3981106342984], 
            [-122.530937053102, 45.4131293124679], 
            [-122.542853070213, 45.5088801307135], 
            [-122.463317028458, 45.6081922642617], 
            [-122.410571790456, 45.614757315198], 
            [-122.310854961987, 45.5727409892054], 
            [-122.330873870732, 45.4981422254834], 
            [-122.410886553172, 45.3981106342984]
          ]
        ]
      }, 
      "properties" : {
        "OBJECTID" : 23, 
        "Id" : 23, 
        "gridcode" : 2, 
        "Unixtime" : 1790953200, 
        "Timestamp" : 1790953200000, 
        "Shape__Area" : 620990798.765625, 
        "Shape__Length" : 96116.603937781154
      }
    }, 
    {
      "type" : "Feature", 
      "id" : 24, 
      "geometry" : 
      {
        "type" : "Polygon", 
        "coordinates" : 
        [
          [
            [-118.112226098356, 45.1730462990475], 
            [-118.231584120311, 45.1958351196951], 
            [-118.280597171822, 45.3356617114189], 
            [-118.160177949852, 45.4764505777321], 
            [-118.012824032603, 45.4229589024315], 
            [-118.006852534217, 45.2723314529343], 
            [-118.101398260921, 45.1847284924261], 
            [-118.112226098356, 45.1730462990475]
          ]
        ]
      }, 
      "properties" : {
        "OBJECTID" : 24, 
        "Id" : 24, 
        "gridcode" : 2, 
        "Unixtime" : 1790953200, 
        "Timestamp" : 1790953200000, 
        "Shape__Area" : 1033781255.4296875, 
        "Shape__Length" : 124516.55597406655
      }
    }, 
    {
      "type" : "Feature", 
      "id" : 25, 
      "geometry" : 
      {
        "type" : "Polygon", 
        "coordinates" : 
        [
          [
            [-110.887774251381, 45.0380130938293], 
            [-111.156077990607, 45.0515658770636], 
            [-111.364837617162, 45.1742963566916], 
            [-111.505158836011, 45.4034795869135], 
            [-111.542849422962, 45.6199014373016], 
            [-111.495617029103, 45.8181839620203], 
            [-111.399686346448, 45.9667429708115], 
            [-111.206934652312, 46.123602722088], 
            [-111.005540473314, 46.1941905094845], 
            [-110.867161790084, 46.1996763739656], 
            [-110.67988696721, 46.1550700004802], 
            [-110.485570452714, 45.9750257268559], 
            [-110.429398797716, 45.8688787457576], 
            [-110.381815668258, 45.6872696517731], 
            [-110.410620953394, 45.4666389742094], 
            [-110.486622659508, 45.3055973754186], 
            [-110.609919712025, 45.1725246922608], 
            [-110.790053917854, 45.0772055485972], 
            [-110.876946413946, 45.0496952872078], 
            [-110.887774251381, 45.0380130938293]
          ]
        ]
      }, 
      "properties" : {
        "OBJECTID" : 25, 
        "Id" : 25, 
        "gridcode" : 2, 
        "Unixtime" : 1790953200, 
        "Timestamp" : 1790953200000, 
        "Shape__Area" : 18372890039.992188, 
        "Shape__Length" : 496841.27788355661
      }
    }, 
    {
      "type" : "Feature", 
      "id" : 26, 
      "geometry" : 
      {
        "type" : "Polygon", 
        "coordinates" : 
        [
          [
            [-66.5958037533405, 45.0605231246425], 
            [-66.6536031812417, 45.3368038504174], 
            [-66.6498350218687, 45.4320420550969], 
            [-66.2805284236478, 45.735518279545], 
            [-65.9716202940413, 46.1114348948046], 
            [-65.8777760385333, 46.1557175123534], 
            [-65.7362587213628, 46.1501057427859], 
            [-65.5602973698277, 46.0069066933893], 
            [-65.3780767368519, 45.7247264149921], 
            [-65.3089008850677, 45.5781459147023], 
            [-65.2904467966823, 45.4431217027045], 
            [-65.3038646816097, 45.4281030245351], 
            [-65.4013332049634, 45.3833707459632], 
            [-65.5261321252973, 45.2961994600371], 
            [-65.6293113436435, 45.2643364799447], 
            [-65.7286864297349, 45.2286783608177], 
            [-65.7974665798187, 45.20744536731], 
            [-65.9229220052463, 45.1624342989039], 
            [-66.0000208842563, 45.1836672924117], 
            [-66.0444473933325, 45.2078050961284], 
            [-66.1889864325777, 45.1184574508508], 
            [-66.3151073563194, 45.0949131996845], 
            [-66.476517677149, 45.0277788089449], 
            [-66.527635142248, 45.0849756910754], 
            [-66.5958037533405, 45.0605231246425]
          ]
        ]
      }, 
      "properties" : {
        "OBJECTID" : 26, 
        "Id" : 26, 
        "gridcode" : 2, 
        "Unixtime" : 1790953200, 
        "Timestamp" : 1790953200000, 
        "Shape__Area" : 16040905142.332031, 
        "Shape__Length" : 521871.35568924015
      }
    }, 
    {
      "type" : "Feature", 
      "id" : 27, 
      "geometry" : 
      {
        "type" : "Polygon", 
        "coordinates" : 
        [
          [
            [-66.7308369585587, 44.5428823481419], 
            [-66.7891669864672, 44.5520734194528], 
            [-66.8539991127688, 44.579304891008], 
            [-66.9384724325566, 44.5603651687176], 
            [-66.9526457480028, 44.6235785153363], 
            [-66.8582708924876, 44.7972376024335], 
            [-66.7576187690909, 44.8395147318195], 
            [-66.6792968120981, 44.7384669067225], 
            [-66.6317406623016, 44.6252332679011], 
            [-66.712454815937, 44.5695112739262], 
            [-66.7308369585587, 44.5428823481419]
          ]
        ]
      }, 
      "properties" : {
        "OBJECTID" : 27, 
        "Id" : 27, 
        "gridcode" : 1, 
        "Unixtime" : 1790953200, 
        "Timestamp" : 1790953200000, 
        "Shape__Area" : 1046768806.1679688, 
        "Shape__Length" : 130816.75088607866
      }
    }, 
    {
      "type" : "Feature", 
      "id" : 28, 
      "geometry" : 
      {
        "type" : "Polygon", 
        "coordinates" : 
        [
          [
            [-97.4066310112121, 44.4753612489226], 
            [-97.7566561447652, 44.4890759101252], 
            [-97.8668770547323, 44.5949710810506], 
            [-97.8972561534487, 44.743278279669], 
            [-97.8567956545957, 44.9505090587461], 
            [-97.7142621035132, 45.3341148774997], 
            [-97.4768230969083, 45.7770040055305], 
            [-97.376179966732, 45.8817660306779], 
            [-97.09351405443, 45.8430592098148], 
            [-96.9109067129744, 45.7544669950559], 
            [-96.5546582708624, 45.4903810762258], 
            [-96.4728559375514, 45.4117893226192], 
            [-96.5459078673541, 45.0753709316233], 
            [-96.6493029229915, 44.9176658176235], 
            [-96.9073364044514, 44.6872235365371], 
            [-97.1547578857678, 44.5597626229468], 
            [-97.2376124258727, 44.5313980056135], 
            [-97.3956053229273, 44.4868365982305], 
            [-97.4066310112121, 44.4753612489226]
          ]
        ]
      }, 
      "properties" : {
        "OBJECTID" : 28, 
        "Id" : 28, 
        "gridcode" : 2, 
        "Unixtime" : 1790953200, 
        "Timestamp" : 1790953200000, 
        "Shape__Area" : 24024381586.519531, 
        "Shape__Length" : 596587.72330011183
      }
    }, 
    {
      "type" : "Feature", 
      "id" : 29, 
      "geometry" : 
      {
        "type" : "Polygon", 
        "coordinates" : 
        [
          [
            [-65.3804779267149, 44.9254809262039], 
            [-65.3696500892801, 44.5762112231695], 
            [-65.3407728583807, 44.2991390939941], 
            [-65.7156282736258, 44.3346353351526], 
            [-66.168185113652, 44.2953169752982], 
            [-66.1812882358633, 44.3724608204106], 
            [-66.2582072504642, 44.2728069444849], 
            [-66.4024405202138, 44.2369869473898], 
            [-66.4157504864957, 44.2277958760789], 
            [-66.4407156664947, 44.2517807950477], 
            [-66.3336873497913, 44.3311189859525], 
            [-66.2569032334974, 44.4110417361872], 
            [-66.052127603606, 44.5854832334645], 
            [-65.9316454290932, 44.643930173239], 
            [-65.6845297172726, 44.7794220327007], 
            [-65.3804779267149, 44.9254809262039]
          ], 
          [
            [-66.0781629768398, 44.4078401497032], 
            [-66.0858611735542, 44.4340284076849], 
            [-66.1057811568749, 44.4159610277793], 
            [-66.0781629768398, 44.4078401497032]
          ]
        ]
      }, 
      "properties" : {
        "OBJECTID" : 29, 
        "Id" : 29, 
        "gridcode" : 2, 
        "Unixtime" : 1790953200, 
        "Timestamp" : 1790953200000, 
        "Shape__Area" : 6169217452.5585938, 
        "Shape__Length" : 415126.66530884971
      }
    }, 
    {
      "type" : "Feature", 
      "id" : 30, 
      "geometry" : 
      {
        "type" : "Polygon", 
        "coordinates" : 
        [
          [
            [-66.4157504864957, 44.2277958760789], 
            [-66.4024405202138, 44.2369869473898], 
            [-66.2582072504642, 44.2728069444849], 
            [-66.2873183050957, 44.2273372218354], 
            [-66.3959204353797, 44.1968142315916], 
            [-66.4157504864957, 44.2277958760789]
          ]
        ]
      }, 
      "properties" : {
        "OBJECTID" : 30, 
        "Id" : 30, 
        "gridcode" : 1, 
        "Unixtime" : 1790953200, 
        "Timestamp" : 1790953200000, 
        "Shape__Area" : 92286803.51953125, 
        "Shape__Length" : 45105.201220103561
      }
    }, 
    {
      "type" : "Feature", 
      "id" : 31, 
      "geometry" : 
      {
        "type" : "Polygon", 
        "coordinates" : 
        [
          [
            [-68.8239011021541, 43.7551661679843], 
            [-68.8826358249833, 43.7639525443745], 
            [-68.9002085777636, 43.7913908600003], 
            [-68.9452196461697, 43.820214131577], 
            [-68.916261476286, 43.9210910854853], 
            [-68.8126505833577, 43.8919710376334], 
            [-68.7088148599178, 43.921145044808], 
            [-68.6937961817483, 43.8677073288303], 
            [-68.7451294841383, 43.8532822032112], 
            [-68.7812102846269, 43.8634175626705], 
            [-68.8151237189844, 43.8139008908135], 
            [-68.8239011021541, 43.7551661679843]
          ]
        ]
      }, 
      "properties" : {
        "OBJECTID" : 31, 
        "Id" : 31, 
        "gridcode" : 1, 
        "Unixtime" : 1790953200, 
        "Timestamp" : 1790953200000, 
        "Shape__Area" : 372669349.6171875, 
        "Shape__Length" : 95229.682972250972
      }
    }, 
    {
      "type" : "Feature", 
      "id" : 32, 
      "geometry" : 
      {
        "type" : "Polygon", 
        "coordinates" : 
        [
          [
            [-65.9881408400277, 43.5301018327335], 
            [-66.0157590200627, 43.5382227108095], 
            [-65.9958390367421, 43.5562900907152], 
            [-65.9881408400277, 43.5301018327335]
          ]
        ]
      }, 
      "properties" : {
        "OBJECTID" : 32, 
        "Id" : 32, 
        "gridcode" : 1, 
        "Unixtime" : 1790953200, 
        "Timestamp" : 1790953200000, 
        "Shape__Area" : 5648178.1328125, 
        "Shape__Length" : 10981.911489251712
      }
    }, 
    {
      "type" : "Feature", 
      "id" : 33, 
      "geometry" : 
      {
        "type" : "Polygon", 
        "coordinates" : 
        [
          [
            [-116.581813799667, 43.4400796959213], 
            [-116.677645556897, 43.4660611098324], 
            [-116.726451764337, 43.5874695860526], 
            [-116.635035678354, 43.6972498282171], 
            [-116.507026178315, 43.6600808480528], 
            [-116.47646721519, 43.5574052500523], 
            [-116.507790602055, 43.4785886659343], 
            [-116.572209040215, 43.4529849672825], 
            [-116.581813799667, 43.4400796959213]
          ]
        ]
      }, 
      "properties" : {
        "OBJECTID" : 33, 
        "Id" : 33, 
        "gridcode" : 2, 
        "Unixtime" : 1790953200, 
        "Timestamp" : 1790953200000, 
        "Shape__Area" : 761986046.90625, 
        "Shape__Length" : 105040.11704302128
      }
    }, 
    {
      "type" : "Feature", 
      "id" : 34, 
      "geometry" : 
      {
        "type" : "Polygon", 
        "coordinates" : 
        [
          [
            [-71.0294974133749, 42.6298624781709], 
            [-71.1734249136288, 42.6421472173203], 
            [-71.2426727111766, 42.7695901444697], 
            [-71.162165401612, 42.9899330389786], 
            [-71.1127026890778, 43.0452863109146], 
            [-71.0666304206573, 43.0480382363756], 
            [-70.9240698899134, 42.9206672549899], 
            [-70.8388321463864, 42.763798510493], 
            [-70.9416786155756, 42.6771848042354], 
            [-71.0188854132311, 42.6417515156201], 
            [-71.0294974133749, 42.6298624781709]
          ]
        ]
      }, 
      "properties" : {
        "OBJECTID" : 34, 
        "Id" : 34, 
        "gridcode" : 1, 
        "Unixtime" : 1790953200, 
        "Timestamp" : 1790953200000, 
        "Shape__Area" : 1847082732.2695313, 
        "Shape__Length" : 167168.37125193543
      }
    }, 
    {
      "type" : "Feature", 
      "id" : 35, 
      "geometry" : 
      {
        "type" : "Polygon", 
        "coordinates" : 
        [
          [
            [-71.0745174750014, 42.247263900109], 
            [-71.1740184661792, 42.2594227341719], 
            [-71.213714541293, 42.3252351215037], 
            [-71.1621024490687, 42.3920997156295], 
            [-71.06785349864, 42.3683396271721], 
            [-71.0615852239789, 42.3259545791406], 
            [-71.0745174750014, 42.247263900109]
          ]
        ]
      }, 
      "properties" : {
        "OBJECTID" : 35, 
        "Id" : 35, 
        "gridcode" : 1, 
        "Unixtime" : 1790953200, 
        "Timestamp" : 1790953200000, 
        "Shape__Area" : 268217139.79296875, 
        "Shape__Length" : 63103.876276655821
      }
    }, 
    {
      "type" : "Feature", 
      "id" : 36, 
      "geometry" : 
      {
        "type" : "Polygon", 
        "coordinates" : 
        [
          [
            [-122.050789012703, 42.1347317324836], 
            [-122.168887983793, 42.2028194045919], 
            [-122.263757466434, 42.4280995771339], 
            [-122.237110554209, 42.5289495513808], 
            [-122.17525518388, 42.600742430319], 
            [-121.973789059118, 42.7435907441176], 
            [-121.703533791052, 42.8428309319021], 
            [-121.45873833011, 42.8179556841076], 
            [-121.310341199287, 42.7031482317056], 
            [-121.208385058923, 42.5593556297586], 
            [-121.197242458772, 42.4207161431356], 
            [-121.273495975059, 42.3927112546208], 
            [-121.699576774049, 42.370893701783], 
            [-121.867012552587, 42.296178026195], 
            [-122.040374863409, 42.1468186207828], 
            [-122.050789012703, 42.1347317324836]
          ]
        ]
      }, 
      "properties" : {
        "OBJECTID" : 36, 
        "Id" : 36, 
        "gridcode" : 2, 
        "Unixtime" : 1790953200, 
        "Timestamp" : 1790953200000, 
        "Shape__Area" : 7469216225.7851563, 
        "Shape__Length" : 352904.506867174
      }
    }, 
    {
      "type" : "Feature", 
      "id" : 37, 
      "geometry" : 
      {
        "type" : "Polygon", 
        "coordinates" : 
        [
          [
            [-72.4473865376585, 42.1122217016703], 
            [-72.5297734302995, 42.1351634070657], 
            [-72.7497655892105, 42.2252035303188], 
            [-72.7212211074681, 42.3413329861285], 
            [-72.5428765525108, 42.3676831220785], 
            [-72.4704001888176, 42.2699268156701], 
            [-72.4341934832426, 42.1457664139889], 
            [-72.4473865376585, 42.1122217016703]
          ]
        ]
      }, 
      "properties" : {
        "OBJECTID" : 37, 
        "Id" : 37, 
        "gridcode" : 1, 
        "Unixtime" : 1790953200, 
        "Timestamp" : 1790953200000, 
        "Shape__Area" : 843892306.65234375, 
        "Shape__Length" : 116897.81253090307
      }
    }, 
    {
      "type" : "Feature", 
      "id" : 38, 
      "geometry" : 
      {
        "type" : "Polygon", 
        "coordinates" : 
        [
          [
            [-70.061736959593, 42.0672106332642], 
            [-70.0769444953921, 41.9776831235774], 
            [-70.106748027999, 41.9546784656388], 
            [-70.1230887095762, 42.016614774952], 
            [-70.2235519753433, 41.9967577441747], 
            [-70.2511881418192, 42.0353116802899], 
            [-70.2956955898795, 42.0672106332642], 
            [-70.2228055380451, 42.1194522509207], 
            [-70.0787881055866, 42.0909977013829], 
            [-70.061736959593, 42.0672106332642]
          ]
        ]
      }, 
      "properties" : {
        "OBJECTID" : 38, 
        "Id" : 38, 
        "gridcode" : 2, 
        "Unixtime" : 1790953200, 
        "Timestamp" : 1790953200000, 
        "Shape__Area" : 347305296.51953125, 
        "Shape__Length" : 84672.317926313379
      }
    }, 
    {
      "type" : "Feature", 
      "id" : 39, 
      "geometry" : 
      {
        "type" : "Polygon", 
        "coordinates" : 
        [
          [
            [-115.20894473701, 42.1347317324836], 
            [-115.198062940252, 42.4236659194467], 
            [-115.146405881926, 42.6165075457867], 
            [-115.045465975474, 42.7797884564721], 
            [-114.925604333173, 42.8868797257189], 
            [-114.695746611417, 42.9752471099662], 
            [-114.329263884421, 42.953402577467], 
            [-114.086662769271, 42.8524986438974], 
            [-113.92931738409, 42.7234009641832], 
            [-113.843036426989, 42.5877292403123], 
            [-113.793393850046, 42.3743740781013], 
            [-113.802980623057, 42.2135033504993], 
            [-113.800570439974, 42.1730428516463], 
            [-113.832244562437, 42.0247806191304], 
            [-113.903587780352, 41.8421462980133], 
            [-113.920090339897, 41.8229907384319], 
            [-114.29274241613, 41.7417100119076], 
            [-114.588745274375, 41.764085144414], 
            [-114.827632189474, 41.8360039284386], 
            [-115.008701690231, 41.9403972315471], 
            [-115.136027705514, 42.0500965347274], 
            [-115.20894473701, 42.1347317324836]
          ]
        ]
      }, 
      "properties" : {
        "OBJECTID" : 39, 
        "Id" : 39, 
        "gridcode" : 2, 
        "Unixtime" : 1790953200, 
        "Timestamp" : 1790953200000, 
        "Shape__Area" : 23631367912.519531, 
        "Shape__Length" : 555865.25935663225
      }
    }, 
    {
      "type" : "Feature", 
      "id" : 40, 
      "geometry" : 
      {
        "type" : "Polygon", 
        "coordinates" : 
        [
          [
            [-73.2576037554089, 41.6170909559829], 
            [-73.4483949274838, 41.6308775629492], 
            [-73.6679823914741, 41.7316645846529], 
            [-73.8083665628665, 41.9900038356086], 
            [-73.7712695284659, 42.1063131558275], 
            [-73.6179261263895, 42.1896353433964], 
            [-73.4781445007681, 42.1979720587636], 
            [-73.0484304407122, 42.1339942884057], 
            [-72.9994173892011, 41.9973962628274], 
            [-73.0523334983922, 41.8052920805651], 
            [-73.2363617686806, 41.6408600376607], 
            [-73.2576037554089, 41.6170909559829]
          ]
        ]
      }, 
      "properties" : {
        "OBJECTID" : 40, 
        "Id" : 40, 
        "gridcode" : 1, 
        "Unixtime" : 1790953200, 
        "Timestamp" : 1790953200000, 
        "Shape__Area" : 5853545750.5664063, 
        "Shape__Length" : 281907.81772200664
      }
    }, 
    {
      "type" : "Feature", 
      "id" : 41, 
      "geometry" : 
      {
        "type" : "Polygon", 
        "coordinates" : 
        [
          [
            [-70.2417902264377, 41.5945809251696], 
            [-70.2342269280302, 41.6320376883887], 
            [-70.1818324256259, 41.7371774287954], 
            [-70.1742691272184, 41.7746341920144], 
            [-70.1615706999278, 41.7844368023166], 
            [-70.0294333116979, 41.8172080976756], 
            [-70.0962529397214, 41.8687932102386], 
            [-70.106748027999, 41.9546784656388], 
            [-70.0769444953921, 41.9776831235774], 
            [-70.061736959593, 42.0672106332642], 
            [-69.9883163077513, 42.0145823071278], 
            [-69.9256605408012, 41.915899699012], 
            [-69.8822322791963, 41.6983896689481], 
            [-69.9398158698065, 41.6076930406014], 
            [-69.9623978463835, 41.5221045614764], 
            [-70.0245679794286, 41.5098108291066], 
            [-70.0346493795652, 41.5608203755599], 
            [-70.0178050776422, 41.6460850987484], 
            [-70.2286781110059, 41.6039788405511], 
            [-70.2417902264377, 41.5945809251696]
          ]
        ]
      }, 
      "properties" : {
        "OBJECTID" : 41, 
        "Id" : 41, 
        "gridcode" : 1, 
        "Unixtime" : 1790953200, 
        "Timestamp" : 1790953200000, 
        "Shape__Area" : 1578686210.3476563, 
        "Shape__Length" : 229918.88210360578
      }
    }, 
    {
      "type" : "Feature", 
      "id" : 42, 
      "geometry" : 
      {
        "type" : "Polygon", 
        "coordinates" : 
        [
          [
            [-113.138381631007, 41.4145366515453], 
            [-113.280978134633, 41.4229902787784], 
            [-113.261957473359, 41.4877594525368], 
            [-113.145944929415, 41.4294833839511], 
            [-113.138381631007, 41.4145366515453]
          ]
        ]
      }, 
      "properties" : {
        "OBJECTID" : 42, 
        "Id" : 42, 
        "gridcode" : 2, 
        "Unixtime" : 1790953200, 
        "Timestamp" : 1790953200000, 
        "Shape__Area" : 88367014.015625, 
        "Shape__Length" : 43694.163614561243
      }
    }, 
    {
      "type" : "Feature", 
      "id" : 43, 
      "geometry" : 
      {
        "type" : "Polygon", 
        "coordinates" : 
        [
          [
            [-112.598239816914, 41.2794944531066], 
            [-112.627063088491, 41.2907539651235], 
            [-112.598239816914, 41.3020044839199], 
            [-112.598239816914, 41.2794944531066]
          ]
        ]
      }, 
      "properties" : {
        "OBJECTID" : 43, 
        "Id" : 43, 
        "gridcode" : 2, 
        "Unixtime" : 1790953200, 
        "Timestamp" : 1790953200000, 
        "Shape__Area" : 5350292.82421875, 
        "Shape__Length" : 10567.013802968457
      }
    }, 
    {
      "type" : "Feature", 
      "id" : 44, 
      "geometry" : 
      {
        "type" : "Polygon", 
        "coordinates" : 
        [
          [
            [-112.598239816914, 41.2794944531066], 
            [-112.598239816914, 41.3020044839199], 
            [-112.569407552117, 41.2907539651235], 
            [-112.598239816914, 41.2794944531066]
          ]
        ]
      }, 
      "properties" : {
        "OBJECTID" : 44, 
        "Id" : 44, 
        "gridcode" : 1, 
        "Unixtime" : 1790953200, 
        "Timestamp" : 1790953200000, 
        "Shape__Area" : 5351962.171875, 
        "Shape__Length" : 10568.790505854566
      }
    }, 
    {
      "type" : "Feature", 
      "id" : 45, 
      "geometry" : 
      {
        "type" : "Polygon", 
        "coordinates" : 
        [
          [
            [-70.8269431089373, 41.392026620732], 
            [-70.977561565214, 41.4022429191755], 
            [-70.9684424396668, 41.4755916252534], 
            [-71.0407569253917, 41.4665984047926], 
            [-71.0864065124505, 41.4722821201238], 
            [-71.1746569848319, 41.4383506993254], 
            [-71.2666216572636, 41.4497900757515], 
            [-71.3178740206695, 41.4196627872079], 
            [-71.3875175199175, 41.4283322517321], 
            [-71.465326863344, 41.3311694978741], 
            [-71.5921492582816, 41.3470155523259], 
            [-71.5813304140673, 41.4262188449238], 
            [-71.54059112538, 41.6209220678992], 
            [-71.6222675536047, 41.7752727106671], 
            [-71.7163636192855, 41.8979852038541], 
            [-71.7605203317478, 41.9737710726769], 
            [-71.6479881641224, 42.078038470699], 
            [-71.6263414824734, 42.101402857456], 
            [-71.2791492133654, 42.1251899255747], 
            [-71.2212328735982, 42.2655201376443], 
            [-71.2917217355696, 42.398727719109], 
            [-71.5508433967053, 42.4709612658498], 
            [-71.6296240079416, 42.5559831720858], 
            [-71.6027072991025, 43.0735160299409], 
            [-71.520212487816, 43.1499404174164], 
            [-71.1349519164977, 43.1868575874078], 
            [-70.8963797641148, 43.5121243850325], 
            [-70.8512877567246, 43.607659365987], 
            [-70.8613511704201, 43.8613761016259], 
            [-70.9275053001294, 43.9864088456917], 
            [-71.0411796067534, 44.1260915458882], 
            [-71.1461484759713, 44.2691916698598], 
            [-71.1753584560279, 44.4118331395878], 
            [-71.1043479872698, 44.5847278029458], 
            [-70.9279819408139, 44.8147204230092], 
            [-70.7035741106566, 44.9991174153365], 
            [-70.4158180355738, 45.1349240375144], 
            [-70.0168338098324, 45.161364105669], 
            [-69.7443662095329, 45.1139248677385], 
            [-69.5951956617503, 44.9995311034778], 
            [-69.4103040422976, 44.7132139436686], 
            [-69.1975963919598, 44.262500713837], 
            [-69.093976505811, 43.9352194348291], 
            [-69.1483405234963, 43.9556430384955], 
            [-69.1942149410666, 43.900415671646], 
            [-69.2413124366196, 43.8799920679796], 
            [-69.277995782879, 43.8358263622969], 
            [-69.3614978348571, 43.827318775741], 
            [-69.4433721139318, 43.8580845829372], 
            [-69.4642903447236, 43.8328945724266], 
            [-69.5338888778693, 43.7899699311675], 
            [-69.5582155392157, 43.7338792151538], 
            [-69.7119456497718, 43.7495543984168], 
            [-69.7404091925301, 43.6839128822738], 
            [-69.8366816175625, 43.6741012787511], 
            [-70.0373113728215, 43.6945518620789], 
            [-70.0894180921712, 43.6318241493651], 
            [-70.1664899915198, 43.6092061999063], 
            [-70.1599249405835, 43.544769775305], 
            [-70.2069864632546, 43.5178081003636], 
            [-70.299589654339, 43.4776533710063], 
            [-70.2964600136187, 43.4469415231329], 
            [-70.3441060956197, 43.4073623598851], 
            [-70.4096756659991, 43.328428863901], 
            [-70.5426224440705, 43.2894162735423], 
            [-70.5467683187029, 43.2487759102801], 
            [-70.5407698406556, 43.1899782349077], 
            [-70.6426720216964, 43.0571843415842], 
            [-70.6884834867235, 43.0191250325943], 
            [-70.7871840812803, 42.8819784205677], 
            [-70.7343668975142, 42.7020150859275], 
            [-70.601285221136, 42.7155768623824], 
            [-70.5475057627806, 42.6709075363538], 
            [-70.5428382813615, 42.6251140577676], 
            [-70.6346051029431, 42.572557677395], 
            [-70.7699260912161, 42.5138679206681], 
            [-70.8146493765674, 42.4600255097695], 
            [-70.8617468721204, 42.4396019061032], 
            [-70.8719541773434, 42.40479814292], 
            [-70.8356845192251, 42.3768022476257], 
            [-70.8465123566598, 42.3035254873115], 
            [-70.7467235824273, 42.2824633649924], 
            [-70.7173157515206, 42.2443590899002], 
            [-70.6792114764284, 42.2149512589935], 
            [-70.6595972626035, 42.1670353803786], 
            [-70.6116903772091, 42.102419091368], 
            [-70.5920851566046, 42.0545122059736], 
            [-70.5663375664255, 42.0118213884464], 
            [-70.5706363258057, 41.9826743609331], 
            [-70.5001654502752, 41.9282833635864], 
            [-70.4772597177617, 41.7934480092183], 
            [-70.2944904983378, 41.7548850798826], 
            [-70.1742691272184, 41.7746341920144], 
            [-70.1818324256259, 41.7371774287954], 
            [-70.2342269280302, 41.6320376883887], 
            [-70.2417902264377, 41.5945809251696], 
            [-70.2748942709538, 41.5809741826125], 
            [-70.3578117636019, 41.597359830292], 
            [-70.4537424462569, 41.5364577413318], 
            [-70.5996124821303, 41.5166996359795], 
            [-70.5349512270175, 41.4917614356418], 
            [-70.5024677147132, 41.4464356045196], 
            [-70.4124365846806, 41.4226845092828], 
            [-70.4312324154436, 41.3339034368942], 
            [-70.7184309108578, 41.3141902976442], 
            [-70.7801873557618, 41.2280262524097], 
            [-70.8274197496217, 41.2186912895714], 
            [-70.8808574655995, 41.2569934155138], 
            [-70.8347222446358, 41.2900524939275], 
            [-70.8740046316084, 41.3519258506975], 
            [-70.8363410243188, 41.3789145053003], 
            [-70.8269431089373, 41.392026620732]
          ], 
          [
            [-71.0294974133749, 42.6298624781709], 
            [-71.0188854132311, 42.6417515156201], 
            [-70.9416786155756, 42.6771848042354], 
            [-70.8388321463864, 42.763798510493], 
            [-70.9240698899134, 42.9206672549899], 
            [-71.0666304206573, 43.0480382363756], 
            [-71.1127026890778, 43.0452863109146], 
            [-71.162165401612, 42.9899330389786], 
            [-71.2426727111766, 42.7695901444697], 
            [-71.1734249136288, 42.6421472173203], 
            [-71.0294974133749, 42.6298624781709]
          ], 
          [
            [-70.898142435325, 42.3970999462056], 
            [-70.8800750554194, 42.3771799628851], 
            [-70.8719541773434, 42.40479814292], 
            [-70.898142435325, 42.3970999462056]
          ], 
          [
            [-71.0745174750014, 42.247263900109], 
            [-71.0615852239789, 42.3259545791406], 
            [-71.06785349864, 42.3683396271721], 
            [-71.1621024490687, 42.3920997156295], 
            [-71.213714541293, 42.3252351215037], 
            [-71.1740184661792, 42.2594227341719], 
            [-71.0745174750014, 42.247263900109]
          ], 
          [
            [-70.8719541773434, 41.4595477199514], 
            [-70.8627631060324, 41.4728576862333], 
            [-70.8136331426554, 41.4912488220755], 
            [-70.7502399316275, 41.5403787854527], 
            [-70.6847692866732, 41.5648763179877], 
            [-70.7056875174649, 41.6487920581071], 
            [-70.8136331426554, 41.5587609280744], 
            [-70.8852731368457, 41.5403787854527], 
            [-70.9468766970019, 41.5002600289773], 
            [-70.8719541773434, 41.4595477199514]
          ], 
          [
            [-70.7332427449567, 41.4222348482597], 
            [-70.7513101248623, 41.4421548315803], 
            [-70.7594310029384, 41.4145366515453], 
            [-70.7332427449567, 41.4222348482597]
          ], 
          [
            [-70.7594310029384, 41.392026620732], 
            [-70.7594310029384, 41.4145366515453], 
            [-70.8269431089373, 41.4145366515453], 
            [-70.8269431089373, 41.392026620732], 
            [-70.7594310029384, 41.392026620732]
          ]
        ]
      }, 
      "properties" : {
        "OBJECTID" : 45, 
        "Id" : 45, 
        "gridcode" : 2, 
        "Unixtime" : 1790953200, 
        "Timestamp" : 1790953200000, 
        "Shape__Area" : 71797854981.046875, 
        "Shape__Length" : 2233464.4653428365
      }
    }, 
    {
      "type" : "Feature", 
      "id" : 46, 
      "geometry" : 
      {
        "type" : "Polygon", 
        "coordinates" : 
        [
          [
            [-69.9492047919675, 41.2119823471077], 
            [-70.1990004834855, 41.2260837167902], 
            [-70.3651412382775, 41.3333638436665], 
            [-70.2989781153477, 41.3713242272314], 
            [-70.190052229127, 41.3136866772984], 
            [-70.0725288241459, 41.3578523829812], 
            [-70.0752088038432, 41.4253554957596], 
            [-69.9856992805973, 41.3846971460565], 
            [-69.9273332798069, 41.2743952971053], 
            [-69.9492047919675, 41.2119823471077]
          ]
        ]
      }, 
      "properties" : {
        "OBJECTID" : 46, 
        "Id" : 46, 
        "gridcode" : 1, 
        "Unixtime" : 1790953200, 
        "Timestamp" : 1790953200000, 
        "Shape__Area" : 791929047.421875, 
        "Shape__Length" : 139824.503810915
      }
    }, 
    {
      "type" : "Feature", 
      "id" : 47, 
      "geometry" : 
      {
        "type" : "Polygon", 
        "coordinates" : 
        [
          [
            [-71.5246371522827, 41.1219512170751], 
            [-71.6461535471484, 41.1325002646756], 
            [-71.6121142077045, 41.2659776427541], 
            [-71.5318317286513, 41.2402030729136], 
            [-71.5104008842933, 41.1551272073548], 
            [-71.5246371522827, 41.1219512170751]
          ]
        ]
      }, 
      "properties" : {
        "OBJECTID" : 47, 
        "Id" : 47, 
        "gridcode" : 2, 
        "Unixtime" : 1790953200, 
        "Timestamp" : 1790953200000, 
        "Shape__Area" : 228968524.27734375, 
        "Shape__Length" : 61406.514683192785
      }
    }, 
    {
      "type" : "Feature", 
      "id" : 48, 
      "geometry" : 
      {
        "type" : "Polygon", 
        "coordinates" : 
        [
          [
            [-73.9777988363472, 41.0994501794823], 
            [-74.1216453976169, 41.1141271152742], 
            [-74.1338941638845, 41.2665532088636], 
            [-73.9499917986825, 41.2813290700806], 
            [-73.9182367372356, 41.1948682485709], 
            [-73.9777988363472, 41.0994501794823]
          ]
        ]
      }, 
      "properties" : {
        "OBJECTID" : 48, 
        "Id" : 48, 
        "gridcode" : 1, 
        "Unixtime" : 1790953200, 
        "Timestamp" : 1790953200000, 
        "Shape__Area" : 518426923.9765625, 
        "Shape__Length" : 88201.686751557645
      }
    }, 
    {
      "type" : "Feature", 
      "id" : 49, 
      "geometry" : 
      {
        "type" : "Polygon", 
        "coordinates" : 
        [
          [
            [-112.598239816914, 41.2794944531066], 
            [-112.569407552117, 41.2907539651235], 
            [-112.598239816914, 41.3020044839199], 
            [-112.651974309167, 41.3579333219653], 
            [-112.745216018904, 41.3806681832901], 
            [-112.744289717197, 41.4259940144123], 
            [-112.768931141259, 41.4738199608226], 
            [-112.607251023816, 41.470528442134], 
            [-112.429661899377, 41.5160341376654], 
            [-112.335745698105, 41.5389308769585], 
            [-112.291930728021, 41.5380405481329], 
            [-112.22710759494, 41.4705734082363], 
            [-112.190801963939, 41.435688706069], 
            [-112.088989715103, 41.4026476140962], 
            [-111.963507310014, 41.4052106819275], 
            [-111.86701005447, 41.5191188122835], 
            [-111.958597011643, 41.6071084812715], 
            [-112.158561268588, 41.6558607293892], 
            [-112.066416731747, 41.925054797441], 
            [-112.022709680307, 41.9670531369928], 
            [-111.911796292365, 41.9647868454367], 
            [-111.790801504286, 41.9672509878429], 
            [-111.574460592882, 42.0227031852039], 
            [-111.281857171971, 42.1912181501975], 
            [-111.152336810895, 42.2357795575806], 
            [-110.92054554674, 42.1354961562227], 
            [-110.790521565318, 41.9371686654017], 
            [-110.687998852065, 41.550262334739], 
            [-110.741706364657, 41.4710230692593], 
            [-110.777067707509, 41.3981420106454], 
            [-110.899258593909, 41.3584909016339], 
            [-110.898790946445, 41.3355581894589], 
            [-110.929304943468, 41.2763288395044], 
            [-111.223131442362, 41.2353107609829], 
            [-111.574433613221, 41.2009476656024], 
            [-111.742103215491, 41.1435619258423], 
            [-111.946006502998, 41.077389809692], 
            [-112.052324355285, 41.0410032397078], 
            [-112.022907531158, 40.9261957873058], 
            [-111.910195499123, 40.8179084197379], 
            [-111.912048102538, 40.727013940541], 
            [-111.839050132058, 40.6568848073881], 
            [-111.799497948471, 40.6148864678363], 
            [-111.878044735976, 40.6164872610783], 
            [-111.987780012038, 40.6142479491836], 
            [-111.95658253026, 40.7053942385534], 
            [-111.957131116708, 40.7324998050221], 
            [-112.055103260407, 40.7728883581113], 
            [-112.099179033885, 40.637072742713], 
            [-112.160971451671, 40.638340786798], 
            [-112.158561268588, 40.7563228460226], 
            [-112.297848267084, 41.0267040191752], 
            [-112.613375406949, 41.2055881673601], 
            [-112.598239816914, 41.2794944531066]
          ]
        ]
      }, 
      "properties" : {
        "OBJECTID" : 49, 
        "Id" : 49, 
        "gridcode" : 2, 
        "Unixtime" : 1790953200, 
        "Timestamp" : 1790953200000, 
        "Shape__Area" : 23962506451.578125, 
        "Shape__Length" : 930976.1603385536
      }
    }, 
    {
      "type" : "Feature", 
      "id" : 50, 
      "geometry" : 
      {
        "type" : "Polygon", 
        "coordinates" : 
        [
          [
            [-74.6529828488793, 40.2442218933258], 
            [-74.7726376471097, 40.2548608731309], 
            [-74.8422181938145, 40.344649186211], 
            [-74.8155532951484, 40.4468031774248], 
            [-74.7268441685235, 40.466696181084], 
            [-74.622702675588, 40.3947863902798], 
            [-74.5988886278079, 40.2885314905359], 
            [-74.6437917775684, 40.2575318596077], 
            [-74.6529828488793, 40.2442218933258]
          ]
        ]
      }, 
      "properties" : {
        "OBJECTID" : 50, 
        "Id" : 50, 
        "gridcode" : 1, 
        "Unixtime" : 1790953200, 
        "Timestamp" : 1790953200000, 
        "Shape__Area" : 630630632.31640625, 
        "Shape__Length" : 94483.287332264634
      }
    }, 
    {
      "type" : "Feature", 
      "id" : 51, 
      "geometry" : 
      {
        "type" : "Polygon", 
        "coordinates" : 
        [
          [
            [-115.636554383478, 40.2217118625125], 
            [-115.938654645196, 40.2330882863954], 
            [-116.138043336031, 40.3246032978041], 
            [-116.24147436455, 40.4170176312588], 
            [-116.340327843855, 40.5585259552087], 
            [-116.389197003839, 40.6947282790869], 
            [-116.404908159984, 40.9584364826576], 
            [-116.305173345074, 41.2178729065095], 
            [-116.063408599427, 41.4326220178919], 
            [-115.839207613341, 41.4926697509084], 
            [-115.598477088047, 41.4660498183445], 
            [-115.482239713592, 41.4127020345713], 
            [-115.295495490724, 41.2771652090073], 
            [-115.157530495636, 41.0232776021797], 
            [-115.142125108987, 40.764938351224], 
            [-115.211966459085, 40.5387768430769], 
            [-115.41155300077, 40.3153942400522], 
            [-115.55715324003, 40.2548338934695], 
            [-115.625933390114, 40.2336008999616], 
            [-115.636554383478, 40.2217118625125]
          ]
        ]
      }, 
      "properties" : {
        "OBJECTID" : 51, 
        "Id" : 51, 
        "gridcode" : 2, 
        "Unixtime" : 1790953200, 
        "Timestamp" : 1790953200000, 
        "Shape__Area" : 20609546589.015625, 
        "Shape__Length" : 520615.03434509283
      }
    }, 
    {
      "type" : "Feature", 
      "id" : 52, 
      "geometry" : 
      {
        "type" : "Polygon", 
        "coordinates" : 
        [
          [
            [-122.005777944297, 40.1541907632932], 
            [-122.10519799649, 40.1663406041357], 
            [-122.17312379063, 40.2579635341899], 
            [-122.146297013996, 40.379722746008], 
            [-122.052155982213, 40.3936352580608], 
            [-121.952250296114, 40.3527430846257], 
            [-121.936602092512, 40.2468748933617], 
            [-122.005777944297, 40.1541907632932]
          ]
        ]
      }, 
      "properties" : {
        "OBJECTID" : 52, 
        "Id" : 52, 
        "gridcode" : 2, 
        "Unixtime" : 1790953200, 
        "Timestamp" : 1790953200000, 
        "Shape__Area" : 693801842.29296875, 
        "Shape__Length" : 98981.626159378735
      }
    }, 
    {
      "type" : "Feature", 
      "id" : 53, 
      "geometry" : 
      {
        "type" : "Polygon", 
        "coordinates" : 
        [
          [
            [-124.121352118705, 41.3245145147331], 
            [-123.794691371909, 41.3108717992942], 
            [-123.573458148575, 41.214329577648], 
            [-123.419961861751, 41.0486654635404], 
            [-123.367828162739, 40.8687291085616], 
            [-123.390509064741, 40.2964455245414], 
            [-123.496305310242, 40.1426974275443], 
            [-123.750426740801, 39.9858286830474], 
            [-123.94129885186, 39.8616143220434], 
            [-124.003801734063, 39.9341536382798], 
            [-124.108671677856, 40.0245085242491], 
            [-124.131766267999, 40.0762555147803], 
            [-124.178450075411, 40.0970928065878], 
            [-124.244298435624, 40.1437766139996], 
            [-124.375815291642, 40.2261545134201], 
            [-124.401841671656, 40.3688409492505], 
            [-124.452176726575, 40.4398334315677], 
            [-124.388828481649, 40.5818094029817], 
            [-124.268481205443, 40.7739495581257], 
            [-124.182047363595, 40.8958436682508], 
            [-124.148916339417, 41.016901408873], 
            [-124.203010560489, 41.0635042773006], 
            [-124.199215421454, 41.1107006982787], 
            [-124.20107701809, 41.1338762274061], 
            [-124.154276298812, 41.199886465588], 
            [-124.121352118705, 41.3245145147331]
          ]
        ]
      }, 
      "properties" : {
        "OBJECTID" : 53, 
        "Id" : 53, 
        "gridcode" : 2, 
        "Unixtime" : 1790953200, 
        "Timestamp" : 1790953200000, 
        "Shape__Area" : 17924394743.539063, 
        "Shape__Length" : 542445.07548444788
      }
    }, 
    {
      "type" : "Feature", 
      "id" : 54, 
      "geometry" : 
      {
        "type" : "Polygon", 
        "coordinates" : 
        [
          [
            [-73.9777988363472, 40.1767007941065], 
            [-74.0242668064679, 39.9855498932131], 
            [-74.0669306443337, 39.7343872321851], 
            [-74.109936224577, 39.6786652382103], 
            [-74.1353420723786, 39.6590600176058], 
            [-74.1494254556202, 39.6760212313948], 
            [-74.2376579415607, 39.7142873844553], 
            [-74.4139790219143, 39.8187526333275], 
            [-74.4381348120718, 40.0168103275346], 
            [-74.3435980785884, 40.1481653055845], 
            [-74.1846608933855, 40.2094181301427], 
            [-73.9777988363472, 40.1767007941065]
          ]
        ]
      }, 
      "properties" : {
        "OBJECTID" : 54, 
        "Id" : 54, 
        "gridcode" : 1, 
        "Unixtime" : 1790953200, 
        "Timestamp" : 1790953200000, 
        "Shape__Area" : 2814966581.8789063, 
        "Shape__Length" : 211390.85514622772
      }
    }, 
    {
      "type" : "Feature", 
      "id" : 55, 
      "geometry" : 
      {
        "type" : "Polygon", 
        "coordinates" : 
        [
          [
            [-76.6110137872564, 39.3889846139489], 
            [-76.755363968872, 39.4005409022409], 
            [-76.8460785836597, 39.5247282835835], 
            [-76.7749422098151, 39.6197686374128], 
            [-76.6059865770189, 39.6581427091188], 
            [-76.4893984669656, 39.6090217389622], 
            [-76.4760345413609, 39.5015617476766], 
            [-76.6010043328836, 39.4014851903893], 
            [-76.6110137872564, 39.3889846139489]
          ]
        ]
      }, 
      "properties" : {
        "OBJECTID" : 55, 
        "Id" : 55, 
        "gridcode" : 1, 
        "Unixtime" : 1790953200, 
        "Timestamp" : 1790953200000, 
        "Shape__Area" : 1134470517.53125, 
        "Shape__Length" : 124707.49515696928
      }
    }, 
    {
      "type" : "Feature", 
      "id" : 56, 
      "geometry" : 
      {
        "type" : "Polygon", 
        "coordinates" : 
        [
          [
            [-77.6687963778505, 39.366483576356], 
            [-77.775806708113, 39.3864575189994], 
            [-77.8518713667701, 39.4544102928008], 
            [-77.9247524253841, 39.5885351827525], 
            [-77.93404242212, 39.7443247407942], 
            [-77.8905062418695, 39.8391762369938], 
            [-77.6661973371374, 40.1164731966808], 
            [-77.5314609081943, 40.1648117566573], 
            [-77.1989096019965, 40.0642225858037], 
            [-77.0730135087663, 39.9517353842807], 
            [-77.1029069735779, 39.6815070958759], 
            [-77.2311862702301, 39.5919076404254], 
            [-77.4462501443286, 39.5517619042885], 
            [-77.5541687898577, 39.4309739602801], 
            [-77.6118962719953, 39.399605607313], 
            [-77.6581753844864, 39.3783636205847], 
            [-77.6687963778505, 39.366483576356]
          ]
        ]
      }, 
      "properties" : {
        "OBJECTID" : 56, 
        "Id" : 56, 
        "gridcode" : 1, 
        "Unixtime" : 1790953200, 
        "Timestamp" : 1790953200000, 
        "Shape__Area" : 7426629571.1796875, 
        "Shape__Length" : 328925.47513595381
      }
    }, 
    {
      "type" : "Feature", 
      "id" : 57, 
      "geometry" : 
      {
        "type" : "Polygon", 
        "coordinates" : 
        [
          [
            [-78.9516433036954, 39.3439735455428], 
            [-79.1291964552522, 39.3620858915507], 
            [-79.2533928298152, 39.5206723411557], 
            [-79.2667837350813, 39.6872717501912], 
            [-79.2167094835557, 39.7994891551005], 
            [-79.0826565393677, 39.8945385021502], 
            [-78.8770445399735, 39.8686740001051], 
            [-78.7712213148118, 39.777500731074], 
            [-78.716164819151, 39.6788271161785], 
            [-78.7446283619093, 39.4815518321514], 
            [-78.8567108685117, 39.3937780004545], 
            [-78.9412291544019, 39.356060433842], 
            [-78.9516433036954, 39.3439735455428]
          ]
        ]
      }, 
      "properties" : {
        "OBJECTID" : 57, 
        "Id" : 57, 
        "gridcode" : 1, 
        "Unixtime" : 1790953200, 
        "Timestamp" : 1790953200000, 
        "Shape__Area" : 3744239134.7578125, 
        "Shape__Length" : 224088.77159216977
      }
    }, 
    {
      "type" : "Feature", 
      "id" : 58, 
      "geometry" : 
      {
        "type" : "Polygon", 
        "coordinates" : 
        [
          [
            [-74.3603974144091, 39.3889846139489], 
            [-74.395821709804, 39.3376872844407], 
            [-74.4637385107237, 39.3122724434186], 
            [-74.5854617496599, 39.2314413779173], 
            [-74.5718460138824, 39.2845103718562], 
            [-74.517383070772, 39.3681473221413], 
            [-74.3811987333348, 39.4191029092719], 
            [-74.3603974144091, 39.3889846139489]
          ]
        ]
      }, 
      "properties" : {
        "OBJECTID" : 58, 
        "Id" : 58, 
        "gridcode" : 1, 
        "Unixtime" : 1790953200, 
        "Timestamp" : 1790953200000, 
        "Shape__Area" : 244530526.1015625, 
        "Shape__Length" : 77640.748816158244
      }
    }, 
    {
      "type" : "Feature", 
      "id" : 59, 
      "geometry" : 
      {
        "type" : "Polygon", 
        "coordinates" : 
        [
          [
            [-104.631082858187, 39.0738981418858], 
            [-105.009058920932, 39.0876128030885], 
            [-105.355342874774, 39.1720321635536], 
            [-105.586837362654, 39.2843305074471], 
            [-105.589967003374, 39.4378088078303], 
            [-105.27347758892, 39.7074165640233], 
            [-105.117004546123, 39.9136221159679], 
            [-105.038017090816, 40.1083613118251], 
            [-104.966044347469, 40.4035727666699], 
            [-104.913982594221, 40.4577659131664], 
            [-104.484277527386, 40.4665343031157], 
            [-104.079906362589, 40.4269821195293], 
            [-104.102326461197, 39.955080862292], 
            [-104.171574258745, 39.3454124608165], 
            [-104.167905024797, 39.1656919431288], 
            [-104.484565310441, 39.107433860984], 
            [-104.620057169902, 39.0853824844142], 
            [-104.631082858187, 39.0738981418858]
          ]
        ]
      }, 
      "properties" : {
        "OBJECTID" : 59, 
        "Id" : 59, 
        "gridcode" : 2, 
        "Unixtime" : 1790953200, 
        "Timestamp" : 1790953200000, 
        "Shape__Area" : 24308897436.140625, 
        "Shape__Length" : 635457.14395722107
      }
    }, 
    {
      "type" : "Feature", 
      "id" : 60, 
      "geometry" : 
      {
        "type" : "Polygon", 
        "coordinates" : 
        [
          [
            [-76.9711113277255, 38.7588206630432], 
            [-77.0205740402597, 38.7684793818181], 
            [-77.0459798880613, 38.8164582129762], 
            [-76.9795469685177, 38.8278346368591], 
            [-76.9711113277255, 38.7588206630432]
          ]
        ]
      }, 
      "properties" : {
        "OBJECTID" : 60, 
        "Id" : 60, 
        "gridcode" : 1, 
        "Unixtime" : 1790953200, 
        "Timestamp" : 1790953200000, 
        "Shape__Area" : 54126169.8203125, 
        "Shape__Length" : 30562.767977293461
      }
    }, 
    {
      "type" : "Feature", 
      "id" : 61, 
      "geometry" : 
      {
        "type" : "Polygon", 
        "coordinates" : 
        [
          [
            [-82.5976297767927, 38.3537030609476], 
            [-82.6747286558028, 38.3664824272223], 
            [-82.6882364729348, 38.4449842486243], 
            [-82.6020184683775, 38.4983410256179], 
            [-82.5435625353826, 38.4370882010597], 
            [-82.5976297767927, 38.3537030609476]
          ]
        ]
      }, 
      "properties" : {
        "OBJECTID" : 61, 
        "Id" : 61, 
        "gridcode" : 1, 
        "Unixtime" : 1790953200, 
        "Timestamp" : 1790953200000, 
        "Shape__Area" : 211716019.80078125, 
        "Shape__Length" : 56415.592318151655
      }
    }, 
    {
      "type" : "Feature", 
      "id" : 62, 
      "geometry" : 
      {
        "type" : "Polygon", 
        "coordinates" : 
        [
          [
            [-75.7782865386927, 37.8810823460735], 
            [-75.8007875762855, 37.8810823460735], 
            [-75.8007875762855, 37.9035833836663], 
            [-75.7782865386927, 37.9035833836663], 
            [-75.7782865386927, 37.8810823460735]
          ]
        ]
      }, 
      "properties" : {
        "OBJECTID" : 62, 
        "Id" : 62, 
        "gridcode" : 2, 
        "Unixtime" : 1790953200, 
        "Timestamp" : 1790953200000, 
        "Shape__Area" : 7950217.296875, 
        "Shape__Length" : 11357.583541486412
      }
    }, 
    {
      "type" : "Feature", 
      "id" : 63, 
      "geometry" : 
      {
        "type" : "Polygon", 
        "coordinates" : 
        [
          [
            [-83.0027383856679, 37.8585723152602], 
            [-83.1568012453811, 37.8853811054537], 
            [-83.301313304965, 37.9731639303712], 
            [-83.3503353496966, 38.1007057829456], 
            [-83.3191288746978, 38.2339493372922], 
            [-83.2218582021942, 38.3554117728351], 
            [-83.0351589454289, 38.4087235837265], 
            [-82.8904220553335, 38.3539908440023], 
            [-82.7676645960442, 38.2005035503986], 
            [-82.789949796346, 38.0063848867532], 
            [-82.870268248281, 37.9060834989544], 
            [-82.9927289312951, 37.8710728917007], 
            [-83.0027383856679, 37.8585723152602]
          ]
        ]
      }, 
      "properties" : {
        "OBJECTID" : 63, 
        "Id" : 63, 
        "gridcode" : 1, 
        "Unixtime" : 1790953200, 
        "Timestamp" : 1790953200000, 
        "Shape__Area" : 3761845810.9453125, 
        "Shape__Length" : 222844.63939504509
      }
    }, 
    {
      "type" : "Feature", 
      "id" : 64, 
      "geometry" : 
      {
        "type" : "Polygon", 
        "coordinates" : 
        [
          [
            [-75.8232976070988, 37.8135612468541], 
            [-75.8130813086554, 37.825854979224], 
            [-75.7465404704663, 37.8547142236825], 
            [-75.7782865386927, 37.8810823460735], 
            [-75.7782865386927, 37.9035833836663], 
            [-75.7782865386927, 37.9260934144796], 
            [-75.7557765078795, 37.9260934144796], 
            [-75.7557765078795, 37.9485944520724], 
            [-75.4782816973424, 38.2028417877184], 
            [-75.3402357632698, 38.2294976931641], 
            [-75.1481135945667, 38.1061376881039], 
            [-75.2025225783543, 38.0255134666732], 
            [-75.2737578776239, 37.9392055299113], 
            [-75.3268538512242, 37.8476095795186], 
            [-75.4590811716587, 37.8210975656003], 
            [-75.5569543899331, 37.6715852754402], 
            [-75.5689243663663, 37.6110069424166], 
            [-75.562125491698, 37.5765988809337], 
            [-75.5757322342552, 37.5434858431972], 
            [-75.650133147127, 37.5642062231388], 
            [-75.80067965764, 37.6804076247122], 
            [-75.8232976070988, 37.8135612468541]
          ]
        ]
      }, 
      "properties" : {
        "OBJECTID" : 64, 
        "Id" : 64, 
        "gridcode" : 1, 
        "Unixtime" : 1790953200, 
        "Timestamp" : 1790953200000, 
        "Shape__Area" : 3558627339.6289063, 
        "Shape__Length" : 268566.87504756474
      }
    }, 
    {
      "type" : "Feature", 
      "id" : 65, 
      "geometry" : 
      {
        "type" : "Polygon", 
        "coordinates" : 
        [
          [
            [-112.283153344851, 37.2283993711342], 
            [-112.493019137523, 37.246313866292], 
            [-112.702893923416, 37.2951470533939], 
            [-112.952824513241, 37.3723268713881], 
            [-113.303730982399, 37.5187185140483], 
            [-113.579400169182, 37.6727903669819], 
            [-113.752690534241, 37.8276176504343], 
            [-113.914208773716, 38.0888886912602], 
            [-113.626650549483, 38.3608256915525], 
            [-113.439636530002, 38.491452218745], 
            [-113.192260014788, 38.5866274708812], 
            [-112.948534747081, 38.6190390374217], 
            [-112.700951387796, 38.5804581216451], 
            [-112.457298065853, 38.4385990620971], 
            [-112.290428860204, 38.1997121469981], 
            [-112.209831618434, 37.9275323297533], 
            [-112.194857906367, 37.6763157094026], 
            [-112.237899459492, 37.3545292880963], 
            [-112.283153344851, 37.2283993711342]
          ]
        ]
      }, 
      "properties" : {
        "OBJECTID" : 65, 
        "Id" : 65, 
        "gridcode" : 2, 
        "Unixtime" : 1790953200, 
        "Timestamp" : 1790953200000, 
        "Shape__Area" : 25794015322.542969, 
        "Shape__Length" : 604985.03646707977
      }
    }, 
    {
      "type" : "Feature", 
      "id" : 66, 
      "geometry" : 
      {
        "type" : "Polygon", 
        "coordinates" : 
        [
          [
            [-85.2983568337008, 37.2058983335413], 
            [-85.3284211697012, 37.2211058693405], 
            [-85.3081954168849, 37.2809737379477], 
            [-85.2813236741482, 37.2401714967173], 
            [-85.2983568337008, 37.2058983335413]
          ]
        ]
      }, 
      "properties" : {
        "OBJECTID" : 66, 
        "Id" : 66, 
        "gridcode" : 1, 
        "Unixtime" : 1790953200, 
        "Timestamp" : 1790953200000, 
        "Shape__Area" : 28980202.34375, 
        "Shape__Length" : 24231.00785215112
      }
    }, 
    {
      "type" : "Feature", 
      "id" : 67, 
      "geometry" : 
      {
        "type" : "Polygon", 
        "coordinates" : 
        [
          [
            [-75.8232976070988, 37.8135612468541], 
            [-75.80067965764, 37.6804076247122], 
            [-75.650133147127, 37.5642062231388], 
            [-75.5757322342552, 37.5434858431972], 
            [-75.6103291533677, 37.4880606254976], 
            [-75.6311574519548, 37.4413768180858], 
            [-75.6778412593666, 37.3755284578721], 
            [-75.6986785511741, 37.3288446504603], 
            [-75.7678723893992, 37.2404952526539], 
            [-75.7939617219558, 37.1538185938531], 
            [-75.9796177651477, 37.0379409482163], 
            [-76.0644957798563, 37.2647769478979], 
            [-75.9635109073025, 37.6011054066893], 
            [-75.8610781262545, 37.7455725001709], 
            [-75.8353844953981, 37.8031470975606], 
            [-75.8232976070988, 37.8135612468541]
          ]
        ]
      }, 
      "properties" : {
        "OBJECTID" : 67, 
        "Id" : 67, 
        "gridcode" : 2, 
        "Unixtime" : 1790953200, 
        "Timestamp" : 1790953200000, 
        "Shape__Area" : 2881833422.3085938, 
        "Shape__Length" : 252929.60117326834
      }
    }, 
    {
      "type" : "Feature", 
      "id" : 68, 
      "geometry" : 
      {
        "type" : "Polygon", 
        "coordinates" : 
        [
          [
            [-85.5459222065446, 36.9808339982904], 
            [-85.4941662227929, 36.9717148727433], 
            [-85.5336914267179, 36.9522625368866], 
            [-85.5459222065446, 36.9808339982904]
          ]
        ]
      }, 
      "properties" : {
        "OBJECTID" : 68, 
        "Id" : 68, 
        "gridcode" : 2, 
        "Unixtime" : 1790953200, 
        "Timestamp" : 1790953200000, 
        "Shape__Area" : 10602385.41796875, 
        "Shape__Length" : 15274.620106510361
      }
    }, 
    {
      "type" : "Feature", 
      "id" : 69, 
      "geometry" : 
      {
        "type" : "Polygon", 
        "coordinates" : 
        [
          [
            [-77.6012752786311, 36.3056499857583], 
            [-77.8346583428082, 36.320281955448], 
            [-77.9490341206281, 36.4224719195435], 
            [-77.959475249583, 36.5976688473395], 
            [-77.8781045908542, 36.688752184166], 
            [-77.780294325123, 36.7419021170891], 
            [-77.6086227397476, 36.7521364019735], 
            [-77.4683734666621, 36.6877629299154], 
            [-77.4156731947621, 36.6406744275828], 
            [-77.3655989432366, 36.5485298907419], 
            [-77.4046205268158, 36.4112663668494], 
            [-77.5218741351831, 36.3387810099358], 
            [-77.590654285267, 36.3175390232074], 
            [-77.6012752786311, 36.3056499857583]
          ]
        ]
      }, 
      "properties" : {
        "OBJECTID" : 69, 
        "Id" : 69, 
        "gridcode" : 1, 
        "Unixtime" : 1790953200, 
        "Timestamp" : 1790953200000, 
        "Shape__Area" : 3190218404.6601563, 
        "Shape__Length" : 204120.39848905019
      }
    }, 
    {
      "type" : "Feature", 
      "id" : 70, 
      "geometry" : 
      {
        "type" : "Polygon", 
        "coordinates" : 
        [
          [
            [-115.186434706197, 36.2156278489461], 
            [-115.306485206127, 36.2306465271156], 
            [-115.324336748742, 36.3741513460079], 
            [-115.242282605258, 36.4223819873389], 
            [-115.177666316247, 36.3706349968077], 
            [-115.168313366968, 36.2954246940944], 
            [-115.186434706197, 36.2156278489461]
          ]
        ]
      }, 
      "properties" : {
        "OBJECTID" : 70, 
        "Id" : 70, 
        "gridcode" : 2, 
        "Unixtime" : 1790953200, 
        "Timestamp" : 1790953200000, 
        "Shape__Area" : 378294226.6015625, 
        "Shape__Length" : 76546.375392856149
      }
    }, 
    {
      "type" : "Feature", 
      "id" : 71, 
      "geometry" : 
      {
        "type" : "Polygon", 
        "coordinates" : 
        [
          [
            [-119.034975483732, 36.1931268113534], 
            [-119.052979911094, 36.2086311234277], 
            [-119.135411769837, 36.3402469048709], 
            [-119.292955005869, 36.5242212158365], 
            [-119.093530342151, 36.519877490354], 
            [-119.006520934194, 36.4449100045931], 
            [-118.974738893085, 36.3288075284448], 
            [-119.034975483732, 36.1931268113534]
          ]
        ]
      }, 
      "properties" : {
        "OBJECTID" : 71, 
        "Id" : 71, 
        "gridcode" : 1, 
        "Unixtime" : 1790953200, 
        "Timestamp" : 1790953200000, 
        "Shape__Area" : 743824509.140625, 
        "Shape__Length" : 126941.65365756676
      }
    }, 
    {
      "type" : "Feature", 
      "id" : 72, 
      "geometry" : 
      {
        "type" : "Polygon", 
        "coordinates" : 
        [
          [
            [-82.4400865407612, 36.125605712134], 
            [-82.7579339315057, 36.136028854648], 
            [-82.9588694562603, 36.1934775469513], 
            [-83.0492423286705, 36.3172062740504], 
            [-83.0802599460396, 36.566606263868], 
            [-83.0295291894205, 36.6998138453327], 
            [-82.9108006928976, 36.8480760778488], 
            [-82.7515037788762, 36.9644393573905], 
            [-82.5830787460872, 36.9853935610641], 
            [-82.4565261477635, 36.9320637637318], 
            [-82.3650201295753, 36.7293925474282], 
            [-82.3074095593037, 36.527647632832], 
            [-82.2759242944705, 36.2745064633027], 
            [-82.3622771973347, 36.1666777499783], 
            [-82.4300770863884, 36.1381062885744], 
            [-82.4400865407612, 36.125605712134]
          ]
        ]
      }, 
      "properties" : {
        "OBJECTID" : 72, 
        "Id" : 72, 
        "gridcode" : 1, 
        "Unixtime" : 1790953200, 
        "Timestamp" : 1790953200000, 
        "Shape__Area" : 8274730637.6835938, 
        "Shape__Length" : 338515.97754762182
      }
    }, 
    {
      "type" : "Feature", 
      "id" : 73, 
      "geometry" : 
      {
        "type" : "Polygon", 
        "coordinates" : 
        [
          [
            [-119.597627328638, 35.8105192400709], 
            [-119.809921290835, 35.8220305622607], 
            [-119.963867238682, 35.9546535843955], 
            [-120.058161155213, 36.1236721697349], 
            [-120.028600439559, 36.3032937619976], 
            [-119.839805762426, 36.4594610352986], 
            [-119.62362672899, 36.5186274327099], 
            [-119.522497964909, 36.4838596424087], 
            [-119.497191042532, 36.1810309298336], 
            [-119.429669943313, 36.0600181553137], 
            [-119.471866133715, 35.8948576615519], 
            [-119.587213179345, 35.8226061283702], 
            [-119.597627328638, 35.8105192400709]
          ]
        ]
      }, 
      "properties" : {
        "OBJECTID" : 73, 
        "Id" : 73, 
        "gridcode" : 3, 
        "Unixtime" : 1790953200, 
        "Timestamp" : 1790953200000, 
        "Shape__Area" : 4956130477.828125, 
        "Shape__Length" : 268710.22199152026
      }
    }, 
    {
      "type" : "Feature", 
      "id" : 74, 
      "geometry" : 
      {
        "type" : "Polygon", 
        "coordinates" : 
        [
          [
            [-85.5459222065446, 36.9808339982904], 
            [-85.535508057251, 37.015430917403], 
            [-85.4654778495231, 37.0466823585041], 
            [-85.3631350006797, 37.1037803152095], 
            [-85.3104437220001, 37.0693272876243], 
            [-85.3312810138077, 37.0137581783973], 
            [-85.3564350514364, 36.9920935103073], 
            [-85.3312810138077, 36.9704198489969], 
            [-85.3104437220001, 36.9237360415851], 
            [-85.1962478085894, 36.7678655445593], 
            [-85.1649963674883, 36.6978353368314], 
            [-85.0929157054953, 36.5686567181331], 
            [-85.04245474549, 36.3842687190262], 
            [-85.0968277563958, 36.0274626972458], 
            [-85.1778296930858, 35.845925549025], 
            [-85.2309256666861, 35.7842950092074], 
            [-85.3549421768399, 35.7151011709823], 
            [-85.5843322511324, 35.6650628923387], 
            [-85.8562242853225, 35.6906665909905], 
            [-85.9766704869534, 35.8444686473103], 
            [-86.0025619686598, 36.1666687567578], 
            [-85.9289884320704, 36.4904876458882], 
            [-85.8115279796325, 36.753728201995], 
            [-85.7524065483235, 36.822355467331], 
            [-85.6705412624692, 36.8803977121847], 
            [-85.6012215191577, 36.9238169805693], 
            [-85.6031550615568, 36.9478378724199], 
            [-85.5459222065446, 36.9808339982904]
          ], 
          [
            [-85.5336914267179, 36.9522625368866], 
            [-85.4941662227929, 36.9717148727433], 
            [-85.5459222065446, 36.9808339982904], 
            [-85.5336914267179, 36.9522625368866]
          ]
        ]
      }, 
      "properties" : {
        "OBJECTID" : 74, 
        "Id" : 74, 
        "gridcode" : 1, 
        "Unixtime" : 1790953200, 
        "Timestamp" : 1790953200000, 
        "Shape__Area" : 15170971046.828125, 
        "Shape__Length" : 513713.48918373091
      }
    }, 
    {
      "type" : "Feature", 
      "id" : 75, 
      "geometry" : 
      {
        "type" : "Polygon", 
        "coordinates" : 
        [
          [
            [-78.3214703595694, 35.4504216996019], 
            [-78.4879258770775, 35.4643342116546], 
            [-78.6402800249032, 35.5955902642793], 
            [-78.6919820493321, 35.7845198397189], 
            [-78.6639951472581, 35.9869032729678], 
            [-78.4879528567389, 36.1325214986683], 
            [-78.301847152524, 36.1474772242946], 
            [-78.1843867000861, 36.0462855076701], 
            [-78.131002943431, 35.9009190921425], 
            [-78.1584232726159, 35.6179743900062], 
            [-78.2385168940394, 35.5250114701033], 
            [-78.3110562102758, 35.4625085879011], 
            [-78.3214703595694, 35.4504216996019]
          ]
        ]
      }, 
      "properties" : {
        "OBJECTID" : 75, 
        "Id" : 75, 
        "gridcode" : 1, 
        "Unixtime" : 1790953200, 
        "Timestamp" : 1790953200000, 
        "Shape__Area" : 4654093715.890625, 
        "Shape__Length" : 254910.19481196511
      }
    }, 
    {
      "type" : "Feature", 
      "id" : 76, 
      "geometry" : 
      {
        "type" : "Polygon", 
        "coordinates" : 
        [
          [
            [-111.427916065474, 35.0228030599134], 
            [-111.661389061856, 35.0341345176939], 
            [-111.838654430358, 35.1014038067404], 
            [-111.923424526421, 35.1744377501022], 
            [-112.000991052895, 35.3134549519845], 
            [-111.973210994891, 35.5722618504042], 
            [-111.834436609962, 35.7333304288563], 
            [-111.719332381284, 35.7975510161665], 
            [-111.500041693569, 35.8151687350492], 
            [-111.337003599836, 35.7424225747421], 
            [-111.196340638609, 35.5723787622701], 
            [-111.161249092372, 35.3788266715138], 
            [-111.207447265879, 35.2253933372328], 
            [-111.284348294038, 35.1183020679861], 
            [-111.41750191618, 35.0348989414331], 
            [-111.427916065474, 35.0228030599134]
          ]
        ]
      }, 
      "properties" : {
        "OBJECTID" : 76, 
        "Id" : 76, 
        "gridcode" : 2, 
        "Unixtime" : 1790953200, 
        "Timestamp" : 1790953200000, 
        "Shape__Area" : 7861547272.5585938, 
        "Shape__Length" : 319500.19714889111
      }
    }, 
    {
      "type" : "Feature", 
      "id" : 77, 
      "geometry" : 
      {
        "type" : "Polygon", 
        "coordinates" : 
        [
          [
            [-90.2271902326431, 35.0003020223206], 
            [-90.4136916385582, 35.0158872733791], 
            [-90.5441113216801, 35.1095336780369], 
            [-90.5968295800211, 35.204025445418], 
            [-90.6083139225494, 35.3470266439645], 
            [-90.5627362812543, 35.4491806351783], 
            [-90.4988484431011, 35.5233387310976], 
            [-90.3626011531206, 35.5733680165208], 
            [-90.190767689777, 35.5447336025738], 
            [-90.0862035154798, 35.4546395199979], 
            [-90.0367228165047, 35.2738667955162], 
            [-90.0669220508119, 35.0881747794426], 
            [-90.1467458756216, 35.0436403517209], 
            [-90.2167760833495, 35.0123889106198], 
            [-90.2271902326431, 35.0003020223206]
          ]
        ]
      }, 
      "properties" : {
        "OBJECTID" : 77, 
        "Id" : 77, 
        "gridcode" : 2, 
        "Unixtime" : 1790953200, 
        "Timestamp" : 1790953200000, 
        "Shape__Area" : 3892159269.9765625, 
        "Shape__Length" : 226646.58879114009
      }
    }, 
    {
      "type" : "Feature", 
      "id" : 78, 
      "geometry" : 
      {
        "type" : "Polygon", 
        "coordinates" : 
        [
          [
            [-123.42365807536, 38.6237784646045], 
            [-123.435547112809, 38.6343994579687], 
            [-123.485981093153, 38.6908499028008], 
            [-123.770976249554, 38.9131353329294], 
            [-123.774483605534, 38.9720589133882], 
            [-123.749365540787, 38.9944969984378], 
            [-123.738744547423, 39.0964081726991], 
            [-123.618595122067, 39.1193498780945], 
            [-123.290441500675, 39.2701661852213], 
            [-123.043730483775, 39.4593565640542], 
            [-122.858784904999, 39.6945382723235], 
            [-122.589464931861, 39.7696136767299], 
            [-122.161621461661, 39.8456513557256], 
            [-121.87525933575, 40.0817593657022], 
            [-121.743112954299, 40.1441273495976], 
            [-121.67558286186, 40.1414473699003], 
            [-121.621947295032, 40.0835670030149], 
            [-121.71053950979, 39.8308125419653], 
            [-121.701294479157, 39.5976093421975], 
            [-121.857434772796, 39.4529443978657], 
            [-121.881563583293, 39.3824645291148], 
            [-121.750856117116, 39.3513299998797], 
            [-121.724245177773, 39.2395802424343], 
            [-121.629492606998, 39.2433394085869], 
            [-121.503191818847, 39.3101770230513], 
            [-121.383510040956, 39.4733500150912], 
            [-121.336835226764, 39.5165894190665], 
            [-121.01079501218, 39.5036661612644], 
            [-120.796495561821, 39.4663442963523], 
            [-120.659870556581, 39.372338162876], 
            [-120.523650246262, 38.9420575299312], 
            [-120.433772000977, 38.90553606164], 
            [-120.218843025185, 38.9618516081653], 
            [-120.095321142157, 39.0468465347399], 
            [-120.003653246, 39.1457809530286], 
            [-119.969407062486, 39.2856884837366], 
            [-120.152697888697, 39.4970201713439], 
            [-120.238619116979, 39.6211356069228], 
            [-120.148596980166, 39.8274220978516], 
            [-120.093369613317, 39.9692631709586], 
            [-119.979569401607, 40.6094995287803], 
            [-119.939414672249, 40.7240821506708], 
            [-119.873296515422, 41.001657900192], 
            [-119.879582776524, 41.1604332074266], 
            [-119.985028286426, 41.2581355545123], 
            [-120.275887022568, 41.339209436966], 
            [-120.393302508904, 41.3345599419878], 
            [-120.555072558552, 41.3684014305816], 
            [-120.55366961616, 41.4036908276697], 
            [-120.626199939176, 41.4505185266088], 
            [-120.683585678936, 41.512454835922], 
            [-120.789948497325, 41.5904710234191], 
            [-120.864565247488, 41.6710053126451], 
            [-120.961844913212, 41.8364715759026], 
            [-121.012665602036, 42.1026709015409], 
            [-121.003456544284, 42.335037731806], 
            [-120.840283552244, 42.535532588758], 
            [-120.651749678505, 42.6738213397831], 
            [-120.531204551449, 42.7307124524178], 
            [-120.481732845694, 42.7568917171791], 
            [-120.326204091046, 42.8061295992017], 
            [-120.059006517936, 42.795535585499], 
            [-119.901463281905, 42.8017768804987], 
            [-119.811045443392, 42.7981975787553], 
            [-119.766852758048, 42.8389188810016], 
            [-119.816414396008, 43.3145073586278], 
            [-119.808329490813, 43.5185455444414], 
            [-119.739189611911, 43.7823886463191], 
            [-119.62030823064, 43.937422773842], 
            [-119.418455397399, 44.0013285984361], 
            [-119.079869640272, 43.9879107135087], 
            [-118.779909765024, 43.9431784349369], 
            [-118.599397843935, 43.8958830885338], 
            [-118.426017546672, 43.8041432466136], 
            [-118.314447653636, 43.6837240246441], 
            [-118.215917930268, 43.4749554048681], 
            [-118.202248235168, 43.1475032546716], 
            [-118.239147418718, 43.1091022033041], 
            [-118.580278257236, 42.8637581559142], 
            [-118.774801615802, 42.76354670032], 
            [-119.193705824864, 42.5603179043479], 
            [-119.311570972223, 42.447075272306], 
            [-119.377985905325, 42.3181574570011], 
            [-119.567518026536, 41.7745532530303], 
            [-119.697389123209, 41.454367624966], 
            [-119.743695215362, 41.228305042244], 
            [-119.701561977503, 41.003258693434], 
            [-119.631612708759, 40.8854205257368], 
            [-119.620137359452, 40.8743858442314], 
            [-119.599875633753, 40.8119549077928], 
            [-119.451559441915, 40.6378461596726], 
            [-119.130708315536, 40.2828477752047], 
            [-118.956194872495, 39.995073713681], 
            [-118.847322945597, 39.7266530625889], 
            [-118.631782430814, 39.1084411016756], 
            [-118.46129795054, 38.8148574197342], 
            [-118.358658325421, 38.6456140038833], 
            [-118.633742952875, 38.3813122477621], 
            [-118.770170107265, 38.2015197843107], 
            [-118.798885460196, 38.1176220306323], 
            [-119.071209168968, 37.321578128328], 
            [-119.158533339642, 37.1520559226428], 
            [-119.13156267148, 37.121299108667], 
            [-119.073457474083, 37.0654691960466], 
            [-118.891614556367, 36.712467306521], 
            [-118.864275166166, 36.5790079148834], 
            [-118.867099037391, 36.440692184197], 
            [-118.865947905172, 36.3844216037741], 
            [-118.867305881461, 36.3180066706714], 
            [-118.802932409403, 36.2230472558263], 
            [-118.776384422603, 36.1141303628261], 
            [-118.730914699953, 36.0470589246298], 
            [-118.627843400253, 35.8734178239735], 
            [-118.551320087352, 35.8215449283558], 
            [-118.383434647791, 35.767072992025], 
            [-118.326255752101, 35.600014928746], 
            [-118.355438752496, 35.4464916622605], 
            [-118.573830118165, 35.1243095392539], 
            [-118.661720861728, 34.9014665294569], 
            [-118.726130306668, 34.8344310641424], 
            [-118.816997806204, 34.7876213516441], 
            [-119.041153826188, 34.7417019679715], 
            [-119.342004030262, 34.767944185276], 
            [-119.576556213099, 34.9217192619345], 
            [-119.631163047736, 35.0342874024417], 
            [-119.805757429761, 35.2505833477434], 
            [-119.983184676232, 35.500684808757], 
            [-120.069258789262, 35.5590328231064], 
            [-120.30149971444, 35.4393960113169], 
            [-120.372186427262, 35.5020068121647], 
            [-120.400730909004, 35.5854009454973], 
            [-120.395011220791, 35.8654408374248], 
            [-120.556538453487, 36.05272465352], 
            [-120.553903439892, 36.1820741434071], 
            [-120.595146348925, 36.2621407851692], 
            [-120.666903254981, 36.4517448521433], 
            [-120.665545278692, 36.5179529411754], 
            [-120.689395299354, 36.5642500401074], 
            [-120.796630460128, 36.8946879394969], 
            [-120.933381370454, 37.0791658708084], 
            [-121.112526322032, 37.2151073912931], 
            [-121.338957626793, 37.3069461586384], 
            [-121.517221242766, 37.2824756057647], 
            [-121.779274693772, 37.1048415152238], 
            [-122.010544351141, 37.1682527126926], 
            [-122.129335800207, 37.2461429951032], 
            [-122.003035012056, 37.5229183480034], 
            [-121.957367438556, 37.5704475181385], 
            [-121.68847014678, 37.5153730360369], 
            [-121.656706092112, 37.5770215622953], 
            [-121.631776884995, 37.9592154454365], 
            [-121.410993322684, 37.9637210488874], 
            [-121.386639681676, 37.8925576953814], 
            [-121.343742020078, 37.7603843342697], 
            [-121.241525076321, 37.6224822917244], 
            [-121.142914413969, 37.6847423569742], 
            [-121.073783528287, 37.8189391926897], 
            [-121.009634886741, 37.981554605061], 
            [-120.94423618755, 37.9828945949097], 
            [-120.631416007043, 37.8475466269753], 
            [-120.405407383644, 37.8819187155763], 
            [-120.262523096963, 38.058923280685], 
            [-120.25737897486, 38.3106525146019], 
            [-120.317831402797, 38.4352625773062], 
            [-120.509351025729, 38.6573141837027], 
            [-120.566655826505, 38.7447192933608], 
            [-120.666444600738, 38.7702960123512], 
            [-120.815273406143, 38.8065746636898], 
            [-121.129766325655, 39.0908143895725], 
            [-121.249403137445, 39.1524449293901], 
            [-121.330800775835, 39.0378982803814], 
            [-121.25204714426, 38.885022525769], 
            [-121.280321829389, 38.8239315791791], 
            [-121.384436342663, 38.7702960123512], 
            [-121.432100411105, 38.7923473889209], 
            [-121.51065619183, 38.8456052404895], 
            [-121.882220088386, 38.8153070807572], 
            [-122.190246882388, 38.7702960123512], 
            [-122.381739525659, 38.8269263215926], 
            [-122.634323115519, 38.9724006557657], 
            [-122.737448374543, 38.9503402859755], 
            [-123.126629989982, 38.7327852898094], 
            [-123.42365807536, 38.6237784646045]
          ], 
          [
            [-119.034975483732, 36.1931268113534], 
            [-118.974738893085, 36.3288075284448], 
            [-119.006520934194, 36.4449100045931], 
            [-119.093530342151, 36.519877490354], 
            [-119.292955005869, 36.5242212158365], 
            [-119.135411769837, 36.3402469048709], 
            [-119.052979911094, 36.2086311234277], 
            [-119.034975483732, 36.1931268113534]
          ], 
          [
            [-119.597627328638, 35.8105192400709], 
            [-119.587213179345, 35.8226061283702], 
            [-119.471866133715, 35.8948576615519], 
            [-119.429669943313, 36.0600181553137], 
            [-119.497191042532, 36.1810309298336], 
            [-119.522497964909, 36.4838596424087], 
            [-119.62362672899, 36.5186274327099], 
            [-119.839805762426, 36.4594610352986], 
            [-120.028600439559, 36.3032937619976], 
            [-120.058161155213, 36.1236721697349], 
            [-119.963867238682, 35.9546535843955], 
            [-119.809921290835, 35.8220305622607], 
            [-119.597627328638, 35.8105192400709]
          ]
        ]
      }, 
      "properties" : {
        "OBJECTID" : 78, 
        "Id" : 78, 
        "gridcode" : 2, 
        "Unixtime" : 1790953200, 
        "Timestamp" : 1790953200000, 
        "Shape__Area" : 249716801263.07422, 
        "Shape__Length" : 5245754.1843302716
      }
    }, 
    {
      "type" : "Feature", 
      "id" : 79, 
      "geometry" : 
      {
        "type" : "Polygon", 
        "coordinates" : 
        [
          [
            [-83.362835926137, 34.7077255810708], 
            [-83.5373044030757, 34.7262875881018], 
            [-83.7981527625399, 34.7717123446491], 
            [-84.0535782100663, 34.7615859784103], 
            [-84.2072723477406, 34.7860655245044], 
            [-84.2063550392536, 34.8093669587183], 
            [-84.2513930873211, 34.8944967835998], 
            [-84.2072453680792, 34.966973147293], 
            [-84.1543472453291, 34.9919383272921], 
            [-84.2288920497283, 35.2046189979685], 
            [-84.2001227374743, 35.516845625925], 
            [-84.112654675273, 35.7021869064007], 
            [-83.6265081568259, 35.6829144349533], 
            [-83.3072038643668, 35.8879238885767], 
            [-83.1765413642925, 35.8931039835621], 
            [-83.0845946783017, 35.8079112061374], 
            [-82.9994828398611, 35.5171873683025], 
            [-82.9891766092131, 35.257094439357], 
            [-83.0223615927133, 35.0142505072552], 
            [-83.1397590926079, 34.8145560469241], 
            [-83.2712849418465, 34.7449575137783], 
            [-83.3520080887023, 34.7194077744493], 
            [-83.362835926137, 34.7077255810708]
          ]
        ]
      }, 
      "properties" : {
        "OBJECTID" : 79, 
        "Id" : 79, 
        "gridcode" : 1, 
        "Unixtime" : 1790953200, 
        "Timestamp" : 1790953200000, 
        "Shape__Area" : 17750271950.847656, 
        "Shape__Length" : 527221.80446163879
      }
    }, 
    {
      "type" : "Feature", 
      "id" : 80, 
      "geometry" : 
      {
        "type" : "Polygon", 
        "coordinates" : 
        [
          [
            [-76.8810801976929, 34.6627055194443], 
            [-76.842220492082, 34.7917942059379], 
            [-76.540758749017, 35.3208563724237], 
            [-76.5209826572238, 35.3378895319764], 
            [-76.4921593856471, 35.3491490439933], 
            [-76.5209826572238, 35.3603995627897], 
            [-76.3841148350315, 35.6198090069802], 
            [-76.2291616464927, 35.811769297715], 
            [-75.9243454321959, 36.0240992327934], 
            [-75.7672608504079, 36.1370810614419], 
            [-75.7107654394734, 36.1706167805401], 
            [-75.5277803827584, 35.8562677525548], 
            [-75.452588066486, 35.7141748692749], 
            [-75.4507624427325, 35.6681295805158], 
            [-75.4937140636531, 35.4214815161591], 
            [-75.5252802674703, 35.1904906486246], 
            [-75.6384779334098, 35.1949782656345], 
            [-75.8469048108083, 35.128995007114], 
            [-76.0926985192212, 34.9940517341003], 
            [-76.3902931774881, 34.7495080833315], 
            [-76.4651527446034, 34.6518866752299], 
            [-76.5232849216617, 34.5618645384178], 
            [-76.5596265255436, 34.5865329421417], 
            [-76.6191076856711, 34.650735543011], 
            [-76.8810801976929, 34.6627055194443]
          ], 
          [
            [-76.1608851167547, 35.0228030599134], 
            [-76.129642668874, 35.0590727180316], 
            [-76.0812771292361, 35.1007383084263], 
            [-76.0197005487413, 35.1722164246484], 
            [-75.9238777847319, 35.164518227934], 
            [-75.6775534763118, 35.2600711953295], 
            [-75.6538743268387, 35.2581646325918], 
            [-75.6103291533677, 35.2824643142767], 
            [-75.5636363527354, 35.3032926128639], 
            [-75.5352627421818, 35.3669016611828], 
            [-75.5445077728154, 35.4819789101986], 
            [-75.5186252843293, 35.5283569481147], 
            [-75.4977969857422, 35.5858326200794], 
            [-75.5493461254233, 35.7262077982514], 
            [-75.6103291533677, 35.7534212833656], 
            [-75.6311574519548, 35.7775950599641], 
            [-75.6590364353831, 35.8016159518148], 
            [-75.702131947831, 35.7981535619374], 
            [-75.6946136155259, 35.7045251437205], 
            [-75.7249747278014, 35.5653370706494], 
            [-75.9148755710507, 35.5221965920991], 
            [-76.030762209908, 35.3608042577104], 
            [-76.1054598990551, 35.3274753826829], 
            [-76.1518379369712, 35.3016018874172], 
            [-76.2058961851608, 35.3059456128998], 
            [-76.2867632235439, 35.2994435145067], 
            [-76.4450439036532, 35.3281408809969], 
            [-76.4393511951015, 35.2572383308843], 
            [-76.5289776302134, 35.0965924337939], 
            [-76.6019126481501, 35.0337568024345], 
            [-76.549347274557, 35.0123889106198], 
            [-76.4698921717862, 35.1046233796653], 
            [-76.2802611251507, 35.0349798804172], 
            [-76.1608851167547, 35.0228030599134]
          ]
        ]
      }, 
      "properties" : {
        "OBJECTID" : 80, 
        "Id" : 80, 
        "gridcode" : 1, 
        "Unixtime" : 1790953200, 
        "Timestamp" : 1790953200000, 
        "Shape__Area" : 11492078861.828125, 
        "Shape__Length" : 982184.24076999072
      }
    }, 
    {
      "type" : "Feature", 
      "id" : 81, 
      "geometry" : 
      {
        "type" : "Polygon", 
        "coordinates" : 
        [
          [
            [-119.777680595483, 33.9200094009132], 
            [-119.888153315623, 33.9387782520148], 
            [-119.922516411004, 34.0227389582364], 
            [-119.96752747941, 34.0574797688763], 
            [-119.937589048496, 34.1075180475199], 
            [-119.655156959926, 34.0611220231629], 
            [-119.500626452749, 34.0839558099128], 
            [-119.489034191575, 34.0055169410541], 
            [-119.539917832942, 33.9748230796215], 
            [-119.764856263106, 33.9366108858837], 
            [-119.777680595483, 33.9200094009132]
          ]
        ]
      }, 
      "properties" : {
        "OBJECTID" : 81, 
        "Id" : 81, 
        "gridcode" : 1, 
        "Unixtime" : 1790953200, 
        "Timestamp" : 1790953200000, 
        "Shape__Area" : 837962710.890625, 
        "Shape__Length" : 134162.34887225911
      }
    }, 
    {
      "type" : "Feature", 
      "id" : 82, 
      "geometry" : 
      {
        "type" : "Polygon", 
        "coordinates" : 
        [
          [
            [-120.04774700592, 33.8749983325071], 
            [-120.181368275525, 33.8886230615051], 
            [-120.238214422058, 33.9546063200257], 
            [-120.262397191877, 33.9754346186128], 
            [-120.28333340911, 33.9997432935182], 
            [-120.427467753434, 33.9881600255648], 
            [-120.485779794902, 34.0383961550586], 
            [-120.451803408001, 34.0852688201001], 
            [-120.352536240555, 34.0932458066487], 
            [-120.250849896805, 34.0365165719823], 
            [-120.022008408961, 34.0548987146041], 
            [-119.99232178822, 34.0204456870189], 
            [-119.947850313041, 33.9821345678561], 
            [-119.943758397732, 33.9312599197096], 
            [-120.033942412512, 33.8910152581477], 
            [-120.04774700592, 33.8749983325071]
          ]
        ]
      }, 
      "properties" : {
        "OBJECTID" : 82, 
        "Id" : 82, 
        "gridcode" : 1, 
        "Unixtime" : 1790953200, 
        "Timestamp" : 1790953200000, 
        "Shape__Area" : 898198303.94921875, 
        "Shape__Length" : 150640.42077548828
      }
    }, 
    {
      "type" : "Feature", 
      "id" : 83, 
      "geometry" : 
      {
        "type" : "Polygon", 
        "coordinates" : 
        [
          [
            [-81.5848582546047, 33.514900792038], 
            [-81.7825742064345, 33.535063592311], 
            [-81.9437057374298, 33.6069733831152], 
            [-82.1336785264428, 33.77063200906], 
            [-82.2254363548039, 33.977350174571], 
            [-82.1913520492576, 34.1242814104588], 
            [-82.0243299588604, 34.2174601676527], 
            [-81.8232865154603, 34.2336209848207], 
            [-81.6784866728216, 34.1690046958101], 
            [-81.5119322298884, 33.9021578582986], 
            [-81.4394019068724, 33.6599884177314], 
            [-81.4822635955884, 33.5681226707247], 
            [-81.5744351120907, 33.5269876803372], 
            [-81.5848582546047, 33.514900792038]
          ]
        ]
      }, 
      "properties" : {
        "OBJECTID" : 83, 
        "Id" : 83, 
        "gridcode" : 1, 
        "Unixtime" : 1790953200, 
        "Timestamp" : 1790953200000, 
        "Shape__Area" : 5847749140.0585938, 
        "Shape__Length" : 286411.27675862075
      }
    }, 
    {
      "type" : "Feature", 
      "id" : 84, 
      "geometry" : 
      {
        "type" : "Polygon", 
        "coordinates" : 
        [
          [
            [-118.2922793652, 33.2673354191943], 
            [-118.488079761072, 33.303047497644], 
            [-118.527748856524, 33.391954475119], 
            [-118.617375291636, 33.431947326508], 
            [-118.623382762904, 33.5067439410801], 
            [-118.562345775637, 33.5018336427085], 
            [-118.527964693816, 33.5046035546104], 
            [-118.449552804618, 33.4608515370688], 
            [-118.366005786538, 33.4356974994402], 
            [-118.326867291093, 33.3902817361133], 
            [-118.266288958069, 33.3380850845591], 
            [-118.2922793652, 33.2673354191943]
          ]
        ]
      }, 
      "properties" : {
        "OBJECTID" : 84, 
        "Id" : 84, 
        "gridcode" : 2, 
        "Unixtime" : 1790953200, 
        "Timestamp" : 1790953200000, 
        "Shape__Area" : 658588055.16796875, 
        "Shape__Length" : 114338.21290197145
      }
    }, 
    {
      "type" : "Feature", 
      "id" : 85, 
      "geometry" : 
      {
        "type" : "Polygon", 
        "coordinates" : 
        [
          [
            [-112.170621177225, 33.2673354191943], 
            [-112.228132822072, 33.2773448735671], 
            [-112.293162799224, 33.3248380708204], 
            [-112.360674905223, 33.3532926203582], 
            [-112.319090253812, 33.4344564350165], 
            [-112.093747128727, 33.4626142082791], 
            [-112.089412396465, 33.4277564857733], 
            [-112.113109532379, 33.344856979566], 
            [-112.170621177225, 33.2673354191943]
          ]
        ]
      }, 
      "properties" : {
        "OBJECTID" : 85, 
        "Id" : 85, 
        "gridcode" : 2, 
        "Unixtime" : 1790953200, 
        "Timestamp" : 1790953200000, 
        "Shape__Area" : 511808408.6328125, 
        "Shape__Length" : 89892.891620683
      }
    }, 
    {
      "type" : "Feature", 
      "id" : 86, 
      "geometry" : 
      {
        "type" : "Polygon", 
        "coordinates" : 
        [
          [
            [-119.46259412342, 33.1773042891617], 
            [-119.493674693332, 33.1912347876554], 
            [-119.583049318271, 33.2122789235336], 
            [-119.619750650972, 33.2941981687106], 
            [-119.550206077149, 33.3158628368005], 
            [-119.41399476005, 33.2694398327822], 
            [-119.400001309013, 33.2245097033602], 
            [-119.4540145911, 33.1912347876554], 
            [-119.46259412342, 33.1773042891617]
          ]
        ]
      }, 
      "properties" : {
        "OBJECTID" : 86, 
        "Id" : 86, 
        "gridcode" : 1, 
        "Unixtime" : 1790953200, 
        "Timestamp" : 1790953200000, 
        "Shape__Area" : 276642329.42578125, 
        "Shape__Length" : 66273.7132582574
      }
    }, 
    {
      "type" : "Feature", 
      "id" : 87, 
      "geometry" : 
      {
        "type" : "Polygon", 
        "coordinates" : 
        [
          [
            [-118.539844738044, 32.8847278479119], 
            [-118.495004540827, 32.8620469459099], 
            [-118.472323638825, 32.8172067486926], 
            [-118.526049137857, 32.8310023488794], 
            [-118.539844738044, 32.8847278479119]
          ]
        ]
      }, 
      "properties" : {
        "OBJECTID" : 87, 
        "Id" : 87, 
        "gridcode" : 1, 
        "Unixtime" : 1790953200, 
        "Timestamp" : 1790953200000, 
        "Shape__Area" : 30919623.125, 
        "Shape__Length" : 25819.331146378809
      }
    }, 
    {
      "type" : "Feature", 
      "id" : 88, 
      "geometry" : 
      {
        "type" : "Polygon", 
        "coordinates" : 
        [
          [
            [-118.472323638825, 32.8172067486926], 
            [-118.495004540827, 32.8620469459099], 
            [-118.539844738044, 32.8847278479119], 
            [-118.571446914743, 32.9129665601587], 
            [-118.64048786822, 33.0339883278991], 
            [-118.596879742206, 33.0754021081209], 
            [-118.371572590003, 32.8752579867668], 
            [-118.304159409429, 32.8081685621295], 
            [-118.404802539605, 32.7947057110998], 
            [-118.434875868826, 32.8096524435056], 
            [-118.472323638825, 32.8172067486926]
          ]
        ]
      }, 
      "properties" : {
        "OBJECTID" : 88, 
        "Id" : 88, 
        "gridcode" : 2, 
        "Unixtime" : 1790953200, 
        "Timestamp" : 1790953200000, 
        "Shape__Area" : 493443795.109375, 
        "Shape__Length" : 110242.56279944736
      }
    }, 
    {
      "type" : "Feature", 
      "id" : 89, 
      "geometry" : 
      {
        "type" : "Polygon", 
        "coordinates" : 
        [
          [
            [-118.472323638825, 32.8172067486926], 
            [-118.434875868826, 32.8096524435056], 
            [-118.404802539605, 32.7947057110998], 
            [-118.429551882313, 32.7637960123761], 
            [-118.472323638825, 32.8172067486926]
          ]
        ]
      }, 
      "properties" : {
        "OBJECTID" : 89, 
        "Id" : 89, 
        "gridcode" : 1, 
        "Unixtime" : 1790953200, 
        "Timestamp" : 1790953200000, 
        "Shape__Area" : 21936880.8984375, 
        "Shape__Length" : 21635.744652634836
      }
    }, 
    {
      "type" : "Feature", 
      "id" : 90, 
      "geometry" : 
      {
        "type" : "Polygon", 
        "coordinates" : 
        [
          [
            [-112.0580890096, 32.7721956802865], 
            [-112.157536041455, 32.7840667312947], 
            [-112.17929064175, 32.9104124855478], 
            [-112.028717151575, 32.9552346963243], 
            [-112.009984273355, 32.8463897490877], 
            [-112.0580890096, 32.7721956802865]
          ]
        ]
      }, 
      "properties" : {
        "OBJECTID" : 90, 
        "Id" : 90, 
        "gridcode" : 2, 
        "Unixtime" : 1790953200, 
        "Timestamp" : 1790953200000, 
        "Shape__Area" : 333233516.58984375, 
        "Shape__Length" : 71654.0280566382
      }
    }, 
    {
      "type" : "Feature", 
      "id" : 91, 
      "geometry" : 
      {
        "type" : "Polygon", 
        "coordinates" : 
        [
          [
            [-83.6104012989807, 32.7046835742876], 
            [-83.7058733273921, 32.7147379947627], 
            [-83.7765240673318, 32.8019632400116], 
            [-83.7557137551856, 32.8919404107215], 
            [-83.6706558760678, 32.9608284794509], 
            [-83.567134915344, 32.9264473976294], 
            [-83.5343006674418, 32.8210558470497], 
            [-83.5694551662229, 32.7385430493223], 
            [-83.6018217666611, 32.7186050795609], 
            [-83.6104012989807, 32.7046835742876]
          ]
        ]
      }, 
      "properties" : {
        "OBJECTID" : 91, 
        "Id" : 91, 
        "gridcode" : 2, 
        "Unixtime" : 1790953200, 
        "Timestamp" : 1790953200000, 
        "Shape__Area" : 654208081.640625, 
        "Shape__Length" : 94962.09263097815
      }
    }, 
    {
      "type" : "Feature", 
      "id" : 92, 
      "geometry" : 
      {
        "type" : "Polygon", 
        "coordinates" : 
        [
          [
            [-117.009432439356, 32.4796192390367], 
            [-117.108034108487, 32.4900064086689], 
            [-117.07685461315, 32.5782209081685], 
            [-117.018011971675, 32.5610618435293], 
            [-117.009432439356, 32.4796192390367]
          ]
        ]
      }, 
      "properties" : {
        "OBJECTID" : 92, 
        "Id" : 92, 
        "gridcode" : 3, 
        "Unixtime" : 1790953200, 
        "Timestamp" : 1790953200000, 
        "Shape__Area" : 100436582.609375, 
        "Shape__Length" : 40941.369989228595
      }
    }, 
    {
      "type" : "Feature", 
      "id" : 93, 
      "geometry" : 
      {
        "type" : "Polygon", 
        "coordinates" : 
        [
          [
            [-115.231445774603, 31.9844884933494], 
            [-115.82534006739, 31.9948217036588], 
            [-115.868642423909, 32.0684761792324], 
            [-115.911674983813, 32.3354579150508], 
            [-115.828370782685, 32.5331648736601], 
            [-115.716576059138, 32.6271530206954], 
            [-115.533060402416, 32.7275353474784], 
            [-115.400716170115, 32.8242034742111], 
            [-115.274154578571, 32.8399506032378], 
            [-115.159455044814, 32.7916120432613], 
            [-115.086403115012, 32.6673437229346], 
            [-115.107276379701, 32.3177952300659], 
            [-115.165210705909, 32.1151420002032], 
            [-115.22143632023, 32.0194901073826], 
            [-115.231445774603, 31.9844884933494]
          ]
        ]
      }, 
      "properties" : {
        "OBJECTID" : 93, 
        "Id" : 93, 
        "gridcode" : 2, 
        "Unixtime" : 1790953200, 
        "Timestamp" : 1790953200000, 
        "Shape__Area" : 8064762974.84375, 
        "Shape__Length" : 340777.52579784766
      }
    }, 
    {
      "type" : "Feature", 
      "id" : 94, 
      "geometry" : 
      {
        "type" : "Polygon", 
        "coordinates" : 
        [
          [
            [-71.7722025251264, 41.3020044839199], 
            [-71.8970284251217, 41.2692871478836], 
            [-72.0326551828903, 41.2183225675325], 
            [-72.0844741191852, 41.2806995446484], 
            [-72.3964039708665, 41.2376040322004], 
            [-72.5486591932671, 41.2220817336851], 
            [-72.6135452788914, 41.2287007439443], 
            [-72.6449945708427, 41.1908392858045], 
            [-72.7958378576309, 41.2244199710049], 
            [-72.8637456653302, 41.2174951912502], 
            [-72.9320042086273, 41.2244559438868], 
            [-73.0877667870076, 41.1321675155185], 
            [-73.2804645218202, 41.0978313997994], 
            [-73.3641554314279, 41.0375948091532], 
            [-73.5219954437347, 40.9912797237803], 
            [-73.6074849974346, 40.9542006758206], 
            [-73.617701295878, 40.9419069434508], 
            [-73.5380933083594, 40.9523210927443], 
            [-73.3901818114414, 40.9791388761583], 
            [-73.2179976124997, 40.9320144009439], 
            [-73.179668506896, 40.9765038625633], 
            [-73.1460338623728, 41.0054800188878], 
            [-72.8975062149398, 40.9855150694649], 
            [-72.6264955163549, 41.0072876562004], 
            [-72.4594734259578, 41.1115370677815], 
            [-72.412789618546, 41.1323743595891], 
            [-72.3550081770857, 41.1646150549409], 
            [-72.1176950755672, 41.2292043642901], 
            [-72.0543648170826, 41.2129356284765], 
            [-72.1443869538948, 41.1565481361876], 
            [-72.1548011031883, 41.1444612478884], 
            [-72.0603183290276, 41.1264208476441], 
            [-72.0312792201598, 41.0648982264721], 
            [-71.9477501885203, 41.1090999050367], 
            [-71.8773332723126, 41.1118878033795], 
            [-71.8063857560977, 41.0784060436041], 
            [-71.8640772653534, 41.0318301548378], 
            [-72.4176459575948, 40.8278998876698], 
            [-72.7741552031001, 40.7285248015784], 
            [-73.1986082291864, 40.5962884879235], 
            [-73.2913643050186, 40.5926192539755], 
            [-73.3508004990437, 40.5949754777362], 
            [-73.4934869348741, 40.5701272096031], 
            [-73.8319377936942, 40.5484805279541], 
            [-73.9473477918671, 40.5182363275446], 
            [-74.0643226104001, 40.5592364196252], 
            [-74.146160916593, 40.4834055847], 
            [-74.0939192989364, 40.4794935337996], 
            [-73.9464574630414, 40.4853391270991], 
            [-73.9398294595618, 40.3181101926314], 
            [-73.9669709989124, 40.1883829874849], 
            [-73.9777988363472, 40.1767007941065], 
            [-74.1846608933855, 40.2094181301427], 
            [-74.3435980785884, 40.1481653055845], 
            [-74.4381348120718, 40.0168103275346], 
            [-74.4139790219143, 39.8187526333275], 
            [-74.2376579415607, 39.7142873844553], 
            [-74.1494254556202, 39.6760212313948], 
            [-74.1353420723786, 39.6590600176058], 
            [-74.1701368423413, 39.5968988777811], 
            [-74.3182102172277, 39.400738753091], 
            [-74.3603974144091, 39.3889846139489], 
            [-74.3811987333348, 39.4191029092719], 
            [-74.517383070772, 39.3681473221413], 
            [-74.5718460138824, 39.2845103718562], 
            [-74.5854617496599, 39.2314413779173], 
            [-74.6650697371786, 39.1310050918116], 
            [-74.6966899003186, 39.0601385145808], 
            [-74.7821075082549, 38.9609972522215], 
            [-74.8792073095696, 38.9068220921659], 
            [-74.9709471514898, 38.8994476513881], 
            [-75.0159582198959, 38.9382354112353], 
            [-74.969742059948, 39.0418193245023], 
            [-74.9126351100222, 39.1441621733457], 
            [-75.0690991595985, 39.1779137297349], 
            [-75.1558567573834, 39.1709439838779], 
            [-75.2485588738929, 39.243537259437], 
            [-75.2952426813046, 39.2643655580242], 
            [-75.3610820482978, 39.311049365436], 
            [-75.3956789674103, 39.32147250795], 
            [-75.360461516086, 39.198175455433], 
            [-75.3731239704948, 39.0963632065968], 
            [-75.2856828879549, 38.9870236322349], 
            [-75.2506363078193, 38.9038633226343], 
            [-75.165218699883, 38.8354608878098], 
            [-75.0601059391377, 38.8485370303598], 
            [-75.010652219824, 38.5087192020296], 
            [-75.0276943725972, 38.3716535289873], 
            [-75.1143440517366, 38.224245652415], 
            [-75.1481135945667, 38.1061376881039], 
            [-75.3402357632698, 38.2294976931641], 
            [-75.4782816973424, 38.2028417877184], 
            [-75.7557765078795, 37.9485944520724], 
            [-75.7782865386927, 37.9485944520724], 
            [-75.7782865386927, 37.9260934144796], 
            [-75.8007875762855, 37.9260934144796], 
            [-75.8007875762855, 37.9035833836663], 
            [-75.8353844953981, 37.8931692343727], 
            [-75.9223219575922, 37.8612433017371], 
            [-75.9358297747243, 37.9936055204785], 
            [-75.9662718259839, 37.9673812896149], 
            [-75.9721174192834, 37.8945362038828], 
            [-75.9254156254307, 37.8108183146136], 
            [-75.997091592503, 37.7581360291545], 
            [-76.0390269795114, 37.8571963525297], 
            [-76.0361401557435, 37.8930613157272], 
            [-76.0787950003889, 37.9298166077504], 
            [-76.0839211360515, 37.9936055204785], 
            [-76.0777697732564, 38.0701917859222], 
            [-76.1054598990551, 38.0940507998047], 
            [-76.1262881976422, 38.1857456756225], 
            [-76.2022539308742, 38.2333288050804], 
            [-76.2388203652676, 38.2757768056551], 
            [-76.2832468743437, 38.3140519519361], 
            [-76.3249124647384, 38.4074195667597], 
            [-76.3409383835995, 38.421224160167], 
            [-76.3556153193914, 38.3318765148894], 
            [-76.3488614108254, 38.2861909549487], 
            [-76.3567664516104, 38.2326992796481], 
            [-76.2861247048912, 38.1374071156459], 
            [-76.3091743289321, 38.0063129409895], 
            [-76.3536368108901, 38.0259181615939], 
            [-76.418262093121, 38.0738340402089], 
            [-76.498481619631, 38.0836366505111], 
            [-76.4890837042495, 38.0480145042661], 
            [-76.4403584357931, 38.0292276667235], 
            [-76.3784131332594, 37.9899003136487], 
            [-76.2440454263553, 37.9380723841333], 
            [-76.1965072629997, 37.865497095015], 
            [-76.2781477183425, 37.7369030356466], 
            [-76.2554937960018, 37.6222574612129], 
            [-76.2713668301151, 37.5419480024984], 
            [-76.2378041313555, 37.4890768594096], 
            [-76.1991152969334, 37.3887664783903], 
            [-76.2705484470531, 37.2762433039854], 
            [-76.3184283527862, 37.2959204703535], 
            [-76.3290493461503, 37.2615303953116], 
            [-76.36612839411, 37.2283993711342], 
            [-76.2933912270234, 37.1634143600847], 
            [-76.2336312770617, 37.0965227862976], 
            [-76.2628592435592, 37.0150442089232], 
            [-76.2607098638691, 36.9789364287732], 
            [-76.1129872245807, 36.9445643401722], 
            [-75.9789432736131, 36.9525593131618], 
            [-75.8485145972708, 36.5956004066335], 
            [-75.7660467656457, 36.2962071042745], 
            [-75.7107654394734, 36.1706167805401], 
            [-75.7672608504079, 36.1370810614419], 
            [-75.9243454321959, 36.0240992327934], 
            [-76.2291616464927, 35.811769297715], 
            [-76.3841148350315, 35.6198090069802], 
            [-76.5209826572238, 35.3603995627897], 
            [-76.5209826572238, 35.3378895319764], 
            [-76.540758749017, 35.3208563724237], 
            [-76.842220492082, 34.7917942059379], 
            [-76.8810801976929, 34.6627055194443], 
            [-77.1631885303264, 34.5986198304409], 
            [-77.5640613323645, 34.3821080478482], 
            [-77.8014104067648, 34.1621968279214], 
            [-77.9514892698139, 33.8055796637706], 
            [-78.0990860040158, 33.8836767902517], 
            [-78.1864371543512, 33.8871391801292], 
            [-78.2201977039608, 33.885808183501], 
            [-78.2430404839311, 33.886707505547], 
            [-78.2764592911633, 33.8749983325071], 
            [-78.506029229865, 34.3507037219993], 
            [-78.5350503522919, 34.5711905080356], 
            [-78.4201349812443, 34.8367962811236], 
            [-78.3758073975933, 34.9733943067019], 
            [-78.3784783840701, 35.1043535830515], 
            [-78.4706858734542, 35.2403760425204], 
            [-78.6517463809906, 35.3282128267607], 
            [-78.8922250961112, 35.3751574375657], 
            [-79.0789513325379, 35.3713533053109], 
            [-79.2121589140026, 35.3257576775748], 
            [-79.3025587660741, 35.1878736214705], 
            [-79.3788122823609, 34.7972980568599], 
            [-79.4178338659401, 34.683273014638], 
            [-79.5502950101066, 34.6516798311594], 
            [-80.1076678346028, 34.972692835506], 
            [-80.2715512910592, 35.0113277106054], 
            [-80.5077492332405, 34.9304876518837], 
            [-80.7605396671718, 35.0398631991274], 
            [-81.0833063495083, 35.0332711685297], 
            [-81.2261096972047, 34.9597066251607], 
            [-81.2847994539316, 34.8701881086943], 
            [-81.2803028437012, 34.6498632006263], 
            [-81.1385606960192, 34.5569362536053], 
            [-80.7673205553992, 34.4364720655335], 
            [-80.602618715881, 34.2650432971105], 
            [-80.4211445202034, 33.9449565944714], 
            [-80.4265314592594, 33.6811494654755], 
            [-80.603068376904, 33.4484948521557], 
            [-81.0260015487324, 33.0421541720775], 
            [-81.7891032844889, 32.5588045451937], 
            [-82.0032228704391, 32.4910945883446], 
            [-82.1430044960606, 32.5858471591192], 
            [-82.3266550510897, 32.9643987879738], 
            [-82.4213446693209, 33.1482202141916], 
            [-82.6720486761055, 33.5180664056402], 
            [-82.792234074343, 33.5934475795422], 
            [-82.9316289914847, 33.5457295517775], 
            [-83.1251720890206, 33.4460307097496], 
            [-83.3405956919376, 33.3415204947751], 
            [-83.5791138849978, 33.3463858270443], 
            [-83.6493329503553, 33.4194647365085], 
            [-83.7383568396963, 33.6029624067897], 
            [-83.7321155446966, 33.9087588821168], 
            [-83.7347415650711, 34.0375238126739], 
            [-83.9268367541129, 34.1634648720063], 
            [-84.1701663201195, 34.4167319466221], 
            [-84.2860349725359, 34.3770718443902], 
            [-84.319121030611, 34.1206031832904], 
            [-84.1761378185055, 33.8012089586266], 
            [-84.2996507083135, 33.720234001598], 
            [-84.2958465760586, 33.5340833312808], 
            [-84.4167784115944, 33.3747234647162], 
            [-84.4991653042354, 33.1658289398538], 
            [-84.5585385457172, 33.0782439657865], 
            [-84.8274268442734, 33.1471500209568], 
            [-85.0475179286095, 33.260536544526], 
            [-85.2457464940055, 33.5001519104824], 
            [-85.425970632039, 33.6183138341162], 
            [-85.5970846377458, 33.673837977241], 
            [-85.8191722170241, 33.6359585326602], 
            [-86.2816215995571, 33.5021214257633], 
            [-86.3845580009509, 33.5042258393511], 
            [-86.5247173418318, 33.7514404765968], 
            [-86.6496061943703, 33.900215322679], 
            [-86.8627545125107, 34.0210572260103], 
            [-86.8848148823009, 34.0687212944522], 
            [-86.8283194713665, 34.1783756315302], 
            [-86.7895137250783, 34.2583613343082], 
            [-86.7953233454959, 34.5428348839228], 
            [-86.8681594380076, 34.6842262960068], 
            [-87.0001259550487, 34.8110127180625], 
            [-87.1229643533222, 34.808503609554], 
            [-87.2977835658588, 34.6673909873043], 
            [-87.3417963867938, 34.6215795222772], 
            [-87.477396164901, 34.4386574181054], 
            [-87.5158062094889, 34.241903740865], 
            [-87.5141334704832, 34.1601104007744], 
            [-87.4249566963943, 33.9539947810344], 
            [-87.4014034520076, 33.8573806136245], 
            [-87.3471563461883, 33.6988840962242], 
            [-86.9990827414753, 33.4922648561383], 
            [-86.8129950237013, 33.3420421015618], 
            [-86.6773682659327, 33.135189037744], 
            [-86.6845268694194, 32.7847142431678], 
            [-86.2701012841469, 32.759362354689], 
            [-86.1257241228699, 32.7099446082572], 
            [-85.9820484327889, 32.6009287898319], 
            [-85.8896610789955, 32.4600050252118], 
            [-85.8951019773743, 32.1930053029524], 
            [-85.9904211210378, 32.0079877784133], 
            [-86.1369206823435, 31.8672258917616], 
            [-86.2602716941833, 31.8371615557613], 
            [-86.3728398346906, 31.8394548269787], 
            [-86.6286879635786, 31.9432365910959], 
            [-86.7552675415637, 32.0454085687505], 
            [-86.8623048514876, 32.2660392463142], 
            [-86.885264543324, 32.288090622884], 
            [-86.9081522893966, 32.3820068241557], 
            [-86.9068572656502, 32.4457417775611], 
            [-87.0186969553002, 32.5286502769888], 
            [-87.3539822005181, 32.5650728198548], 
            [-87.5839928070224, 32.6583774821352], 
            [-87.8105050507674, 32.8537282169837], 
            [-87.9478585068645, 33.0851147862185], 
            [-88.0521438913275, 33.4064965126041], 
            [-88.1005903699495, 33.5259264803229], 
            [-88.1451517773326, 33.6389083089713], 
            [-88.1690017979945, 33.6852054079033], 
            [-88.1674189911934, 33.7628978394638], 
            [-88.322758888212, 33.955334770883], 
            [-88.3568072208765, 34.1992488962197], 
            [-88.4667583342297, 34.3441386710629], 
            [-88.3987605943259, 34.5117812936718], 
            [-88.3654766854007, 34.7841319821054], 
            [-88.2775859418377, 35.087851023506], 
            [-88.1379931738458, 35.4104648210947], 
            [-88.0919748647481, 35.4998034731519], 
            [-87.9597475443136, 35.7178441032229], 
            [-87.7828239181892, 35.8228669317636], 
            [-87.7143855104829, 35.8214729825921], 
            [-87.5728232272101, 35.6741370517836], 
            [-87.4828640429412, 35.5877032099353], 
            [-87.1891994220156, 35.3548777254268], 
            [-86.9714555682198, 35.2121193438327], 
            [-86.8137054881177, 35.2153389167577], 
            [-86.5856554036739, 35.3536276677827], 
            [-86.5026569720416, 35.4892544255514], 
            [-86.5962853902585, 35.6709984178428], 
            [-86.6900307203414, 35.7610655207573], 
            [-86.89006692305, 35.8922136547365], 
            [-87.1306625500366, 35.9871101170384], 
            [-87.4384645135264, 36.0372203414457], 
            [-87.4924777956137, 36.0908918811555], 
            [-87.1773913235507, 36.4292078416686], 
            [-87.1257432584446, 36.5079974461253], 
            [-87.0496336336852, 36.7778300328299], 
            [-86.9946400905677, 36.884579559699], 
            [-86.9032779639069, 36.972353391396], 
            [-86.4557213544569, 37.1623441668499], 
            [-86.384989675533, 37.2702268394971], 
            [-86.3438007258228, 37.3551228406467], 
            [-86.3467235224725, 37.4984747747911], 
            [-86.3445921292233, 37.6032817660408], 
            [-86.2924854098737, 37.7555100087799], 
            [-86.1656989878179, 37.8386343454987], 
            [-85.9794224124144, 37.875002929042], 
            [-85.7018466628931, 37.8693372001517], 
            [-85.5317309046575, 37.732010723716], 
            [-85.4401529407056, 37.5923280235195], 
            [-85.3435927326185, 37.2947693381345], 
            [-85.3098321830088, 37.3299058504747], 
            [-85.2418704159869, 37.3519572270445], 
            [-85.1507151333966, 37.4211330788286], 
            [-85.0999663903366, 37.5775071962002], 
            [-85.0587864338468, 37.8724938205335], 
            [-84.9717950123299, 38.2972166432336], 
            [-84.9162259031029, 38.581843077596], 
            [-84.7484124093051, 38.7430735340164], 
            [-84.6856397304891, 38.9022445429514], 
            [-84.4817364429824, 39.0981528574685], 
            [-84.6249624720404, 39.1330645392971], 
            [-84.5653733932674, 39.2424760594227], 
            [-84.4372289949221, 39.1090976067692], 
            [-84.3641320990171, 39.0853824844142], 
            [-84.2951361116422, 39.0617662874843], 
            [-84.1992503950896, 38.915509543131], 
            [-84.1564066928146, 38.6960479842271], 
            [-84.0968895598053, 38.6388600953172], 
            [-83.9047134317794, 38.6075726813342], 
            [-83.8694420211323, 38.680273875539], 
            [-83.7878825047737, 38.7337475643986], 
            [-83.7335274803089, 38.8166560638264], 
            [-83.7348674701576, 38.8822436206466], 
            [-83.50147541276, 39.1807915602824], 
            [-83.270025890982, 39.3181899824818], 
            [-82.8098068271233, 39.3744245900229], 
            [-82.600075932758, 39.4050734853532], 
            [-82.4674798902847, 39.4949607238584], 
            [-82.3165286848509, 39.7380564661331], 
            [-82.2068024020092, 39.8826584579216], 
            [-82.0552306643636, 39.9950197543583], 
            [-81.9040456351979, 40.0318739718064], 
            [-81.8211641154315, 40.0301832463598], 
            [-81.7986630778387, 40.0306419006033], 
            [-81.764902528229, 40.0299494226279], 
            [-81.7309621142101, 40.0306419006033], 
            [-81.5555223694617, 40.0007214561303], 
            [-81.4235648456411, 40.0345359650628], 
            [-81.1405751774025, 40.329072928373], 
            [-80.9412134662284, 40.6649157532595], 
            [-80.8628015770311, 40.7402519610592], 
            [-80.6169808889568, 40.7882397854378], 
            [-80.3927888960906, 40.9292714687034], 
            [-80.1310502078008, 41.0403827074961], 
            [-79.9937057449241, 41.1833299467198], 
            [-79.9083780691924, 41.3134798332278], 
            [-79.828734108792, 41.3900031461284], 
            [-79.6794196694821, 41.4263987093331], 
            [-79.6345524926034, 41.4254814008461], 
            [-79.5032694603173, 41.3805512714241], 
            [-79.3465266209068, 41.3296856164981], 
            [-79.140689791001, 41.2795124395475], 
            [-78.995296395812, 41.3167713519164], 
            [-78.6705422117536, 41.5835552368848], 
            [-78.4310527508837, 41.76888752414], 
            [-78.2967030304205, 41.8124776637133], 
            [-78.0758834952271, 41.8079720602625], 
            [-77.9213260083885, 41.6906914722338], 
            [-77.8656399872955, 41.6327301663642], 
            [-77.7928038947838, 41.4480723706434], 
            [-77.7208401446569, 41.2817337650013], 
            [-77.5315508403989, 41.0024942696949], 
            [-77.3573521600741, 40.7866929515186], 
            [-77.2023540054329, 40.7508279883211], 
            [-77.0005911043959, 40.8198869282392], 
            [-76.8335330411169, 40.9331295602811], 
            [-76.7791600302112, 41.0452120668834], 
            [-76.7808777353192, 41.1294965290417], 
            [-77.0088378875584, 41.3847511053793], 
            [-77.3594475804414, 41.6334676104419], 
            [-77.3872456248856, 41.7164930217356], 
            [-77.0593977729887, 41.8974995699493], 
            [-76.8610253160654, 42.0401770125592], 
            [-76.6536416522404, 42.3325106368565], 
            [-76.5271699929008, 42.3708217560193], 
            [-76.2026856054563, 42.3043618568143], 
            [-76.032030253993, 42.2812402870097], 
            [-75.8034765492033, 42.3280589927284], 
            [-75.6304379943179, 42.4171997939354], 
            [-75.5762988071442, 42.5287876734125], 
            [-75.6097176143763, 42.8884535392995], 
            [-75.6317689909461, 43.5464335210902], 
            [-75.5611002645655, 43.7528908832078], 
            [-75.3901571300474, 43.9171340684825], 
            [-75.1685641778944, 43.9480707468675], 
            [-74.9946532806243, 43.9226559058455], 
            [-74.8220014342187, 43.8337129554886], 
            [-74.7449655077519, 43.7963371312537], 
            [-74.4025396454882, 43.4905226694857], 
            [-74.2510758264881, 43.3782423120331], 
            [-73.9611343988334, 43.3841598510963], 
            [-73.7510617620906, 43.4560606486801], 
            [-73.368723987422, 43.8540106540685], 
            [-73.135556760536, 43.9671273810239], 
            [-72.5934454311617, 43.9912561915201], 
            [-72.311274145985, 44.1133391592749], 
            [-72.1589110049389, 44.1504811597778], 
            [-72.0721264274925, 44.1487184885674], 
            [-71.9222004491913, 44.0714757180301], 
            [-71.8962100420597, 43.6929510688369], 
            [-71.9466350291832, 43.3973259258509], 
            [-72.0762633089045, 43.2264997031988], 
            [-72.1002752075348, 42.8584701422833], 
            [-72.1437754149034, 42.7313689575114], 
            [-72.1658357846936, 42.6284145696767], 
            [-72.054607634035, 42.4643332623702], 
            [-72.031243247278, 42.006758205327], 
            [-72.07754034621, 41.8261113859318], 
            [-72.0752560682129, 41.7139569335657], 
            [-71.7722025251264, 41.3020044839199]
          ], 
          [
            [-72.4473865376585, 42.1122217016703], 
            [-72.4341934832426, 42.1457664139889], 
            [-72.4704001888176, 42.2699268156701], 
            [-72.5428765525108, 42.3676831220785], 
            [-72.7212211074681, 42.3413329861285], 
            [-72.7497655892105, 42.2252035303188], 
            [-72.5297734302995, 42.1351634070657], 
            [-72.4473865376585, 42.1122217016703]
          ], 
          [
            [-73.2576037554089, 41.6170909559829], 
            [-73.2363617686806, 41.6408600376607], 
            [-73.0523334983922, 41.8052920805651], 
            [-72.9994173892011, 41.9973962628274], 
            [-73.0484304407122, 42.1339942884057], 
            [-73.4781445007681, 42.1979720587636], 
            [-73.6179261263895, 42.1896353433964], 
            [-73.7712695284659, 42.1063131558275], 
            [-73.8083665628665, 41.9900038356086], 
            [-73.6679823914741, 41.7316645846529], 
            [-73.4483949274838, 41.6308775629492], 
            [-73.2576037554089, 41.6170909559829]
          ], 
          [
            [-73.9777988363472, 41.0994501794823], 
            [-73.9182367372356, 41.1948682485709], 
            [-73.9499917986825, 41.2813290700806], 
            [-74.1338941638845, 41.2665532088636], 
            [-74.1216453976169, 41.1141271152742], 
            [-73.9777988363472, 41.0994501794823]
          ], 
          [
            [-72.2242737312476, 41.1357018511596], 
            [-72.252386538408, 41.0896026030778], 
            [-72.1924557172575, 41.069385843482], 
            [-72.1548011031883, 41.1444612478884], 
            [-72.2242737312476, 41.1357018511596]
          ], 
          [
            [-73.6627123642841, 40.9419069434508], 
            [-73.6627123642841, 40.9193969126375], 
            [-73.617701295878, 40.9193969126375], 
            [-73.617701295878, 40.9419069434508], 
            [-73.6627123642841, 40.9419069434508]
          ], 
          [
            [-73.6889006222659, 40.9116987159231], 
            [-73.6708332423602, 40.8917787326025], 
            [-73.6627123642841, 40.9193969126375], 
            [-73.6889006222659, 40.9116987159231]
          ], 
          [
            [-74.6529828488793, 40.2442218933258], 
            [-74.6437917775684, 40.2575318596077], 
            [-74.5988886278079, 40.2885314905359], 
            [-74.622702675588, 40.3947863902798], 
            [-74.7268441685235, 40.466696181084], 
            [-74.8155532951484, 40.4468031774248], 
            [-74.8422181938145, 40.344649186211], 
            [-74.7726376471097, 40.2548608731309], 
            [-74.6529828488793, 40.2442218933258]
          ], 
          [
            [-76.6110137872564, 39.3889846139489], 
            [-76.6010043328836, 39.4014851903893], 
            [-76.4760345413609, 39.5015617476766], 
            [-76.4893984669656, 39.6090217389622], 
            [-76.6059865770189, 39.6581427091188], 
            [-76.7749422098151, 39.6197686374128], 
            [-76.8460785836597, 39.5247282835835], 
            [-76.755363968872, 39.4005409022409], 
            [-76.6110137872564, 39.3889846139489]
          ], 
          [
            [-75.4632000666297, 39.366483576356], 
            [-75.4708982633441, 39.3926628411173], 
            [-75.4908182466647, 39.3746044544321], 
            [-75.4632000666297, 39.366483576356]
          ], 
          [
            [-77.6687963778505, 39.366483576356], 
            [-77.6581753844864, 39.3783636205847], 
            [-77.6118962719953, 39.399605607313], 
            [-77.5541687898577, 39.4309739602801], 
            [-77.4462501443286, 39.5517619042885], 
            [-77.2311862702301, 39.5919076404254], 
            [-77.1029069735779, 39.6815070958759], 
            [-77.0730135087663, 39.9517353842807], 
            [-77.1989096019965, 40.0642225858037], 
            [-77.5314609081943, 40.1648117566573], 
            [-77.6661973371374, 40.1164731966808], 
            [-77.8905062418695, 39.8391762369938], 
            [-77.93404242212, 39.7443247407942], 
            [-77.9247524253841, 39.5885351827525], 
            [-77.8518713667701, 39.4544102928008], 
            [-77.775806708113, 39.3864575189994], 
            [-77.6687963778505, 39.366483576356]
          ], 
          [
            [-75.425887194938, 39.3701618035245], 
            [-75.4458071782586, 39.3520944236188], 
            [-75.4181889982236, 39.3439735455428], 
            [-75.425887194938, 39.3701618035245]
          ], 
          [
            [-78.9516433036954, 39.3439735455428], 
            [-78.9412291544019, 39.356060433842], 
            [-78.8567108685117, 39.3937780004545], 
            [-78.7446283619093, 39.4815518321514], 
            [-78.716164819151, 39.6788271161785], 
            [-78.7712213148118, 39.777500731074], 
            [-78.8770445399735, 39.8686740001051], 
            [-79.0826565393677, 39.8945385021502], 
            [-79.2167094835557, 39.7994891551005], 
            [-79.2667837350813, 39.6872717501912], 
            [-79.2533928298152, 39.5206723411557], 
            [-79.1291964552522, 39.3620858915507], 
            [-78.9516433036954, 39.3439735455428]
          ], 
          [
            [-75.3956789674103, 39.3439735455428], 
            [-75.4181889982236, 39.3439735455428], 
            [-75.4181889982236, 39.32147250795], 
            [-75.3956789674103, 39.32147250795], 
            [-75.3956789674103, 39.3439735455428]
          ], 
          [
            [-76.3822712248371, 38.946563133382], 
            [-76.4003386047427, 38.9664831167025], 
            [-76.4084594828188, 38.9388649366676], 
            [-76.3822712248371, 38.946563133382]
          ], 
          [
            [-76.9711113277255, 38.7588206630432], 
            [-76.9795469685177, 38.8278346368591], 
            [-77.0459798880613, 38.8164582129762], 
            [-77.0205740402597, 38.7684793818181], 
            [-76.9711113277255, 38.7588206630432]
          ], 
          [
            [-76.228406215974, 38.6462884954178], 
            [-76.2697840233139, 38.6998880893639], 
            [-76.3057299254956, 38.6594185972905], 
            [-76.228406215974, 38.6462884954178]
          ], 
          [
            [-76.3698605806012, 38.4999957781827], 
            [-76.3220975867342, 38.6300557324861], 
            [-76.3863181740444, 38.6853910179812], 
            [-76.4272912864636, 38.7588206630432], 
            [-76.3962287029922, 38.8144976909158], 
            [-76.4084594828188, 38.9388649366676], 
            [-76.4334516424793, 38.9188460279219], 
            [-76.4634710123773, 38.8138411858221], 
            [-76.5002802637231, 38.7512303849743], 
            [-76.4691996938108, 38.5013357680314], 
            [-76.3848252994479, 38.4337697027097], 
            [-76.3409383835995, 38.421224160167], 
            [-76.3698605806012, 38.4999957781827]
          ], 
          [
            [-82.5976297767927, 38.3537030609476], 
            [-82.5435625353826, 38.4370882010597], 
            [-82.6020184683775, 38.4983410256179], 
            [-82.6882364729348, 38.4449842486243], 
            [-82.6747286558028, 38.3664824272223], 
            [-82.5976297767927, 38.3537030609476]
          ], 
          [
            [-76.5061798163454, 38.1098159152724], 
            [-76.526099799666, 38.0917575285871], 
            [-76.498481619631, 38.0836366505111], 
            [-76.5061798163454, 38.1098159152724]
          ], 
          [
            [-75.9225108152219, 38.0028055850098], 
            [-75.9041286726001, 38.0741128300431], 
            [-75.9900319144413, 38.075632684301], 
            [-75.9358297747243, 37.9936055204785], 
            [-75.9225108152219, 38.0028055850098]
          ], 
          [
            [-83.0027383856679, 37.8585723152602], 
            [-82.9927289312951, 37.8710728917007], 
            [-82.870268248281, 37.9060834989544], 
            [-82.789949796346, 38.0063848867532], 
            [-82.7676645960442, 38.2005035503986], 
            [-82.8904220553335, 38.3539908440023], 
            [-83.0351589454289, 38.4087235837265], 
            [-83.2218582021942, 38.3554117728351], 
            [-83.3191288746978, 38.2339493372922], 
            [-83.3503353496966, 38.1007057829456], 
            [-83.301313304965, 37.9731639303712], 
            [-83.1568012453811, 37.8853811054537], 
            [-83.0027383856679, 37.8585723152602]
          ], 
          [
            [-76.3465771328284, 37.3472807524048], 
            [-76.3714074145205, 37.3073148806773], 
            [-76.3184283527862, 37.2959204703535], 
            [-76.3465771328284, 37.3472807524048]
          ], 
          [
            [-85.2983568337008, 37.2058983335413], 
            [-85.2813236741482, 37.2401714967173], 
            [-85.3081954168849, 37.2809737379477], 
            [-85.3284211697012, 37.2211058693405], 
            [-85.2983568337008, 37.2058983335413]
          ], 
          [
            [-77.6012752786311, 36.3056499857583], 
            [-77.590654285267, 36.3175390232074], 
            [-77.5218741351831, 36.3387810099358], 
            [-77.4046205268158, 36.4112663668494], 
            [-77.3655989432366, 36.5485298907419], 
            [-77.4156731947621, 36.6406744275828], 
            [-77.4683734666621, 36.6877629299154], 
            [-77.6086227397476, 36.7521364019735], 
            [-77.780294325123, 36.7419021170891], 
            [-77.8781045908542, 36.688752184166], 
            [-77.959475249583, 36.5976688473395], 
            [-77.9490341206281, 36.4224719195435], 
            [-77.8346583428082, 36.320281955448], 
            [-77.6012752786311, 36.3056499857583]
          ], 
          [
            [-82.4400865407612, 36.125605712134], 
            [-82.4300770863884, 36.1381062885744], 
            [-82.3622771973347, 36.1666777499783], 
            [-82.2759242944705, 36.2745064633027], 
            [-82.3074095593037, 36.527647632832], 
            [-82.3650201295753, 36.7293925474282], 
            [-82.4565261477635, 36.9320637637318], 
            [-82.5830787460872, 36.9853935610641], 
            [-82.7515037788762, 36.9644393573905], 
            [-82.9108006928976, 36.8480760778488], 
            [-83.0295291894205, 36.6998138453327], 
            [-83.0802599460396, 36.566606263868], 
            [-83.0492423286705, 36.3172062740504], 
            [-82.9588694562603, 36.1934775469513], 
            [-82.7579339315057, 36.136028854648], 
            [-82.4400865407612, 36.125605712134]
          ], 
          [
            [-85.5459222065446, 36.9808339982904], 
            [-85.6031550615568, 36.9478378724199], 
            [-85.6012215191577, 36.9238169805693], 
            [-85.6705412624692, 36.8803977121847], 
            [-85.7524065483235, 36.822355467331], 
            [-85.8115279796325, 36.753728201995], 
            [-85.9289884320704, 36.4904876458882], 
            [-86.0025619686598, 36.1666687567578], 
            [-85.9766704869534, 35.8444686473103], 
            [-85.8562242853225, 35.6906665909905], 
            [-85.5843322511324, 35.6650628923387], 
            [-85.3549421768399, 35.7151011709823], 
            [-85.2309256666861, 35.7842950092074], 
            [-85.1778296930858, 35.845925549025], 
            [-85.0968277563958, 36.0274626972458], 
            [-85.04245474549, 36.3842687190262], 
            [-85.0929157054953, 36.5686567181331], 
            [-85.1649963674883, 36.6978353368314], 
            [-85.1962478085894, 36.7678655445593], 
            [-85.3104437220001, 36.9237360415851], 
            [-85.3312810138077, 36.9704198489969], 
            [-85.3564350514364, 36.9920935103073], 
            [-85.3312810138077, 37.0137581783973], 
            [-85.3104437220001, 37.0693272876243], 
            [-85.3631350006797, 37.1037803152095], 
            [-85.4654778495231, 37.0466823585041], 
            [-85.535508057251, 37.015430917403], 
            [-85.5459222065446, 36.9808339982904]
          ], 
          [
            [-78.3214703595694, 35.4504216996019], 
            [-78.3110562102758, 35.4625085879011], 
            [-78.2385168940394, 35.5250114701033], 
            [-78.1584232726159, 35.6179743900062], 
            [-78.131002943431, 35.9009190921425], 
            [-78.1843867000861, 36.0462855076701], 
            [-78.301847152524, 36.1474772242946], 
            [-78.4879528567389, 36.1325214986683], 
            [-78.6639951472581, 35.9869032729678], 
            [-78.6919820493321, 35.7845198397189], 
            [-78.6402800249032, 35.5955902642793], 
            [-78.4879258770775, 35.4643342116546], 
            [-78.3214703595694, 35.4504216996019]
          ], 
          [
            [-83.362835926137, 34.7077255810708], 
            [-83.3520080887023, 34.7194077744493], 
            [-83.2712849418465, 34.7449575137783], 
            [-83.1397590926079, 34.8145560469241], 
            [-83.0223615927133, 35.0142505072552], 
            [-82.9891766092131, 35.257094439357], 
            [-82.9994828398611, 35.5171873683025], 
            [-83.0845946783017, 35.8079112061374], 
            [-83.1765413642925, 35.8931039835621], 
            [-83.3072038643668, 35.8879238885767], 
            [-83.6265081568259, 35.6829144349533], 
            [-84.112654675273, 35.7021869064007], 
            [-84.2001227374743, 35.516845625925], 
            [-84.2288920497283, 35.2046189979685], 
            [-84.1543472453291, 34.9919383272921], 
            [-84.2072453680792, 34.966973147293], 
            [-84.2513930873211, 34.8944967835998], 
            [-84.2063550392536, 34.8093669587183], 
            [-84.2072723477406, 34.7860655245044], 
            [-84.0535782100663, 34.7615859784103], 
            [-83.7981527625399, 34.7717123446491], 
            [-83.5373044030757, 34.7262875881018], 
            [-83.362835926137, 34.7077255810708]
          ], 
          [
            [-81.5848582546047, 33.514900792038], 
            [-81.5744351120907, 33.5269876803372], 
            [-81.4822635955884, 33.5681226707247], 
            [-81.4394019068724, 33.6599884177314], 
            [-81.5119322298884, 33.9021578582986], 
            [-81.6784866728216, 34.1690046958101], 
            [-81.8232865154603, 34.2336209848207], 
            [-82.0243299588604, 34.2174601676527], 
            [-82.1913520492576, 34.1242814104588], 
            [-82.2254363548039, 33.977350174571], 
            [-82.1336785264428, 33.77063200906], 
            [-81.9437057374298, 33.6069733831152], 
            [-81.7825742064345, 33.535063592311], 
            [-81.5848582546047, 33.514900792038]
          ]
        ]
      }, 
      "properties" : {
        "OBJECTID" : 94, 
        "Id" : 94, 
        "gridcode" : 2, 
        "Unixtime" : 1790953200, 
        "Timestamp" : 1790953200000, 
        "Shape__Area" : 1249962641577.8223, 
        "Shape__Length" : 13930391.285358341
      }
    }, 
    {
      "type" : "Feature", 
      "id" : 95, 
      "geometry" : 
      {
        "type" : "Polygon", 
        "coordinates" : 
        [
          [
            [-116.649334898886, 31.7819341889117], 
            [-116.65974904818, 31.8165311080243], 
            [-116.759618761397, 31.8882340547579], 
            [-116.794782253398, 31.9290542824293], 
            [-116.905524770152, 31.9984189918431], 
            [-116.943709984228, 32.2077451912876], 
            [-117.062348548547, 32.2606882801401], 
            [-117.155203549804, 32.4811840593969], 
            [-117.181068051849, 32.6508951227118], 
            [-117.268518127609, 32.643871417532], 
            [-117.289912999086, 32.7842915618062], 
            [-117.314464490943, 32.8282953895207], 
            [-117.287116107522, 32.9027772413767], 
            [-117.34738867105, 33.1029933084945], 
            [-117.402445166711, 33.1668901398681], 
            [-117.42662793653, 33.1877274316757], 
            [-117.516398263169, 33.3037579620604], 
            [-117.672520570368, 33.4144555127118], 
            [-117.71920437778, 33.4352928045194], 
            [-117.8300638064, 33.5269876803372], 
            [-118.034290849843, 33.637847108957], 
            [-118.072610962226, 33.6823185841354], 
            [-118.168487685558, 33.6900257740703], 
            [-118.309762185776, 33.6786763298488], 
            [-118.444795390994, 33.7299197000342], 
            [-118.432906353545, 33.8778761630546], 
            [-118.555744751819, 34.0204456870189], 
            [-118.731984893188, 33.9996173884318], 
            [-118.812411263769, 33.9700836524387], 
            [-118.865345359401, 33.9996173884318], 
            [-118.973380916796, 34.0241598870692], 
            [-119.090400701431, 34.0671384876512], 
            [-119.183075838279, 34.0950354575205], 
            [-119.264986090236, 34.165605258476], 
            [-119.305050887389, 34.2350958729762], 
            [-119.29356654486, 34.2461215612611], 
            [-119.260489480005, 34.2805566024053], 
            [-119.221521855749, 34.317986385963], 
            [-119.084842891186, 34.3586537288866], 
            [-118.809758263733, 34.2881558736947], 
            [-118.731364360976, 34.1560994244489], 
            [-118.683484455243, 34.1340390546587], 
            [-118.596331155758, 34.2712755988899], 
            [-118.644885553026, 34.365533542539], 
            [-118.64046988178, 34.5821712302182], 
            [-118.516048676705, 34.6512301701363], 
            [-118.277620415849, 34.4587662590557], 
            [-118.035190171889, 34.3996628141876], 
            [-118.01080955122, 34.1752459908099], 
            [-117.930068417923, 34.0185121446199], 
            [-117.828480999598, 33.9539947810344], 
            [-117.739672947548, 33.9997432935182], 
            [-117.693070079121, 34.1433380446151], 
            [-117.696784279171, 34.3252349216544], 
            [-117.823183992747, 34.6173706951016], 
            [-117.775474958203, 34.8035303586392], 
            [-117.639884173316, 35.0035575681273], 
            [-117.530373727765, 35.1087692542977], 
            [-117.028345181984, 35.2402141645521], 
            [-116.838102596358, 35.2363290933131], 
            [-116.740634073004, 35.1861199434807], 
            [-116.704966960657, 35.0762137962298], 
            [-116.705929235246, 35.0287745582993], 
            [-116.813614057043, 34.8197451351299], 
            [-117.060540911234, 34.6731646348401], 
            [-117.0899307557, 34.4326409536172], 
            [-117.086666216672, 34.2724357243293], 
            [-116.950994492802, 34.0487113789271], 
            [-116.953422662326, 33.9299738891837], 
            [-117.100839532119, 33.833323748892], 
            [-117.290533531297, 33.4223155873945], 
            [-117.16782103811, 33.24129105274], 
            [-116.952937028421, 33.2112896692829], 
            [-116.849793782957, 33.1848585943487], 
            [-116.901297956535, 32.9334351299274], 
            [-116.854362338951, 32.750306181685], 
            [-116.777776073507, 32.6767236518751], 
            [-116.547369765302, 32.6486378243762], 
            [-116.548745728033, 32.715934093084], 
            [-116.546830172075, 32.809427612994], 
            [-116.456772062381, 32.9422934520812], 
            [-116.321046379187, 32.986342245898], 
            [-116.390734844537, 33.0532967722283], 
            [-116.581373131865, 33.2723356497705], 
            [-116.615349518765, 33.4178099839437], 
            [-116.565158355374, 33.6136463526971], 
            [-116.179843824733, 33.640581047977], 
            [-115.94752196057, 33.8076660909174], 
            [-115.793288229668, 34.1710101839729], 
            [-115.697168689383, 34.2633525716639], 
            [-115.458749421748, 34.2911326296672], 
            [-115.296475751754, 34.168006448339], 
            [-115.265431154724, 33.9729704762066], 
            [-115.313149182489, 33.8335755590648], 
            [-115.365975359475, 33.7310168729304], 
            [-115.535218775326, 33.5213579243288], 
            [-116.041042460141, 33.0353642906296], 
            [-116.188315438407, 32.9186053093876], 
            [-116.118222278136, 32.7457915850137], 
            [-116.123681162955, 32.4781263644402], 
            [-116.042643253383, 32.210308259119], 
            [-115.890837692006, 31.8594647425039], 
            [-116.064173023166, 31.862999078145], 
            [-116.220313316806, 31.8598154781019], 
            [-116.511981442789, 31.810064982513], 
            [-116.649334898886, 31.7819341889117]
          ], 
          [
            [-117.009432439356, 32.4796192390367], 
            [-117.018011971675, 32.5610618435293], 
            [-117.07685461315, 32.5782209081685], 
            [-117.108034108487, 32.4900064086689], 
            [-117.009432439356, 32.4796192390367]
          ]
        ]
      }, 
      "properties" : {
        "OBJECTID" : 95, 
        "Id" : 95, 
        "gridcode" : 2, 
        "Unixtime" : 1790953200, 
        "Timestamp" : 1790953200000, 
        "Shape__Area" : 61193873081.320313, 
        "Shape__Length" : 2331209.6600655844
      }
    }, 
    {
      "type" : "Feature", 
      "id" : 96, 
      "geometry" : 
      {
        "type" : "Polygon", 
        "coordinates" : 
        [
          [
            [-88.899332238392, 30.1840007910038], 
            [-89.0204439383371, 30.1939922589357], 
            [-88.9966748566592, 30.2306036594314], 
            [-88.8385740409591, 30.2826024601355], 
            [-88.8407504003106, 30.2287330695756], 
            [-88.8907527060725, 30.1979222962771], 
            [-88.899332238392, 30.1840007910038]
          ]
        ]
      }, 
      "properties" : {
        "OBJECTID" : 96, 
        "Id" : 96, 
        "gridcode" : 1, 
        "Unixtime" : 1790953200, 
        "Timestamp" : 1790953200000, 
        "Shape__Area" : 141471738.75, 
        "Shape__Length" : 53597.839668067973
      }
    }, 
    {
      "type" : "Feature", 
      "id" : 97, 
      "geometry" : 
      {
        "type" : "Polygon", 
        "coordinates" : 
        [
          [
            [-82.3275543731357, 29.9139253873468], 
            [-82.523309802905, 29.9262011332758], 
            [-82.5505682541216, 30.3834794140438], 
            [-82.3983759842642, 30.5538110095705], 
            [-82.2999811592031, 30.5596745893109], 
            [-82.1882314017577, 30.4598228625351], 
            [-82.114379075334, 30.2540130122908], 
            [-82.1388316417668, 30.030198734684], 
            [-82.2333503888094, 29.9641705100611], 
            [-82.3169333797716, 29.9258144247959], 
            [-82.3275543731357, 29.9139253873468]
          ]
        ]
      }, 
      "properties" : {
        "OBJECTID" : 97, 
        "Id" : 97, 
        "gridcode" : 2, 
        "Unixtime" : 1790953200, 
        "Timestamp" : 1790953200000, 
        "Shape__Area" : 3199563717.9960938, 
        "Shape__Length" : 220177.74453190167
      }
    }, 
    {
      "type" : "Feature", 
      "id" : 98, 
      "geometry" : 
      {
        "type" : "Polygon", 
        "coordinates" : 
        [
          [
            [-84.7582150196074, 29.891424349754], 
            [-84.8675545939693, 29.9060473262232], 
            [-84.9540064222585, 30.0298030329837], 
            [-85.0849477121671, 30.3969152854122], 
            [-85.162316387791, 30.4835020120083], 
            [-85.6798042795438, 30.5159405582103], 
            [-85.906046726675, 30.5857998947494], 
            [-86.0206743146678, 30.6384102344448], 
            [-86.1591429301021, 30.7621389615439], 
            [-86.2065731748121, 30.9392334588571], 
            [-86.2173020868218, 31.1191068612927], 
            [-86.1879841881197, 31.2761734566398], 
            [-86.1642061132215, 31.3424265117742], 
            [-86.1429731197136, 31.4112156550785], 
            [-86.1191950448154, 31.4324576418068], 
            [-86.0530858812084, 31.5364012838922], 
            [-85.9037264757962, 31.5899918846179], 
            [-85.5836127934955, 31.5635608096837], 
            [-85.3241763696437, 31.4638259947739], 
            [-85.1810942321131, 31.3728235969315], 
            [-84.8825283060364, 31.0964439457316], 
            [-84.7482235516755, 31.0604710638885], 
            [-84.303661684639, 30.9911962866794], 
            [-84.0116428230578, 30.9010212651194], 
            [-83.9006035300288, 30.7577322835181], 
            [-83.8248446408674, 30.5465894535405], 
            [-83.8553856175522, 30.428805245166], 
            [-83.9405064492132, 30.3825531123363], 
            [-84.2742178808505, 30.237231662911], 
            [-84.4300973710967, 30.1380904005516], 
            [-84.5675407593985, 30.0383465924213], 
            [-84.6563038453461, 29.9695574491171], 
            [-84.7475940262432, 29.9033043939827], 
            [-84.7582150196074, 29.891424349754]
          ]
        ]
      }, 
      "properties" : {
        "OBJECTID" : 98, 
        "Id" : 98, 
        "gridcode" : 2, 
        "Unixtime" : 1790953200, 
        "Timestamp" : 1790953200000, 
        "Shape__Area" : 30455716918.171875, 
        "Shape__Length" : 765087.91811481
      }
    }, 
    {
      "type" : "Feature", 
      "id" : 99, 
      "geometry" : 
      {
        "type" : "Polygon", 
        "coordinates" : 
        [
          [
            [-88.8768222075788, 29.7113710829092], 
            [-88.936123503297, 29.7214434898253], 
            [-88.8834322246174, 29.8087946401606], 
            [-88.9246031878868, 29.8770441902373], 
            [-88.8634313023127, 29.9242585976563], 
            [-88.9091348486943, 30.0810014370667], 
            [-88.8085097049589, 30.05217816549], 
            [-88.7827081554569, 29.8776287495672], 
            [-88.8191127118821, 29.7886947924308], 
            [-88.8768222075788, 29.7113710829092]
          ]
        ]
      }, 
      "properties" : {
        "OBJECTID" : 99, 
        "Id" : 99, 
        "gridcode" : 1, 
        "Unixtime" : 1790953200, 
        "Timestamp" : 1790953200000, 
        "Shape__Area" : 443183903.47851563, 
        "Shape__Length" : 117490.46346089442
      }
    }, 
    {
      "type" : "Feature", 
      "id" : 100, 
      "geometry" : 
      {
        "type" : "Polygon", 
        "coordinates" : 
        [
          [
            [-103.078160528685, 28.3159919894388], 
            [-103.370656030951, 28.3464790068008], 
            [-103.641208075292, 28.4453324861054], 
            [-103.867630386833, 28.6096566103644], 
            [-104.017070731229, 28.7917963043561], 
            [-104.137076265058, 29.0126248327699], 
            [-104.214085211863, 29.3001740637821], 
            [-104.187762055574, 29.7409048189023], 
            [-104.06920443024, 30.0493003349426], 
            [-103.958389967723, 30.2235439813697], 
            [-103.783390890777, 30.4193983365641], 
            [-103.577563054092, 30.5312470194345], 
            [-103.241774188528, 30.5512659281801], 
            [-102.934242021652, 30.4562975201146], 
            [-102.705193689737, 30.3229460471225], 
            [-102.487198025768, 30.1529112278709], 
            [-102.324771471027, 29.943324225033], 
            [-102.227500798523, 29.7643321582026], 
            [-102.170672638431, 29.6059525526683], 
            [-102.122289112353, 29.333664816778], 
            [-102.150428899174, 29.1027189153457], 
            [-102.205251571103, 28.9251567705686], 
            [-102.339052705118, 28.6953440149144], 
            [-102.584306820303, 28.4774922424731], 
            [-102.845667793334, 28.3624509663391], 
            [-103.067539535321, 28.327881026888], 
            [-103.078160528685, 28.3159919894388]
          ]
        ]
      }, 
      "properties" : {
        "OBJECTID" : 100, 
        "Id" : 100, 
        "gridcode" : 1, 
        "Unixtime" : 1790953200, 
        "Timestamp" : 1790953200000, 
        "Shape__Area" : 51195035517.398438, 
        "Shape__Length" : 813900.58455147443
      }
    }, 
    {
      "type" : "Feature", 
      "id" : 101, 
      "geometry" : 
      {
        "type" : "Polygon", 
        "coordinates" : 
        [
          [
            [-97.3841209803988, 27.7758501753454], 
            [-97.4592053780257, 27.7853200364906], 
            [-97.4081328790291, 27.8232984064963], 
            [-97.3841209803988, 27.7758501753454]
          ]
        ]
      }, 
      "properties" : {
        "OBJECTID" : 101, 
        "Id" : 101, 
        "gridcode" : 2, 
        "Unixtime" : 1790953200, 
        "Timestamp" : 1790953200000, 
        "Shape__Area" : 23361699.728515625, 
        "Shape__Length" : 22412.397777810038
      }
    }, 
    {
      "type" : "Feature", 
      "id" : 102, 
      "geometry" : 
      {
        "type" : "Polygon", 
        "coordinates" : 
        [
          [
            [-79.2217187073524, 25.4577216964991], 
            [-79.2830614641152, 25.4748088153746], 
            [-79.3440534852801, 25.6299328751022], 
            [-79.3174515391571, 25.7798858330648], 
            [-79.2170242462719, 25.7947336400455], 
            [-79.2073385478357, 25.7291640696662], 
            [-79.2315213176547, 25.670078611239], 
            [-79.2990334236535, 25.6424514379835], 
            [-79.2794282030491, 25.6025665052401], 
            [-79.2315213176547, 25.5379412230091], 
            [-79.2217187073524, 25.4577216964991]
          ]
        ]
      }, 
      "properties" : {
        "OBJECTID" : 102, 
        "Id" : 102, 
        "gridcode" : 1, 
        "Unixtime" : 1790953200, 
        "Timestamp" : 1790953200000, 
        "Shape__Area" : 358584500.02734375, 
        "Shape__Length" : 106689.16478940351
      }
    }, 
    {
      "type" : "Feature", 
      "id" : 103, 
      "geometry" : 
      {
        "type" : "Polygon", 
        "coordinates" : 
        [
          [
            [-80.7521310060411, 24.8950698515924], 
            [-80.8540961396251, 24.9061494992001], 
            [-80.8527381633355, 24.9726903373892], 
            [-80.8756888619514, 24.996576330933], 
            [-80.9211495913805, 25.0186277075028], 
            [-80.9657109987635, 25.0865984677451], 
            [-81.1650457302762, 25.1190460071676], 
            [-81.2011804900875, 25.2600507107717], 
            [-81.1639395641595, 25.3688686783469], 
            [-81.2064145443957, 25.4564266727528], 
            [-81.3188837594779, 25.6458868481995], 
            [-81.3712692686617, 25.6713016892216], 
            [-81.4269732761957, 25.7562606429144], 
            [-81.4838014362872, 25.7838338568471], 
            [-81.6328640654242, 25.8606269663615], 
            [-81.6845930695145, 25.8067935486834], 
            [-81.7674835825013, 25.9139567636938], 
            [-81.7984382473272, 26.009347853121], 
            [-81.8328732884714, 26.109946017195], 
            [-81.8826057976194, 26.3647239528482], 
            [-81.9573124799869, 26.4153557840423], 
            [-82.1563864081062, 26.411290848394], 
            [-82.2171176258777, 26.500881310624], 
            [-82.2719672774678, 26.6611225127938], 
            [-82.3234264849443, 26.8197179556192], 
            [-82.426030137181, 26.9710738559738], 
            [-82.5745441798699, 27.2447645342559], 
            [-82.7882860505607, 27.5419634908225], 
            [-82.7893922166774, 27.5957969085006], 
            [-82.7866762640983, 27.728626774706], 
            [-82.8839199569404, 27.8720776342755], 
            [-82.8561848650394, 28.0346660669855], 
            [-82.889729577358, 28.2313298120213], 
            [-82.8341514749106, 28.2599642259683], 
            [-82.7830160233707, 28.2589210123949], 
            [-82.699208201897, 28.5037704326594], 
            [-82.6969329171204, 28.6150795223022], 
            [-82.721187632703, 28.6650638416231], 
            [-82.7661447417863, 28.7523340529742], 
            [-82.7675117112964, 28.8192526064227], 
            [-82.7435897448707, 28.9125932415849], 
            [-82.8116594305382, 28.934689584257], 
            [-82.851004770054, 29.1362096683416], 
            [-82.9673590563753, 29.1385838785432], 
            [-82.991712697383, 29.1151835189044], 
            [-83.0565807965664, 29.0476714129055], 
            [-83.105153180275, 29.0930781830118], 
            [-83.1033635294033, 29.1804563130085], 
            [-83.1336437026947, 29.2428692630062], 
            [-83.209420578297, 29.2796335482497], 
            [-83.2404292024457, 29.3435483660643], 
            [-83.318274518754, 29.4183449806364], 
            [-83.3513605768291, 29.4527800217806], 
            [-83.4172808828065, 29.4847599137391], 
            [-83.4413827136412, 29.632824295405], 
            [-83.5933321665462, 29.7324511916692], 
            [-83.6416887129637, 29.8321230540358], 
            [-83.7291477819445, 29.9231524315396], 
            [-83.8015072337718, 29.9479197606885], 
            [-83.8465003157369, 29.9470024522015], 
            [-83.88715866544, 29.9893245476898], 
            [-84.0464825591228, 30.0713966776146], 
            [-84.2940029658641, 30.0311070499505], 
            [-84.323941396778, 29.8777366682128], 
            [-84.5441314065391, 29.8822242852227], 
            [-84.5446350268849, 29.8576638001443], 
            [-84.543465908225, 29.8005118841162], 
            [-84.6571582012899, 29.7453564630304], 
            [-84.7689978909398, 29.6604964347627], 
            [-85.0029475280059, 29.5655999724608], 
            [-85.0613944677804, 29.5644038741395], 
            [-85.1068282175481, 29.5878132269989], 
            [-85.1522889469773, 29.6098646035687], 
            [-85.238632856621, 29.6543450719675], 
            [-85.2871063149044, 29.6553343262183], 
            [-85.3986312418383, 29.6530590414417], 
            [-85.4443437814403, 29.7866173585044], 
            [-85.44531504925, 29.8340925693167], 
            [-85.4215909336746, 29.9034033194077], 
            [-85.5123864874464, 29.947461106445], 
            [-85.601967956456, 30.0154318666874], 
            [-85.714940791884, 30.0824943116633], 
            [-85.9345282558742, 30.2156569270256], 
            [-86.2621962433619, 30.3278113793917], 
            [-86.5856194307921, 30.3750797461334], 
            [-86.8402534749179, 30.3530193763433], 
            [-87.1323802551446, 30.3075586469141], 
            [-87.3353842206052, 30.2854982771238], 
            [-87.8108827660268, 30.2009260319109], 
            [-88.1005633902882, 30.1950174860682], 
            [-88.1885260796148, 30.2251267881708], 
            [-88.3706657736065, 30.1954761403117], 
            [-88.447557808546, 30.1691529840231], 
            [-88.5519511116544, 30.1959078148938], 
            [-88.6120977700959, 30.1946847369111], 
            [-88.8203357898648, 30.2237508254403], 
            [-88.7892012606296, 30.2791490634786], 
            [-88.3973216790522, 30.2290658187326], 
            [-88.1666365810133, 30.2853004262737], 
            [-88.2806346435739, 30.3075586469141], 
            [-88.3238470678878, 30.3525337424384], 
            [-88.3481377563524, 30.3530283695637], 
            [-88.4762731614771, 30.2870181313817], 
            [-88.5961437969986, 30.2845719754164], 
            [-88.6407231908225, 30.3309769929939], 
            [-88.7460068227566, 30.3288276133038], 
            [-88.989642158259, 30.3703852850529], 
            [-89.0679011627084, 30.3300596845069], 
            [-89.1583729605437, 30.3080083079371], 
            [-89.2479544295532, 30.2850486161008], 
            [-89.3758650041665, 30.2538691207634], 
            [-89.4063969876308, 30.194603797927], 
            [-89.4052548486323, 30.1389897225977], 
            [-89.4068646350948, 30.0604429350935], 
            [-89.3604776039582, 30.0824943116633], 
            [-89.2277376699574, 30.1724714823731], 
            [-89.158399940205, 30.1738924112059], 
            [-89.1579143063001, 30.1500333973235], 
            [-89.1810358761047, 30.1051482340039], 
            [-89.1501441638221, 30.0754706064834], 
            [-89.1808919845774, 29.9253647637729], 
            [-89.1799746760904, 29.8803806750282], 
            [-89.2033840289497, 29.8578886306558], 
            [-89.22544439874, 29.8124279012267], 
            [-89.2484040905763, 29.7903675314365], 
            [-89.270455467146, 29.7449068020074], 
            [-89.3609542446426, 29.701001899718], 
            [-89.3603157259899, 29.6697414653964], 
            [-89.4951780600194, 29.5813201218263], 
            [-89.4977771007326, 29.4539401472201], 
            [-89.4457962864694, 29.427158336688], 
            [-89.2921021487951, 29.4302969706288], 
            [-89.2267484157068, 29.3622722510636], 
            [-89.1800106489722, 29.3632255324325], 
            [-89.1358719229508, 29.3172881623189], 
            [-89.1129122311145, 29.2952367857491], 
            [-89.0696368542573, 29.2501897444612], 
            [-88.9786524428559, 29.2206650016885], 
            [-88.9774563445346, 29.162020211064], 
            [-89.0339157825873, 29.1032585085734], 
            [-89.0900514647033, 29.0493171722498], 
            [-89.1234882583764, 28.980402123859], 
            [-89.2015404187553, 28.9788103238375], 
            [-89.225894059763, 29.0022016902559], 
            [-89.2580897890125, 29.0357104296926], 
            [-89.3159161965751, 28.9801503136861], 
            [-89.3807393296563, 28.9126831737895], 
            [-89.450472761109, 28.9112622449567], 
            [-89.4509673882343, 28.9351212588391], 
            [-89.3562507903416, 29.0913065185811], 
            [-89.4297343947265, 29.1151475460225], 
            [-89.5052594601559, 29.1937662792904], 
            [-89.6085016310454, 29.2272660255068], 
            [-89.6957628491761, 29.2722231345901], 
            [-89.8739545193855, 29.2758563956562], 
            [-89.9456394796781, 29.2272660255068], 
            [-90.0136102399206, 29.1827046181237], 
            [-90.1393624416233, 29.0974578813762], 
            [-90.2349783615621, 29.0482020129127], 
            [-90.3498937326096, 29.0458547823724], 
            [-90.380857390656, 29.0780864845037], 
            [-90.4679027714956, 29.0332372940659], 
            [-90.5760822204181, 29.0702623827029], 
            [-90.6625970012505, 29.0256919820994], 
            [-90.8445928037149, 29.0219777820491], 
            [-90.9551554560594, 29.1370550310649], 
            [-91.0713928305147, 29.1597449262874], 
            [-91.1384642687109, 29.1827046181237], 
            [-91.292329277574, 29.2202153406655], 
            [-91.3860296415547, 29.3177378233419], 
            [-91.4310407099607, 29.3609862205377], 
            [-91.4089803401705, 29.4077599601541], 
            [-91.3669730073983, 29.4481305268025], 
            [-91.4765014393898, 29.4748313983504], 
            [-91.5210628467729, 29.4977910901867], 
            [-91.566523576202, 29.5198424667565], 
            [-91.5885839459922, 29.5878132269989], 
            [-91.6574720147216, 29.6101703730644], 
            [-91.655214716386, 29.7209938288022], 
            [-91.7465498633854, 29.7228554254376], 
            [-91.8780847058445, 29.6778353638111], 
            [-91.9054780553679, 29.7010468658203], 
            [-91.9032117638118, 29.8124279012267], 
            [-91.9491311474844, 29.7903675314365], 
            [-91.9936925548674, 29.7674078396002], 
            [-92.084191332364, 29.7235029373108], 
            [-92.0834808679476, 29.6888610520959], 
            [-92.0841823391436, 29.6544080245108], 
            [-92.0276779349887, 29.6555681499502], 
            [-91.9714073545657, 29.6544170177312], 
            [-91.8395937222724, 29.657105990649], 
            [-91.7693027111512, 29.620899285074], 
            [-91.6577777842173, 29.5667870775617], 
            [-91.7668295755244, 29.4532836421265], 
            [-91.835564759506, 29.4518806997346], 
            [-92.096682915584, 29.5648535351626], 
            [-92.1741954827353, 29.5428021585928], 
            [-92.3056943523125, 29.4977910901867], 
            [-92.6769165064915, 29.570150542014], 
            [-92.9994133922142, 29.6921975368869], 
            [-93.2536787143012, 29.7573624123455], 
            [-93.3224228915032, 29.7219471101711], 
            [-93.6348383770894, 29.7283233034777], 
            [-93.7882807045908, 29.6909204995815], 
            [-93.8187587287323, 29.6280938614426], 
            [-93.9751778122062, 29.6601367059443], 
            [-94.1082594885845, 29.6276891665219], 
            [-94.6718736080805, 29.4093787398371], 
            [-94.6723772284263, 29.3848272479792], 
            [-94.6444532788956, 29.3306161150418], 
            [-94.7921849114045, 29.2589401479696], 
            [-95.0547509759767, 29.0959020542365], 
            [-95.2575211177054, 28.93513924528], 
            [-95.2974779962125, 28.8935545938695], 
            [-95.3696036243078, 28.8446584542244], 
            [-95.4590322085695, 28.8156373317975], 
            [-95.7904593622097, 28.6449100345705], 
            [-96.2052986356235, 28.4730316051246], 
            [-96.4273862149018, 28.3045166401309], 
            [-96.6778743843953, 28.1625046958351], 
            [-96.9194502724121, 27.9709760796824], 
            [-97.0202283008953, 27.838164199918], 
            [-97.058458481074, 27.7639431514553], 
            [-97.0573163420755, 27.7078884083235], 
            [-97.1564576044348, 27.6597926652993], 
            [-97.3269780575912, 27.2788758194636], 
            [-97.335836379745, 26.8448360203661], 
            [-97.2835228163249, 26.6836325436071], 
            [-97.2191583374872, 26.4955753105522], 
            [-97.1502882551987, 26.2268488899644], 
            [-97.103019888457, 25.9034257025342], 
            [-97.1555852620501, 25.6561840856271], 
            [-97.3280842237079, 25.3566738714021], 
            [-97.4434312693376, 25.1477523668783], 
            [-97.8342496509006, 25.155729353427], 
            [-98.0671380879523, 25.1509719398032], 
            [-98.3757404480632, 25.1886805131952], 
            [-98.6681640045651, 25.2835769754971], 
            [-98.9345971539354, 25.434627106356], 
            [-99.2055898660794, 25.6949988251358], 
            [-99.6214543666257, 26.208259903272], 
            [-100.13565073969, 26.6557715466196], 
            [-100.333312732197, 26.8912410379436], 
            [-100.450575333785, 27.1188684410258], 
            [-100.517305029603, 27.3138054877331], 
            [-100.548250701209, 27.6302859089676], 
            [-100.668211268935, 27.7551387886243], 
            [-101.066916704842, 28.1382050141502], 
            [-101.21931581877, 28.3895115667055], 
            [-101.288590595979, 28.5919129863953], 
            [-101.294813904538, 28.8967022210307], 
            [-101.201428303274, 29.1334667361011], 
            [-100.989350178368, 29.3541963390899], 
            [-100.688769770908, 29.5090416089831], 
            [-100.455701469447, 29.5567776231888], 
            [-99.8237029015676, 29.5911497117898], 
            [-99.7451741005043, 29.6666028314556], 
            [-99.6498099907385, 30.0047119478982], 
            [-99.601201634148, 30.1279550410924], 
            [-99.1513787331419, 31.0498320840835], 
            [-99.0415445316548, 31.3707101901232], 
            [-98.9935297276148, 31.6521979905449], 
            [-99.015590097405, 32.0409749110634], 
            [-99.094091918807, 32.6383495801691], 
            [-99.1446877771191, 33.1555946549694], 
            [-99.1939616320236, 33.407998380421], 
            [-99.2810339925247, 33.6287549630712], 
            [-99.5786916033348, 34.1560994244489], 
            [-99.8435869120063, 34.6442424378383], 
            [-99.9802209104666, 34.8285584911815], 
            [-100.132107410828, 34.9438066113861], 
            [-100.245197158122, 34.8781561020226], 
            [-100.518770924539, 34.4375782316502], 
            [-100.69055942178, 34.2299157779909], 
            [-100.974601296812, 33.9570165031092], 
            [-100.965086469565, 33.490718022219], 
            [-101.03194207047, 33.2536837105349], 
            [-101.12132568863, 33.0694306097349], 
            [-101.220736747603, 32.917813905987], 
            [-101.398919424592, 32.6549420719192], 
            [-101.468976611981, 32.4502833538937], 
            [-101.502782127693, 31.828644975985], 
            [-101.598982606962, 31.532201449937], 
            [-101.701990954119, 31.3586772611467], 
            [-101.85659340706, 31.197752574222], 
            [-102.003803432782, 31.0979727932099], 
            [-102.229928968047, 31.0062509377307], 
            [-102.556068108057, 30.9995869613692], 
            [-102.792994501095, 31.093035515177], 
            [-102.887090566776, 31.1627869330706], 
            [-103.108260837568, 31.3603140272706], 
            [-103.615334580027, 31.0331496601288], 
            [-103.888593583727, 30.939620167337], 
            [-104.144594597363, 30.9068938380802], 
            [-104.980028805285, 30.9239449840738], 
            [-105.241452730859, 30.8729084579591], 
            [-105.38571298027, 30.8260987454608], 
            [-105.83151591173, 30.6735107739032], 
            [-106.07706680319, 30.6232116918662], 
            [-106.530810748317, 30.6139486747916], 
            [-106.794375060361, 30.665407882268], 
            [-106.994114486794, 30.7302220221287], 
            [-107.292887256941, 30.8751657562947], 
            [-107.456267093052, 30.9822929984232], 
            [-107.880855017445, 31.2876488059477], 
            [-108.072401620039, 31.3653412375082], 
            [-108.287672338208, 31.3375971523868], 
            [-108.759825405618, 31.0943665118052], 
            [-109.025017490565, 30.9657094998936], 
            [-109.21894729658, 30.8091645113332], 
            [-109.453985113322, 30.7138273812287], 
            [-109.615953013821, 30.690157224976], 
            [-109.889625705662, 30.6678450450129], 
            [-110.296685843377, 30.4581501235294], 
            [-110.566527423302, 30.3560321051976], 
            [-110.848060189826, 30.3080083079371], 
            [-111.179136607868, 30.3344393828713], 
            [-111.366186600231, 30.3951436209814], 
            [-111.620865610459, 30.5357436296649], 
            [-111.907380621119, 30.8110261079686], 
            [-112.063925609679, 31.0286890227803], 
            [-112.34851607116, 31.46277378798], 
            [-112.579147209876, 31.7028118352981], 
            [-113.00199944272, 31.7346388425087], 
            [-113.237262089973, 31.8274308912227], 
            [-113.437873858791, 31.9634173778098], 
            [-113.689773963897, 31.8412085049686], 
            [-114.133652346179, 31.5930675660155], 
            [-114.304334677303, 31.5346476059024], 
            [-114.387243176731, 31.5908552337821], 
            [-114.43270390616, 31.6129066103518], 
            [-114.521880680249, 31.6588529736858], 
            [-114.578771792884, 31.657683855026], 
            [-114.612739186564, 31.6583853262219], 
            [-114.657417505813, 31.6353626818424], 
            [-114.736315028915, 31.6468919904731], 
            [-114.804285789158, 31.5348184770911], 
            [-114.843819986303, 31.4129783262888], 
            [-115.017515046282, 31.4094349974273], 
            [-115.400464359942, 31.4328623367275], 
            [-115.852328721993, 31.4748336966179], 
            [-116.704930987775, 31.5017773851183], 
            [-116.706288964064, 31.5681203724573], 
            [-116.704463340311, 31.6571802346801], 
            [-116.790150744861, 31.7700991107854], 
            [-116.739357035699, 31.7711333311384], 
            [-116.661232929556, 31.7695415311168], 
            [-116.649334898886, 31.7819341889117], 
            [-116.511981442789, 31.810064982513], 
            [-116.220313316806, 31.8598154781019], 
            [-116.064173023166, 31.862999078145], 
            [-115.890837692006, 31.8594647425039], 
            [-116.042643253383, 32.210308259119], 
            [-116.123681162955, 32.4781263644402], 
            [-116.118222278136, 32.7457915850137], 
            [-116.188315438407, 32.9186053093876], 
            [-116.041042460141, 33.0353642906296], 
            [-115.535218775326, 33.5213579243288], 
            [-115.365975359475, 33.7310168729304], 
            [-115.313149182489, 33.8335755590648], 
            [-115.265431154724, 33.9729704762066], 
            [-115.296475751754, 34.168006448339], 
            [-115.458749421748, 34.2911326296672], 
            [-115.697168689383, 34.2633525716639], 
            [-115.793288229668, 34.1710101839729], 
            [-115.94752196057, 33.8076660909174], 
            [-116.179843824733, 33.640581047977], 
            [-116.565158355374, 33.6136463526971], 
            [-116.615349518765, 33.4178099839437], 
            [-116.581373131865, 33.2723356497705], 
            [-116.390734844537, 33.0532967722283], 
            [-116.321046379187, 32.986342245898], 
            [-116.456772062381, 32.9422934520812], 
            [-116.546830172075, 32.809427612994], 
            [-116.548745728033, 32.715934093084], 
            [-116.547369765302, 32.6486378243762], 
            [-116.777776073507, 32.6767236518751], 
            [-116.854362338951, 32.750306181685], 
            [-116.901297956535, 32.9334351299274], 
            [-116.849793782957, 33.1848585943487], 
            [-116.952937028421, 33.2112896692829], 
            [-117.16782103811, 33.24129105274], 
            [-117.290533531297, 33.4223155873945], 
            [-117.100839532119, 33.833323748892], 
            [-116.953422662326, 33.9299738891837], 
            [-116.950994492802, 34.0487113789271], 
            [-117.086666216672, 34.2724357243293], 
            [-117.0899307557, 34.4326409536172], 
            [-117.060540911234, 34.6731646348401], 
            [-116.813614057043, 34.8197451351299], 
            [-116.705929235246, 35.0287745582993], 
            [-116.704966960657, 35.0762137962298], 
            [-116.740634073004, 35.1861199434807], 
            [-116.838102596358, 35.2363290933131], 
            [-117.028345181984, 35.2402141645521], 
            [-117.530373727765, 35.1087692542977], 
            [-117.639884173316, 35.0035575681273], 
            [-117.775474958203, 34.8035303586392], 
            [-117.823183992747, 34.6173706951016], 
            [-117.696784279171, 34.3252349216544], 
            [-117.693070079121, 34.1433380446151], 
            [-117.739672947548, 33.9997432935182], 
            [-117.828480999598, 33.9539947810344], 
            [-117.930068417923, 34.0185121446199], 
            [-118.01080955122, 34.1752459908099], 
            [-118.035190171889, 34.3996628141876], 
            [-118.277620415849, 34.4587662590557], 
            [-118.516048676705, 34.6512301701363], 
            [-118.64046988178, 34.5821712302182], 
            [-118.644885553026, 34.365533542539], 
            [-118.596331155758, 34.2712755988899], 
            [-118.683484455243, 34.1340390546587], 
            [-118.731364360976, 34.1560994244489], 
            [-118.809758263733, 34.2881558736947], 
            [-119.084842891186, 34.3586537288866], 
            [-119.221521855749, 34.317986385963], 
            [-119.260489480005, 34.2805566024053], 
            [-119.29356654486, 34.2461215612611], 
            [-119.305050887389, 34.2350958729762], 
            [-119.326724548699, 34.2593595817793], 
            [-119.548344480513, 34.3797877969693], 
            [-119.620137359452, 34.3840685699087], 
            [-119.72141001506, 34.3780341189795], 
            [-119.800181633076, 34.38272858006], 
            [-119.872990745926, 34.3783848545775], 
            [-120.063925809528, 34.4468952080475], 
            [-120.484736581328, 34.4218131161824], 
            [-120.537805575267, 34.5052612088378], 
            [-120.687272899325, 34.5514144162424], 
            [-120.639267088505, 34.6852155502575], 
            [-120.667361909225, 34.7635375072502], 
            [-120.662334698987, 34.8478489490698], 
            [-120.696904638438, 34.9114490041683], 
            [-120.653098661574, 35.1164674510121], 
            [-120.833439711473, 35.158429817682], 
            [-120.917760146514, 35.2337660254818], 
            [-120.906914322638, 35.4157438415052], 
            [-121.028061995465, 35.4439285944292], 
            [-121.108065684684, 35.5154067106512], 
            [-121.190983177332, 35.6082077525858], 
            [-121.313812582385, 35.6461411564893], 
            [-121.369318739069, 35.7670819852455], 
            [-121.49797575098, 35.8820333291749], 
            [-121.525647890338, 35.9716327846254], 
            [-121.60162261679, 36.0064995003518], 
            [-121.676014536442, 36.1234743188848], 
            [-121.887777898631, 36.2581567885051], 
            [-121.927635851713, 36.2937699415297], 
            [-121.948877838441, 36.3850601224268], 
            [-122.005373249376, 36.5959961083338], 
            [-121.950082929983, 36.6578874515448], 
            [-121.860672332162, 36.6525544718115], 
            [-121.825868568979, 36.8154486740171], 
            [-121.899307207262, 36.9309126315128], 
            [-122.093632714978, 36.9193383567798], 
            [-122.18794461795, 36.9626227268574], 
            [-122.25587940531, 37.0233179717471], 
            [-122.309038331454, 37.0828171183155], 
            [-122.337241070819, 37.0811353860893], 
            [-122.399006508943, 37.1502662717711], 
            [-122.442299872241, 37.1889461129728], 
            [-122.44598709263, 37.2509094019474], 
            [-122.439619892544, 37.3577128881394], 
            [-122.489028645755, 37.4653527438342], 
            [-122.540604765098, 37.511434005475], 
            [-122.529749948002, 37.6936456452304], 
            [-122.56798012818, 37.817482290975], 
            [-122.6659612651, 37.8707221561027], 
            [-122.729939035458, 37.8669090306274], 
            [-122.794753175319, 37.9248253703946], 
            [-122.84532205397, 37.9814197067541], 
            [-122.894766780063, 37.9843694830653], 
            [-123.070107599386, 37.9739193608899], 
            [-122.985427435528, 38.1297448918134], 
            [-123.02919743951, 38.2756419073483], 
            [-123.090297379321, 38.2719996530616], 
            [-123.127286495076, 38.3917893495989], 
            [-123.164212658287, 38.4331131976161], 
            [-123.349895681141, 38.5412117075543], 
            [-123.42365807536, 38.6237784646045], 
            [-123.126629989982, 38.7327852898094], 
            [-122.737448374543, 38.9503402859755], 
            [-122.634323115519, 38.9724006557657], 
            [-122.381739525659, 38.8269263215926], 
            [-122.190246882388, 38.7702960123512], 
            [-121.882220088386, 38.8153070807572], 
            [-121.51065619183, 38.8456052404895], 
            [-121.432100411105, 38.7923473889209], 
            [-121.384436342663, 38.7702960123512], 
            [-121.280321829389, 38.8239315791791], 
            [-121.25204714426, 38.885022525769], 
            [-121.330800775835, 39.0378982803814], 
            [-121.249403137445, 39.1524449293901], 
            [-121.129766325655, 39.0908143895725], 
            [-120.815273406143, 38.8065746636898], 
            [-120.666444600738, 38.7702960123512], 
            [-120.566655826505, 38.7447192933608], 
            [-120.509351025729, 38.6573141837027], 
            [-120.317831402797, 38.4352625773062], 
            [-120.25737897486, 38.3106525146019], 
            [-120.262523096963, 38.058923280685], 
            [-120.405407383644, 37.8819187155763], 
            [-120.631416007043, 37.8475466269753], 
            [-120.94423618755, 37.9828945949097], 
            [-121.009634886741, 37.981554605061], 
            [-121.073783528287, 37.8189391926897], 
            [-121.142914413969, 37.6847423569742], 
            [-121.241525076321, 37.6224822917244], 
            [-121.343742020078, 37.7603843342697], 
            [-121.386639681676, 37.8925576953814], 
            [-121.410993322684, 37.9637210488874], 
            [-121.631776884995, 37.9592154454365], 
            [-121.656706092112, 37.5770215622953], 
            [-121.68847014678, 37.5153730360369], 
            [-121.957367438556, 37.5704475181385], 
            [-122.003035012056, 37.5229183480034], 
            [-122.129335800207, 37.2461429951032], 
            [-122.010544351141, 37.1682527126926], 
            [-121.779274693772, 37.1048415152238], 
            [-121.517221242766, 37.2824756057647], 
            [-121.338957626793, 37.3069461586384], 
            [-121.112526322032, 37.2151073912931], 
            [-120.933381370454, 37.0791658708084], 
            [-120.796630460128, 36.8946879394969], 
            [-120.689395299354, 36.5642500401074], 
            [-120.665545278692, 36.5179529411754], 
            [-120.666903254981, 36.4517448521433], 
            [-120.595146348925, 36.2621407851692], 
            [-120.553903439892, 36.1820741434071], 
            [-120.556538453487, 36.05272465352], 
            [-120.395011220791, 35.8654408374248], 
            [-120.400730909004, 35.5854009454973], 
            [-120.372186427262, 35.5020068121647], 
            [-120.30149971444, 35.4393960113169], 
            [-120.069258789262, 35.5590328231064], 
            [-119.983184676232, 35.500684808757], 
            [-119.805757429761, 35.2505833477434], 
            [-119.631163047736, 35.0342874024417], 
            [-119.576556213099, 34.9217192619345], 
            [-119.342004030262, 34.767944185276], 
            [-119.041153826188, 34.7417019679715], 
            [-118.816997806204, 34.7876213516441], 
            [-118.726130306668, 34.8344310641424], 
            [-118.661720861728, 34.9014665294569], 
            [-118.573830118165, 35.1243095392539], 
            [-118.355438752496, 35.4464916622605], 
            [-118.326255752101, 35.600014928746], 
            [-118.383434647791, 35.767072992025], 
            [-118.551320087352, 35.8215449283558], 
            [-118.627843400253, 35.8734178239735], 
            [-118.730914699953, 36.0470589246298], 
            [-118.776384422603, 36.1141303628261], 
            [-118.802932409403, 36.2230472558263], 
            [-118.867305881461, 36.3180066706714], 
            [-118.865947905172, 36.3844216037741], 
            [-118.867099037391, 36.440692184197], 
            [-118.864275166166, 36.5790079148834], 
            [-118.891614556367, 36.712467306521], 
            [-119.073457474083, 37.0654691960466], 
            [-119.13156267148, 37.121299108667], 
            [-119.158533339642, 37.1520559226428], 
            [-119.071209168968, 37.321578128328], 
            [-118.798885460196, 38.1176220306323], 
            [-118.770170107265, 38.2015197843107], 
            [-118.633742952875, 38.3813122477621], 
            [-118.358658325421, 38.6456140038833], 
            [-118.46129795054, 38.8148574197342], 
            [-118.631782430814, 39.1084411016756], 
            [-118.847322945597, 39.7266530625889], 
            [-118.956194872495, 39.995073713681], 
            [-119.130708315536, 40.2828477752047], 
            [-119.451559441915, 40.6378461596726], 
            [-119.599875633753, 40.8119549077928], 
            [-119.620137359452, 40.8743858442314], 
            [-119.608455166073, 40.8635670000171], 
            [-119.399983322572, 40.8324774368843], 
            [-119.087621796309, 40.767123703796], 
            [-118.778578768395, 40.6766519059608], 
            [-118.523459090365, 40.571862901152], 
            [-118.27958993113, 40.4304085365249], 
            [-118.025189710737, 40.2022325469945], 
            [-117.881136305396, 40.0058385985725], 
            [-117.779449961646, 39.7903790227738], 
            [-117.725328760914, 39.6194358882557], 
            [-117.680461584035, 39.3844160579548], 
            [-117.65127858364, 38.8371606064769], 
            [-117.622482291724, 38.6717483025422], 
            [-117.527064222636, 38.4531051267003], 
            [-117.338530348896, 38.2300103067304], 
            [-117.243849723886, 38.1422814411357], 
            [-117.068454945239, 38.0136334224446], 
            [-116.871152681551, 37.9205176177939], 
            [-116.580006162354, 37.8511619016006], 
            [-116.057239250191, 37.8718822815421], 
            [-115.78121932781, 37.9442057604875], 
            [-115.548879477206, 38.0671520774065], 
            [-115.441707268975, 38.2132649302324], 
            [-115.396102648019, 38.3573093423523], 
            [-115.352530494886, 38.9479570825534], 
            [-115.304641595933, 39.1768525297206], 
            [-115.234548435662, 39.3768347731064], 
            [-115.141261759822, 39.5531198805781], 
            [-114.97237807279, 39.7733548564415], 
            [-114.757988690226, 39.9495320452677], 
            [-114.543239578843, 40.0757788740958], 
            [-113.986262456047, 40.3033613110757], 
            [-113.792233724607, 40.4673346997367], 
            [-113.685061516376, 40.6944225095912], 
            [-113.604994874614, 41.1138213457785], 
            [-113.624285332502, 41.600678328642], 
            [-113.721879760942, 41.8791264205479], 
            [-113.846894518567, 41.8529741354481], 
            [-113.903587780352, 41.8421462980133], 
            [-113.832244562437, 42.0247806191304], 
            [-113.800570439974, 42.1730428516463], 
            [-113.802980623057, 42.2135033504993], 
            [-113.793393850046, 42.3743740781013], 
            [-113.843036426989, 42.5877292403123], 
            [-113.92931738409, 42.7234009641832], 
            [-114.086662769271, 42.8524986438974], 
            [-114.329263884421, 42.953402577467], 
            [-114.695746611417, 42.9752471099662], 
            [-114.925604333173, 42.8868797257189], 
            [-115.045465975474, 42.7797884564721], 
            [-115.146405881926, 42.6165075457867], 
            [-115.198062940252, 42.4236659194467], 
            [-115.20894473701, 42.1347317324836], 
            [-115.2633986869, 42.1816493636273], 
            [-115.486151764492, 42.4563562758216], 
            [-115.659091393953, 42.5917941759605], 
            [-115.934131055304, 42.5318004022668], 
            [-116.181300726447, 42.5119433714895], 
            [-116.438776628239, 42.5589059687355], 
            [-116.672375529707, 42.6475521428172], 
            [-116.818965023217, 42.7528087950899], 
            [-116.929824451837, 42.8445036709078], 
            [-117.102593210109, 42.9216025499178], 
            [-117.550896256857, 43.1764704177757], 
            [-117.806807338288, 43.2704495715905], 
            [-117.994396923879, 43.2460239848191], 
            [-118.202248235168, 43.1475032546716], 
            [-118.215917930268, 43.4749554048681], 
            [-118.314447653636, 43.6837240246441], 
            [-118.426017546672, 43.8041432466136], 
            [-118.599397843935, 43.8958830885338], 
            [-118.779909765024, 43.9431784349369], 
            [-119.079869640272, 43.9879107135087], 
            [-119.418455397399, 44.0013285984361], 
            [-119.62030823064, 43.937422773842], 
            [-119.739189611911, 43.7823886463191], 
            [-119.808329490813, 43.5185455444414], 
            [-119.816414396008, 43.3145073586278], 
            [-119.766852758048, 42.8389188810016], 
            [-119.811045443392, 42.7981975787553], 
            [-119.901463281905, 42.8017768804987], 
            [-120.059006517936, 42.795535585499], 
            [-120.326204091046, 42.8061295992017], 
            [-120.481732845694, 42.7568917171791], 
            [-120.531204551449, 42.7307124524178], 
            [-120.651749678505, 42.6738213397831], 
            [-120.840283552244, 42.535532588758], 
            [-121.003456544284, 42.335037731806], 
            [-121.012665602036, 42.1026709015409], 
            [-120.961844913212, 41.8364715759026], 
            [-120.864565247488, 41.6710053126451], 
            [-120.789948497325, 41.5904710234191], 
            [-120.683585678936, 41.512454835922], 
            [-120.626199939176, 41.4505185266088], 
            [-120.55366961616, 41.4036908276697], 
            [-120.555072558552, 41.3684014305816], 
            [-120.393302508904, 41.3345599419878], 
            [-120.275887022568, 41.339209436966], 
            [-119.985028286426, 41.2581355545123], 
            [-119.879582776524, 41.1604332074266], 
            [-119.873296515422, 41.001657900192], 
            [-119.939414672249, 40.7240821506708], 
            [-119.979569401607, 40.6094995287803], 
            [-120.093369613317, 39.9692631709586], 
            [-120.148596980166, 39.8274220978516], 
            [-120.238619116979, 39.6211356069228], 
            [-120.152697888697, 39.4970201713439], 
            [-119.969407062486, 39.2856884837366], 
            [-120.003653246, 39.1457809530286], 
            [-120.095321142157, 39.0468465347399], 
            [-120.218843025185, 38.9618516081653], 
            [-120.433772000977, 38.90553606164], 
            [-120.523650246262, 38.9420575299312], 
            [-120.659870556581, 39.372338162876], 
            [-120.796495561821, 39.4663442963523], 
            [-121.01079501218, 39.5036661612644], 
            [-121.336835226764, 39.5165894190665], 
            [-121.383510040956, 39.4733500150912], 
            [-121.503191818847, 39.3101770230513], 
            [-121.629492606998, 39.2433394085869], 
            [-121.724245177773, 39.2395802424343], 
            [-121.750856117116, 39.3513299998797], 
            [-121.881563583293, 39.3824645291148], 
            [-121.857434772796, 39.4529443978657], 
            [-121.701294479157, 39.5976093421975], 
            [-121.71053950979, 39.8308125419653], 
            [-121.621947295032, 40.0835670030149], 
            [-121.67558286186, 40.1414473699003], 
            [-121.743112954299, 40.1441273495976], 
            [-121.87525933575, 40.0817593657022], 
            [-122.161621461661, 39.8456513557256], 
            [-122.589464931861, 39.7696136767299], 
            [-122.858784904999, 39.6945382723235], 
            [-123.043730483775, 39.4593565640542], 
            [-123.290441500675, 39.2701661852213], 
            [-123.618595122067, 39.1193498780945], 
            [-123.738744547423, 39.0964081726991], 
            [-123.805717060194, 39.1861245400156], 
            [-123.861079325351, 39.3760163900445], 
            [-123.841474104746, 39.4692041404588], 
            [-123.808684822946, 39.5526162602323], 
            [-123.838578287758, 39.6942684757097], 
            [-123.863975142339, 39.7138736963141], 
            [-123.883589356164, 39.8068006433351], 
            [-123.921693631256, 39.8362084742418], 
            [-123.94129885186, 39.8616143220434], 
            [-123.750426740801, 39.9858286830474], 
            [-123.496305310242, 40.1426974275443], 
            [-123.390509064741, 40.2964455245414], 
            [-123.367828162739, 40.8687291085616], 
            [-123.419961861751, 41.0486654635404], 
            [-123.573458148575, 41.214329577648], 
            [-123.794691371909, 41.3108717992942], 
            [-124.121352118705, 41.3245145147331], 
            [-124.099093898065, 41.4308773331225], 
            [-124.139896139295, 41.5865949454005], 
            [-124.184556472103, 41.714001899668], 
            [-124.268067517302, 41.7404419678226], 
            [-124.297844070248, 41.7725747445289], 
            [-124.267213161358, 41.8304641046348], 
            [-124.243129316964, 41.8815006307496], 
            [-124.247185259392, 41.9839064321362], 
            [-124.378351379812, 42.0686135756561], 
            [-124.403325553032, 42.1734295601262], 
            [-124.448147763808, 42.2581456968665], 
            [-124.447230455321, 42.2812672666711], 
            [-124.470702760724, 42.4386756043957], 
            [-124.426069407577, 42.6090341795838], 
            [-124.493131852553, 42.6406903156056], 
            [-124.514778534202, 42.6865557399555], 
            [-124.538142920959, 42.7307124524178], 
            [-124.559789602608, 42.7765778767677], 
            [-124.596877643788, 42.8466620438184], 
            [-124.501234744188, 42.9856522660393], 
            [-124.47062182174, 43.114174379644], 
            [-124.447257434983, 43.1808321296991], 
            [-124.424054926194, 43.2541178832338], 
            [-124.426078400798, 43.3050464907031], 
            [-124.424621499083, 43.3418107759466], 
            [-124.340040260649, 43.4201687058212], 
            [-124.287205090442, 43.5019890255731], 
            [-124.245566479709, 43.6768262245507], 
            [-124.219953787837, 43.7498871475739], 
            [-124.176597471996, 43.9769929438693], 
            [-124.178072360151, 44.0142338697973], 
            [-124.154680993733, 44.1711026142943], 
            [-124.109220264304, 44.5658690196396], 
            [-124.110991928734, 44.6103944541408], 
            [-124.109651938886, 44.6441550037505], 
            [-124.110991928734, 44.6779155533602], 
            [-124.10876161006, 44.7341771405627], 
            [-124.111360650773, 44.7997557041625], 
            [-124.06562113151, 44.930247333048], 
            [-124.043012175272, 45.0722053180211], 
            [-124.018011022391, 45.1435215562749], 
            [-124.020520130899, 45.2068068486572], 
            [-124.017120693565, 45.2924942532073], 
            [-124.043237005783, 45.3418490470959], 
            [-124.017948069847, 45.3896210341834], 
            [-124.021365493623, 45.4756861539929], 
            [-123.996274408537, 45.5230894190415], 
            [-123.998010100086, 45.5669043891264], 
            [-123.992128533905, 45.7154094385948], 
            [-124.02053811734, 45.769089971525], 
            [-124.017399483399, 45.8482303115797], 
            [-124.021374486843, 45.9486665976854], 
            [-123.965931282702, 46.0292458530138], 
            [-124.005483466289, 46.1801970584476], 
            [-124.11364492877, 46.2312515710033], 
            [-124.096566803115, 46.6622156887031], 
            [-124.064110270473, 46.6922890179239], 
            [-124.133034312084, 46.7367964659842], 
            [-124.154680993733, 46.8501829895534], 
            [-124.200546418083, 46.9168407396085], 
            [-124.222202092952, 47.0977483623971], 
            [-124.252257435732, 47.241442038919], 
            [-124.302259741494, 47.2877661175124], 
            [-124.365652952522, 47.3561865387778], 
            [-124.402246366576, 47.5478680396783], 
            [-124.431906007656, 47.661047719177], 
            [-124.512827005362, 47.6578371394725], 
            [-124.537279571795, 47.6726939396736], 
            [-124.45305806218, 47.7124439741102], 
            [-124.559969467017, 47.8115042974854], 
            [-124.673176126177, 47.8846011933904], 
            [-124.702044363856, 47.945764085744], 
            [-124.773099798717, 47.9792998048422], 
            [-124.72611921503, 48.0680808772308], 
            [-124.796221368521, 48.1699560786102], 
            [-124.739806896571, 48.2222246759281], 
            [-124.740724205058, 48.2454721508192], 
            [-124.717134987789, 48.3127864059679], 
            [-124.777560436065, 48.4005962105468], 
            [-124.639028868088, 48.4247520007044], 
            [-124.28345491751, 48.2890712836129], 
            [-124.245134805127, 48.2905911378708], 
            [-124.216536364062, 48.2894579920928], 
            [-123.997992113645, 48.1996876654535], 
            [-123.601561962515, 48.1759095905552], 
            [-123.54721593127, 48.1780679634658], 
            [-123.258794357873, 48.140458315499], 
            [-123.151127522517, 48.1974393603383], 
            [-123.084604670769, 48.2221976962667], 
            [-123.052741690676, 48.1546765970474], 
            [-123.012425083351, 48.1173187592534], 
            [-122.938581750148, 48.1563943021554], 
            [-122.883516261266, 48.1542179428039], 
            [-122.73974164576, 48.1599106513556], 
            [-122.805266250037, 48.2206328759066], 
            [-122.80414209748, 48.2491683644286], 
            [-122.707303099558, 48.3898942781985], 
            [-122.755380856142, 48.4807527845135], 
            [-122.78950113457, 48.4084562852295], 
            [-122.855943047334, 48.380595288242], 
            [-122.984366235513, 48.4256063566481], 
            [-123.139373383375, 48.46253251986], 
            [-123.209421577544, 48.5381385242736], 
            [-123.243613801736, 48.5489663617083], 
            [-123.271151042786, 48.6452657664021], 
            [-123.382693956161, 48.659142305573], 
            [-123.456105614782, 48.5342534530345], 
            [-123.42365807536, 48.3914231256768], 
            [-123.458093116504, 48.3583370676017], 
            [-123.523168059758, 48.2906091243117], 
            [-123.57414163333, 48.2678652697665], 
            [-123.749779228928, 48.3128763381725], 
            [-123.885486925681, 48.3459534030272], 
            [-124.227094404883, 48.4335024042127], 
            [-124.334932111428, 48.4704195742041], 
            [-124.445206980718, 48.5062035984174], 
            [-124.674713966876, 48.5510078227529], 
            [-124.931119675433, 48.6619391971363], 
            [-125.100587921795, 48.6950252552114], 
            [-125.172155970222, 48.7195227877465], 
            [-125.30269256521, 48.8080070838599], 
            [-125.382174647642, 48.8465700131956], 
            [-125.528206561484, 48.8750785220562], 
            [-125.700552638394, 48.9795887370307], 
            [-125.763172432462, 49.0447626057098], 
            [-125.919510576951, 49.36701667448], 
            [-125.966401228434, 49.6071986133254], 
            [-126.007940913742, 49.8100317075973], 
            [-126.000305669571, 50.1841856516466], 
            [-125.95266858079, 50.3233557382768], 
            [-125.890507440966, 50.4440177771987], 
            [-125.748639388197, 50.6130183760973], 
            [-125.532865049682, 50.7544907271654], 
            [-125.217194018289, 50.8314457146481], 
            [-124.909832722602, 50.7865245784466], 
            [-124.681009221199, 50.8157795246054], 
            [-124.307493795802, 50.8794874983495], 
            [-124.079497670681, 50.9719647843474], 
            [-123.852355901504, 51.1259287186355], 
            [-123.588629711492, 51.4004197935387], 
            [-123.507888578195, 51.5668573246059], 
            [-123.480153486294, 51.8304306298697], 
            [-123.528366141184, 52.1603649089135], 
            [-123.709822350421, 52.954870970519], 
            [-123.7582058765, 53.0013569270806], 
            [-124.378729095072, 53.2193795707107], 
            [-124.77082451394, 53.4031290511649], 
            [-124.978846696418, 53.4706321639433], 
            [-125.197184102764, 53.4661715265947], 
            [-125.460235801241, 53.421304349716], 
            [-125.765744493514, 53.3839734915834], 
            [-126.182373417799, 53.4265563904651], 
            [-126.811512141572, 53.5384500394379], 
            [-127.193481194202, 53.6243712677199], 
            [-127.324080741733, 53.5796659688095], 
            [-127.935907516119, 53.2862711444978], 
            [-128.133551522185, 53.2023643975989], 
            [-128.36924584402, 53.1449067120752], 
            [-128.730674381118, 53.152281152853], 
            [-128.934065055058, 53.2218976724397], 
            [-129.044978443001, 53.2790405952474], 
            [-129.190030095812, 53.3890996272461], 
            [-129.293308239584, 53.4965955914135], 
            [-129.424456373563, 53.6966317941221], 
            [-129.527914381743, 53.958937055301], 
            [-129.55634195162, 54.3718517795361], 
            [-129.497760113538, 54.6578811562904], 
            [-129.364462599869, 54.9556376925255], 
            [-129.163913783594, 55.1881753939793], 
            [-128.914873522595, 55.3648382167104], 
            [-128.614059291403, 55.4766149538171], 
            [-128.003428615338, 55.6043906301236], 
            [-127.610128104928, 55.6893585770368], 
            [-127.405721197076, 55.7226334927416], 
            [-127.09449281659, 55.7162752858758], 
            [-126.823023463762, 55.6467037323914], 
            [-126.617168647415, 55.5406646699387], 
            [-126.351400996359, 55.3033066023179], 
            [-126.121903003421, 55.2127898383804], 
            [-125.775322273304, 55.1097095454592], 
            [-125.442905865413, 55.0067551576245], 
            [-124.947226533278, 54.7768704562067], 
            [-124.689300970463, 54.7496120049901], 
            [-124.307385877156, 54.8147588940078], 
            [-124.095118894621, 54.844391555426], 
            [-123.829486141872, 54.8389686434882], 
            [-123.305694002576, 54.7794694969198], 
            [-123.035771483667, 54.9185226716841], 
            [-122.889146017275, 54.9763580724672], 
            [-122.611003694865, 55.0306501443887], 
            [-122.009240334174, 55.0674683889551], 
            [-121.925450499141, 55.1106268539463], 
            [-121.864296600008, 55.2366848251447], 
            [-121.9047301192, 55.6719117293429], 
            [-121.926781495769, 55.9940578794677], 
            [-121.880421444294, 56.3113207108822], 
            [-121.795606382129, 56.5591019210169], 
            [-121.598861698109, 56.8493581113878], 
            [-121.396109542821, 57.0101029339033], 
            [-121.135360108782, 57.1366105661248], 
            [-120.888487213914, 57.184805234574], 
            [-120.638502664766, 57.1796970853523], 
            [-120.362770525439, 57.1232286540792], 
            [-120.021891497095, 56.9706226960806], 
            [-119.453187214818, 56.6036903080613], 
            [-119.167175824505, 56.4649339095724], 
            [-118.640892563141, 56.2800243036788], 
            [-118.370898098468, 56.1778523260241], 
            [-118.0190203615, 55.9644611909313], 
            [-117.647366532739, 55.6739262107261], 
            [-117.487116337349, 55.5787959246923], 
            [-117.310732304452, 55.5823932128766], 
            [-117.187992831604, 55.6456155527157], 
            [-116.77373811752, 56.0266852832993], 
            [-116.493140645924, 56.2106506010445], 
            [-116.273058554808, 56.3040721751908], 
            [-116.025043520942, 56.3524916741515], 
            [-115.721009716825, 56.3462863520336], 
            [-115.478408601676, 56.2760762798965], 
            [-115.281663917656, 56.1747226853038], 
            [-115.068956267318, 56.0133213576946], 
            [-114.872868088391, 55.7659898085829], 
            [-114.609078945837, 55.3117422431101], 
            [-114.473479167729, 55.1502150104145], 
            [-114.281797666829, 55.0572161176298], 
            [-113.902490607455, 55.0649592804465], 
            [-113.386864312338, 55.1849198481725], 
            [-113.010318171646, 55.3138106838161], 
            [-112.86966420364, 55.4091478139206], 
            [-112.76230313778, 55.5208885781455], 
            [-112.683684404512, 55.6829464108483], 
            [-112.653557115968, 55.9295315226617], 
            [-112.657028499066, 56.0998451317475], 
            [-112.742661944293, 56.6858433769704], 
            [-112.777294836288, 57.0399064665103], 
            [-112.743525293457, 57.4364535295069], 
            [-112.694791031781, 57.6744231361189], 
            [-112.631316881769, 57.9220694479467], 
            [-112.577456484429, 58.143023881447], 
            [-112.535395192334, 58.4443417329847], 
            [-112.544262507709, 58.8791189761599], 
            [-112.615021166294, 59.0858281484504], 
            [-112.742581005309, 59.1477104984408], 
            [-113.230849923785, 59.0853065416637], 
            [-113.66503361441, 59.0941648638175], 
            [-113.964390943887, 59.1847535735187], 
            [-114.207954333626, 59.3324582263662], 
            [-114.440357136772, 59.5743488770991], 
            [-114.569436830046, 59.8404043112101], 
            [-114.612307511982, 60.0158080830766], 
            [-112.486795828964, 60.0380932833784], 
            [-112.418528292447, 59.7960407546772], 
            [-112.356744867881, 59.6437315729538], 
            [-112.167167780569, 59.610924304713], 
            [-111.686111424902, 59.7191397265173], 
            [-111.400981370194, 59.7470277031661], 
            [-111.221000049113, 59.7433494759976], 
            [-110.992815066362, 59.6966207024835], 
            [-110.735546008641, 59.5853026196203], 
            [-110.583893332012, 59.4825101097538], 
            [-110.389334000564, 59.280009764639], 
            [-110.287845507664, 59.1090396504596], 
            [-110.193542597912, 58.8699458912899], 
            [-110.149215014261, 58.5976401689587], 
            [-110.16616723483, 57.7669094153374], 
            [-110.129708719082, 57.5889245891985], 
            [-110.018723385376, 57.3324109619964], 
            [-109.793587104361, 57.0193659509779], 
            [-109.610736945953, 56.8838201321934], 
            [-109.496765863054, 56.8285298128007], 
            [-109.285056460187, 56.7976650801794], 
            [-108.851196525499, 56.8651861793987], 
            [-108.647338204095, 56.8936407289366], 
            [-108.326541037039, 56.8870936644411], 
            [-108.032085012713, 56.8368755213883], 
            [-107.61336066806, 56.7071932823442], 
            [-107.378098020807, 56.6372260271595], 
            [-106.915225956912, 56.572609738149], 
            [-106.703462594723, 56.5416640665435], 
            [-106.343571898324, 56.4184749326721], 
            [-106.087741755877, 56.2450586625274], 
            [-105.920225038355, 56.0707070974547], 
            [-105.785110894152, 55.8430976808134], 
            [-105.679710350352, 55.5182895374323], 
            [-105.655338722904, 54.7716723747803], 
            [-105.628260136096, 54.6394720340073], 
            [-105.499153463162, 54.4490136110894], 
            [-105.195893076005, 54.1850805770071], 
            [-104.95103466252, 53.9302306955902], 
            [-104.818870294628, 53.7075855366433], 
            [-104.715484232212, 53.4454601398737], 
            [-104.687569275901, 53.0104670594073], 
            [-104.739343246094, 52.7069548620773], 
            [-104.860266088409, 52.2891028598092], 
            [-104.898891970288, 52.0912430164522], 
            [-104.866516376629, 51.933160187193], 
            [-104.76913778548, 51.7895024835528], 
            [-104.236999937597, 51.5087341407681], 
            [-104.095212823813, 51.4227499599428], 
            [-103.894834878727, 51.2610068899561], 
            [-103.716265493258, 51.0751440026937], 
            [-103.42723238087, 50.6980672619946], 
            [-103.287999341696, 50.5366299615036], 
            [-103.079518504975, 50.3820814678855], 
            [-102.630163251433, 50.1790235431021], 
            [-102.39861480423, 50.0597374669106], 
            [-102.168613190946, 49.9202616107848], 
            [-101.775186775449, 49.6217226643695], 
            [-101.32353825069, 49.2321993065528], 
            [-100.839253328878, 48.7996793617132], 
            [-100.56038255561, 48.4792689031374], 
            [-99.953663930446, 47.6493025732552], 
            [-99.8225157964668, 47.4283841126367], 
            [-99.7333030494961, 47.2021956248283], 
            [-99.6840291945916, 47.0000550085319], 
            [-99.6915385336764, 46.6320794069392], 
            [-99.7600578803668, 46.3952969054279], 
            [-99.9078884383007, 46.1515356648391], 
            [-100.146226766952, 45.9225322990265], 
            [-100.359959644422, 45.7824089310274], 
            [-100.670540513034, 45.667007926075], 
            [-101.040881331608, 45.5947024335705], 
            [-101.829298982962, 45.5671292196379], 
            [-101.979980391782, 45.536273480237], 
            [-102.053913657189, 45.4519530451969], 
            [-102.006195629425, 45.3593318676716], 
            [-101.934240872518, 45.2902009819898], 
            [-101.510660188817, 44.9762026896025], 
            [-101.333637637267, 44.8235247858403], 
            [-101.27513673817, 44.8247208841615], 
            [-100.877573441261, 45.1676054006688], 
            [-100.69310450317, 45.3043473177746], 
            [-100.504633581974, 45.3957813901991], 
            [-100.301818474143, 45.4353785398878], 
            [-99.972324862902, 45.4286516109831], 
            [-99.771128534754, 45.4327615127337], 
            [-99.6192510276128, 45.5480006397178], 
            [-99.4520850456882, 45.8029764262212], 
            [-99.3279786033298, 45.9755473336426], 
            [-99.0947484239006, 46.1604569395362], 
            [-98.8258151592422, 46.2909305819808], 
            [-98.5345427349592, 46.3619320575185], 
            [-98.2278739172475, 46.3994068071785], 
            [-98.0041315854043, 46.4321061567738], 
            [-97.9785548664139, 47.1110403422381], 
            [-97.8517234782558, 47.4816059913235], 
            [-97.7040188254084, 47.7380656592029], 
            [-97.3824572346136, 48.1851816008503], 
            [-97.3280842237079, 48.3614037557788], 
            [-97.4162537571052, 48.5325537343674], 
            [-97.8683789225492, 48.8824259831726], 
            [-98.054052952182, 49.0382964801985], 
            [-98.2677858296523, 49.3266191281703], 
            [-98.3649036174079, 49.5553976634715], 
            [-98.4116593705834, 49.7948961175618], 
            [-98.4066231671254, 50.0416431073436], 
            [-98.3377890577188, 50.2795137885306], 
            [-98.2681095855888, 50.4147718242604], 
            [-98.1691391944182, 50.5607767584407], 
            [-97.9979352565068, 50.7252717538884], 
            [-97.8045540369392, 50.8520491827237], 
            [-97.5476806809186, 50.9474942314737], 
            [-97.1700013944487, 51.0089808797639], 
            [-96.7635527957249, 50.9628186791388], 
            [-96.4385108286118, 50.8515635488188], 
            [-96.2832788502387, 50.7715958324817], 
            [-96.0028702362723, 50.5588162363803], 
            [-95.7801711180026, 50.289613175108], 
            [-95.5504033284508, 49.9025539596976], 
            [-95.4281764691686, 49.741476388025], 
            [-95.2552997922515, 49.7082554316429], 
            [-95.10224417323, 49.8120012228782], 
            [-94.7659876602023, 50.1619723971085], 
            [-94.5198252297505, 50.398485102006], 
            [-94.2139388222188, 50.5673687890385], 
            [-93.9793236868386, 50.6435053934592], 
            [-93.6759194081541, 50.6755662244018], 
            [-93.3678026819481, 50.6230098440292], 
            [-93.1572534045209, 50.5376012293133], 
            [-92.899219923061, 50.3811191932962], 
            [-92.2485604227253, 49.7039027129399], 
            [-92.0641274575161, 49.5576819414685], 
            [-91.7941060131819, 49.4045993427855], 
            [-91.4991553617305, 49.2949989650303], 
            [-91.0252755959919, 49.1794810482119], 
            [-90.7059982831942, 49.1455945935157], 
            [-90.4730468935992, 49.1933126212805], 
            [-90.0601951219073, 49.4059932919569], 
            [-89.8410033596173, 49.5123381239053], 
            [-89.5930512782938, 49.5526996973332], 
            [-89.3722946956436, 49.5481940938824], 
            [-89.0532422133574, 49.4558606994119], 
            [-88.8228628848142, 49.3371861622117], 
            [-88.628942072019, 49.1806411736513], 
            [-88.5408714640467, 49.0889732774949], 
            [-88.3903159603133, 48.8858793798296], 
            [-88.278647141852, 48.622818688132], 
            [-88.2289775852473, 48.3684094745177], 
            [-88.2365948429776, 47.9954516287897], 
            [-88.3706657736065, 47.4351380212028], 
            [-88.3927171501763, 47.2290493811241], 
            [-88.3440008749404, 47.0867226741122], 
            [-88.123163353306, 47.2004959061612], 
            [-87.9379030118145, 47.2791326258701], 
            [-87.6877565846985, 47.327965812972], 
            [-87.3970237536433, 47.3220392806883], 
            [-87.160259238573, 47.2735388427435], 
            [-86.8742298618186, 47.1756386448077], 
            [-86.7322179175228, 47.1295573831668], 
            [-86.3416963122349, 47.3080997889742], 
            [-85.9987668296254, 47.3917007663774], 
            [-85.4664760969942, 47.4567397367495], 
            [-85.1974079340289, 47.5118501917331], 
            [-84.5743846001691, 47.7550988187556], 
            [-84.21955708689, 47.8551843692633], 
            [-83.8182526102697, 47.884808037461], 
            [-83.5007199822413, 47.8306508638464], 
            [-83.2569317619912, 47.7251693810622], 
            [-83.0605198271282, 47.5761337315865], 
            [-82.8812939365658, 47.3657373389071], 
            [-82.6541161945067, 47.0070697204913], 
            [-82.5772331527877, 46.90574310556], 
            [-82.4714189208465, 46.8724861762961], 
            [-82.3797420314695, 46.9197095769355], 
            [-82.0464532811939, 47.3226058535774], 
            [-81.7815939454042, 47.6297063458712], 
            [-81.5479410846133, 47.8149487009219], 
            [-81.3671144008089, 47.8862739323961], 
            [-80.8732427059861, 47.9466184416878], 
            [-80.6521533741788, 48.0032757305906], 
            [-80.4644019106196, 48.1608999056062], 
            [-80.1215173941124, 48.6838736618401], 
            [-79.8786464823492, 48.9500190281557], 
            [-79.5831652308906, 49.1437419901009], 
            [-79.3584876041196, 49.2391150930872], 
            [-79.0245153690889, 49.3205307179184], 
            [-78.2199728734493, 49.3476992369303], 
            [-78.0423387829084, 49.3736626644005], 
            [-77.6281380281474, 49.4798186387193], 
            [-77.3274407088216, 49.5458198836808], 
            [-76.5863903496349, 49.5760550908698], 
            [-76.3895377469694, 49.6434322985618], 
            [-76.2515997315423, 49.7870000699973], 
            [-76.1048483600637, 50.0458429412988], 
            [-76.0068942028051, 50.2159227266526], 
            [-75.8077393357017, 50.4783808725793], 
            [-75.5381225862882, 50.6782462040991], 
            [-75.2805297726308, 50.7798426156443], 
            [-75.069108152819, 50.8142596703476], 
            [-74.8257516071509, 50.8092954126532], 
            [-74.5788157597395, 50.7378352828721], 
            [-74.306447084865, 50.5975230572434], 
            [-74.0928491057016, 50.4251050345697], 
            [-73.7287136092456, 50.0461037446922], 
            [-73.5054209384255, 49.9135526683211], 
            [-72.6464964386597, 49.886420122191], 
            [-72.3118317256536, 49.8178737958391], 
            [-71.8546703567515, 49.6795310854913], 
            [-71.5760424004364, 49.6116142845717], 
            [-71.1755653000985, 49.5507121956114], 
            [-71.0312151184829, 49.5260887579899], 
            [-70.7017305004622, 49.4307336414445], 
            [-70.3413541701588, 49.2450865914731], 
            [-69.9307596968025, 48.9241095600083], 
            [-69.7129798701249, 48.7948320158849], 
            [-69.4936262298665, 48.7629960154538], 
            [-68.992928680714, 48.8305171146732], 
            [-68.7903743762764, 48.8400948944639], 
            [-68.9028975506814, 48.7855060462671], 
            [-69.0334970982125, 48.7182277640002], 
            [-69.0599911256899, 48.582493087586], 
            [-69.1293108690014, 48.5370503445978], 
            [-69.2042423818804, 48.5385791920762], 
            [-69.2850554609407, 48.4024488139617], 
            [-69.308015152777, 48.3803884441714], 
            [-69.3741782757068, 48.3115273551035], 
            [-69.445854242779, 48.242657272815], 
            [-69.5330704948074, 48.2003441705471], 
            [-69.6052051161232, 48.151448030902], 
            [-69.6561786896947, 48.0983880301835], 
            [-69.7125841684246, 48.044194883687], 
            [-69.7691605183432, 47.896283386769], 
            [-69.7319105991947, 47.9040535292471], 
            [-69.6968460326182, 47.9706213470976], 
            [-69.6346489199117, 47.942679411126], 
            [-69.6504320218203, 47.9075428987858], 
            [-69.6311775368138, 47.8646812100699], 
            [-69.7008570089437, 47.8279798773695], 
            [-69.7241494499371, 47.783760212364], 
            [-69.6449461573392, 47.7945790565783], 
            [-69.4891206264157, 48.0358941412018], 
            [-69.311450562993, 48.1506206546196], 
            [-69.1723164492446, 48.1771866278607], 
            [-69.0831576615968, 48.2455620830238], 
            [-69.000249162169, 48.2990987244267], 
            [-68.8774917028797, 48.3570330506349], 
            [-68.9256144255652, 48.3797409322983], 
            [-68.9472611072143, 48.4215594074408], 
            [-68.8097727528102, 48.4472530382972], 
            [-68.7680352166519, 48.4022149902297], 
            [-68.6936882631028, 48.4051557733204], 
            [-68.6222101468807, 48.4822996184327], 
            [-68.5196424675258, 48.5147741375165], 
            [-68.4965119045007, 48.5397393175156], 
            [-68.3620992314943, 48.5822952367359], 
            [-68.3179515122524, 48.6056596234929], 
            [-68.2400522366214, 48.642414915516], 
            [-68.1145338586506, 48.672317373548], 
            [-68.0703771461883, 48.6956817603051], 
            [-67.9512439547447, 48.7240643640792], 
            [-67.8193493834672, 48.6778302176905], 
            [-67.2806734643088, 48.4269013803945], 
            [-67.0533967968246, 48.4031053190553], 
            [-66.9174912492217, 48.4966258186267], 
            [-66.8266956954499, 48.6372258273101], 
            [-66.8330359158747, 48.7972871650707], 
            [-66.9842479247019, 49.0362460259335], 
            [-66.7191097990779, 49.1201977389346], 
            [-66.4715893923365, 49.1674481192354], 
            [-66.4049316422814, 49.1908125059924], 
            [-66.1938607580674, 49.2311111268771], 
            [-65.8639264790237, 49.257479249268], 
            [-65.526069172754, 49.2867971479701], 
            [-65.5307816202755, 49.1678797938175], 
            [-65.5261231320768, 49.0504193413796], 
            [-65.45240570396, 48.9110963700015], 
            [-65.007834843703, 48.5615029110306], 
            [-64.6857156732397, 48.2821195241968], 
            [-64.7364824027406, 48.1861888415419], 
            [-64.8970203811856, 48.1555309529912], 
            [-64.9695237245402, 48.1056455590954], 
            [-65.1819705714846, 48.0053801441784], 
            [-65.3829330759007, 47.9733732725586], 
            [-65.4416677987298, 47.9757025166579], 
            [-65.5263389693679, 48.0204977477729], 
            [-65.5858381159362, 48.0485835752719], 
            [-65.8422797973747, 48.1096655286413], 
            [-65.886436509837, 48.1330299153984], 
            [-65.9458547174212, 48.1546765970474], 
            [-66.0439707526481, 48.087155497828], 
            [-66.0950072787629, 48.0630716534341], 
            [-66.2248783754366, 48.0682247687582], 
            [-66.2690350878989, 48.0187530630035], 
            [-66.1794446256689, 48.0222963918651], 
            [-66.1089197908156, 48.0195084935223], 
            [-66.0565162951908, 47.9629501300445], 
            [-65.8189154106176, 47.9304756109607], 
            [-65.7044407073727, 47.8603824506896], 
            [-65.6562640253644, 47.7082261537141], 
            [-65.5422569695834, 47.6829102381171], 
            [-65.392582801455, 47.7621045374945], 
            [-65.2315052297824, 47.8381332232697], 
            [-65.0160366607632, 47.8639167863307], 
            [-64.8293014311161, 47.839563145323], 
            [-64.7716908608445, 47.84184742332], 
            [-64.6234016486671, 47.9326519703122], 
            [-64.5819339091225, 48.0204977477729], 
            [-64.5455473391384, 48.0542133312803], 
            [-64.4425389919808, 48.0181145443509], 
            [-64.4485824361304, 47.8656344914387], 
            [-64.5429932645275, 47.7425083101105], 
            [-64.7228486805221, 47.6576302954019], 
            [-64.8104336545894, 47.5631025551389], 
            [-64.8929644387578, 47.3024070804225], 
            [-64.9195304119988, 47.2778016292419], 
            [-64.9411770936479, 47.2544372424848], 
            [-64.9737055720544, 47.2242919675004], 
            [-65.0086981928673, 47.1285051763729], 
            [-64.7603324234025, 47.094564762354], 
            [-64.7649729251603, 46.9775000116163], 
            [-64.8498869127508, 46.8988183258052], 
            [-64.8736559944285, 46.8582768879681], 
            [-64.8035628341574, 46.7564196730296], 
            [-64.716112758397, 46.7151497843352], 
            [-64.6702473340472, 46.6908770823116], 
            [-64.6719830255961, 46.6471970105337], 
            [-64.67108370355, 46.6246959729408], 
            [-64.6730442256105, 46.57529621295], 
            [-64.5810795531788, 46.4900854490843], 
            [-64.5586864342315, 46.4193717566014], 
            [-64.5135584539594, 46.3775532814589], 
            [-64.4893756841404, 46.3514549556817], 
            [-64.4919297587513, 46.2870994700646], 
            [-64.4909494977211, 46.2623861002384], 
            [-64.4239679917294, 46.2650391002743], 
            [-64.2421790333357, 46.2578355306853], 
            [-64.1318142318412, 46.2191556894836], 
            [-63.9509066090527, 46.1975090078345], 
            [-63.7683712133608, 46.1737039532749], 
            [-63.7267056229661, 46.0827195418734], 
            [-63.9317780291327, 46.0177884901468], 
            [-63.8404608685741, 45.9746929776988], 
            [-63.8167277597783, 45.9490802858266], 
            [-63.7627234709114, 45.899042007183], 
            [-63.613750773979, 45.9049415598053], 
            [-63.5687307123524, 45.903160902154], 
            [-63.4843113518873, 45.9065063801654], 
            [-63.3847474081663, 45.8804170476087], 
            [-63.3424792720007, 45.8347944402113], 
            [-63.2339131145985, 45.839102192812], 
            [-63.1865008563294, 45.8140111077265], 
            [-63.0365209187054, 45.8199556264511], 
            [-62.736183328198, 45.7915100701337], 
            [-62.6942929072917, 45.793173815919], 
            [-62.6347308081802, 45.7807182055808], 
            [-62.6022203162146, 45.7232065607343], 
            [-62.5193747693301, 45.6882948789056], 
            [-62.3084477766435, 45.7145370962101], 
            [-62.1746016765261, 45.7932097888008], 
            [-62.0935367872929, 45.8273750333312], 
            [-61.9739989009285, 45.9146902107847], 
            [-61.8740572419481, 45.9022615801079], 
            [-61.8822410725674, 45.8364941588784], 
            [-61.8460343669924, 45.7097167300431], 
            [-61.6659451272657, 45.6582215496849], 
            [-61.5894487940266, 45.7031876519886], 
            [-61.5069000234173, 45.7267858624776], 
            [-61.5446445696911, 45.8589951964712], 
            [-61.5417847255845, 45.8819908611894], 
            [-61.5466050917515, 45.9207336549343], 
            [-61.6158169164175, 45.9498896756681], 
            [-61.6544697779578, 45.9931920321866], 
            [-61.5247425728114, 46.0970817149492], 
            [-61.4678694466176, 46.1907101331662], 
            [-61.3311994752755, 46.267979883365], 
            [-61.2922858103418, 46.3165702535145], 
            [-61.2986979765303, 46.3681103999751], 
            [-61.193018642896, 46.4126448276967], 
            [-61.0873123296003, 46.5446563108401], 
            [-61.0944619398666, 46.6021859421276], 
            [-61.0879418550325, 46.6546703767366], 
            [-61.0017957962389, 46.6909670145162], 
            [-60.9139500187783, 46.8159457992593], 
            [-60.7498237453695, 46.9087378479734], 
            [-60.6892004462435, 47.0085446086468], 
            [-60.6190353402087, 47.0647342500857], 
            [-60.4854050773823, 47.0481057854537], 
            [-60.4066334593666, 47.0579083957559], 
            [-60.3463968687204, 47.0504170431121], 
            [-60.3534655400026, 46.9936068694615], 
            [-60.436212161462, 46.9273448211067], 
            [-60.2633264913245, 46.8779180814544], 
            [-60.3117100174033, 46.6213504949295], 
            [-60.4126409306344, 46.4831786557704], 
            [-60.4291344969594, 46.3883811188936], 
            [-60.3532766823729, 46.4195516210106], 
            [-60.3391123601472, 46.3658710880803], 
            [-60.2826259424332, 46.3548453997955], 
            [-60.1819918054774, 46.2866318226006], 
            [-60.0858183058701, 46.2885923446611], 
            [-59.9481590802773, 46.2439230186325], 
            [-59.9004680321739, 46.2193535403337], 
            [-59.7662711964585, 46.193165282352], 
            [-59.7649761727121, 46.1293493899624], 
            [-59.8322184820972, 46.0301451750599], 
            [-59.6530015847553, 46.0668555009807], 
            [-59.6515626694816, 45.9961418084977], 
            [-59.6749540359, 45.97178816749], 
            [-59.7429247961423, 45.9497367909203], 
            [-59.7649851659326, 45.9267770990839], 
            [-59.8800983878303, 45.9043030411525], 
            [-59.9675394703702, 45.859264993085], 
            [-60.0355102306126, 45.8372046232948], 
            [-60.0346109085665, 45.7928050938801], 
            [-60.103247167123, 45.7462741712161], 
            [-60.1701027680282, 45.7476411407262], 
            [-60.2332531621037, 45.6819096923785], 
            [-60.3726480792454, 45.6342006578342], 
            [-60.5963184653248, 45.5796747621806], 
            [-60.6923570666253, 45.5301940632056], 
            [-60.8647031435352, 45.5891895894281], 
            [-60.8685702283333, 45.5157059850433], 
            [-60.8673201706893, 45.4546240316738], 
            [-61.0422562950919, 45.4510537231509], 
            [-61.1356508895768, 45.4991674526159], 
            [-61.1833149580189, 45.4771070828257], 
            [-61.2503863962152, 45.4316463533966], 
            [-61.3429266347563, 45.386743203636], 
            [-60.8907385167691, 45.3621557388963], 
            [-60.9234918256872, 45.2647951341881], 
            [-60.9710659619245, 45.2152874555517], 
            [-61.1011708823303, 45.1819405940832], 
            [-61.2716103965025, 45.1854209704015], 
            [-61.31996694292, 45.1605097497252], 
            [-61.4984014300819, 45.1170095423566], 
            [-61.5217658168389, 45.0926918742307], 
            [-61.6109246044869, 45.0945174979842], 
            [-61.6329849742771, 45.0715488129275], 
            [-61.7684768337388, 45.0494884431373], 
            [-61.8130382411219, 45.0265377445214], 
            [-61.858498970551, 45.0044773747311], 
            [-61.9255614155268, 44.959016645302], 
            [-61.9710311381764, 44.9369652687323], 
            [-62.0290823762506, 44.876530827236], 
            [-62.242914179146, 44.8466823285267], 
            [-62.3332690651152, 44.8001424126423], 
            [-62.438840480104, 44.8022917923324], 
            [-62.5786940514892, 44.7569120018875], 
            [-62.6457564964651, 44.7339523100512], 
            [-62.7137272567075, 44.7119009334814], 
            [-62.8129314716101, 44.6446586240963], 
            [-62.8597951434311, 44.643696349507], 
            [-62.9273072494299, 44.6450723122375], 
            [-63.0060788674457, 44.6434715189955], 
            [-63.1823999477993, 44.6470688071798], 
            [-63.2547504064061, 44.5980197827868], 
            [-63.3659425841828, 44.6002860743429], 
            [-63.4560006938768, 44.5538990432063], 
            [-63.501461423306, 44.5548253449138], 
            [-63.4996717724343, 44.4670964793191], 
            [-63.5671928716536, 44.3968144614183], 
            [-63.7940198781148, 44.4188748312086], 
            [-63.8803637877585, 44.463346306387], 
            [-64.0406229763692, 44.4666198386347], 
            [-64.041594244179, 44.418883824429], 
            [-63.9977702808737, 44.3767685730113], 
            [-64.0976310008699, 44.3628290812971], 
            [-64.1305461877563, 44.3057311245918], 
            [-64.2065119209883, 44.2581479951339], 
            [-64.2430783553817, 44.2157089877796], 
            [-64.2897621627935, 44.1948716959721], 
            [-64.313135542771, 44.1677481430624], 
            [-64.4473053988251, 44.1273505967527], 
            [-64.6299487131625, 43.9762734862325], 
            [-64.7104380362863, 43.9403635569327], 
            [-64.7553142063854, 43.8398013657405], 
            [-64.8282402311017, 43.7880903480912], 
            [-64.8749240385135, 43.7672530562836], 
            [-65.0309564135076, 43.6529312377865], 
            [-65.0744386344354, 43.6564206073252], 
            [-65.1238653740877, 43.6288473933926], 
            [-65.2094898260945, 43.6357272070451], 
            [-65.2333488399769, 43.6080370812464], 
            [-65.2757968405517, 43.571470646853], 
            [-65.3233709767891, 43.4955139068414], 
            [-65.3475537466081, 43.4746766150338], 
            [-65.3825193877595, 43.4340902110944], 
            [-65.4795472433105, 43.426293088955], 
            [-65.5267616507296, 43.452643224905], 
            [-65.591063177024, 43.416769268487], 
            [-65.8037258612594, 43.4746496353724], 
            [-65.871426824888, 43.6530571428729], 
            [-65.9591826701441, 43.6312305968146], 
            [-66.0137085657976, 43.5679453044323], 
            [-66.0885771261334, 43.6097188134726], 
            [-66.2011092937589, 43.635277546022], 
            [-66.1802809951717, 43.6997409502847], 
            [-66.1459268930116, 43.7293286456006], 
            [-66.1785992629456, 43.7672530562836], 
            [-66.2045986632976, 43.7896551684514], 
            [-66.2010463412156, 43.8339377860001], 
            [-66.2046616158408, 43.8789488544062], 
            [-66.2001380259491, 43.9352194348291], 
            [-66.2028539785282, 43.9689709912183], 
            [-66.2006596327358, 43.9961934695531], 
            [-66.2571460504498, 44.0974301522798], 
            [-66.1785992629456, 44.2382100253724], 
            [-66.168185113652, 44.2953169752982], 
            [-65.7156282736258, 44.3346353351526], 
            [-65.3407728583807, 44.2991390939941], 
            [-65.3696500892801, 44.5762112231695], 
            [-65.3804779267149, 44.9254809262039], 
            [-65.2560567216403, 44.9811129879741], 
            [-65.1904421851586, 45.016771107101], 
            [-65.1210235164221, 45.0486340871935], 
            [-65.0772714988805, 45.0724031688712], 
            [-64.8906082149971, 45.1580815802009], 
            [-64.4652109007624, 45.2745527783881], 
            [-64.5398366441457, 45.3412375081046], 
            [-64.4888630705742, 45.364628874523], 
            [-64.6105773162901, 45.3862215968493], 
            [-64.6893399410853, 45.298070049893], 
            [-64.7679406879124, 45.2619892494044], 
            [-64.8510470381902, 45.3200404874786], 
            [-64.9628867278402, 45.3133765111172], 
            [-64.9859813179834, 45.3795935933697], 
            [-64.9146650797296, 45.4816846320402], 
            [-64.7862239051091, 45.5406351921605], 
            [-64.7728060201816, 45.5556538703299], 
            [-64.8524769602435, 45.6053773862574], 
            [-64.9986077995103, 45.5238448495603], 
            [-65.2333488399769, 45.453535851998], 
            [-65.2904467966823, 45.4431217027045], 
            [-65.3089008850677, 45.5781459147023], 
            [-65.3780767368519, 45.7247264149921], 
            [-65.5602973698277, 46.0069066933893], 
            [-65.7362587213628, 46.1501057427859], 
            [-65.8777760385333, 46.1557175123534], 
            [-65.9716202940413, 46.1114348948046], 
            [-66.2805284236478, 45.735518279545], 
            [-66.6498350218687, 45.4320420550969], 
            [-66.6536031812417, 45.3368038504174], 
            [-66.5958037533405, 45.0605231246425], 
            [-66.8073692646798, 45.004630259479], 
            [-66.8575154619689, 44.9614268283855], 
            [-66.8523713398654, 44.8974850309095], 
            [-66.9154497881771, 44.7967879414105], 
            [-66.9888254739164, 44.7558508018731], 
            [-67.0355092813282, 44.735022503286], 
            [-67.201119436113, 44.5931994166199], 
            [-67.4580557446768, 44.5158397342164], 
            [-67.5169703319152, 44.4474642790533], 
            [-67.6119207535399, 44.4125885701065], 
            [-67.7961288882375, 44.4459893908977], 
            [-67.8232254614858, 44.3974260004097], 
            [-67.8456725397559, 44.3471179251522], 
            [-67.9762810805074, 44.3576130134299], 
            [-68.0227490506281, 44.3036806703267], 
            [-68.1584297677196, 44.3145804535252], 
            [-68.1617842389514, 44.2728069444849], 
            [-68.1587805033175, 44.2354041405887], 
            [-68.2059499446342, 44.1947637773265], 
            [-68.2026404395046, 44.1535568411754], 
            [-68.2266613313553, 44.125677857747], 
            [-68.2837592880607, 44.1152637084535], 
            [-68.3209732343273, 44.0670510535634], 
            [-68.4365091375865, 44.0841201859978], 
            [-68.5219357387433, 44.0603331178792], 
            [-68.5176459725835, 44.0313479683342], 
            [-68.6186488315782, 43.970427892933], 
            [-68.6790652866336, 43.9900331135374], 
            [-68.7365409585983, 44.147576349569], 
            [-68.7495001892822, 44.1222784204128], 
            [-68.7418109857883, 44.0702526400474], 
            [-68.7467932299236, 44.0364920904377], 
            [-68.7373503484397, 43.9725952590641], 
            [-68.9411816901828, 44.0156098325278], 
            [-69.0044040300219, 44.1700773871618], 
            [-69.0406197288174, 44.1261994645337], 
            [-68.9941517586967, 44.0903255081158], 
            [-69.0204749149853, 43.9556880045978], 
            [-69.093976505811, 43.9352194348291], 
            [-69.1975963919598, 44.262500713837], 
            [-69.4103040422976, 44.7132139436686], 
            [-69.5951956617503, 44.9995311034778], 
            [-69.7443662095329, 45.1139248677385], 
            [-70.0168338098324, 45.161364105669], 
            [-70.4158180355738, 45.1349240375144], 
            [-70.7035741106566, 44.9991174153365], 
            [-70.9279819408139, 44.8147204230092], 
            [-71.1043479872698, 44.5847278029458], 
            [-71.1753584560279, 44.4118331395878], 
            [-71.1461484759713, 44.2691916698598], 
            [-71.0411796067534, 44.1260915458882], 
            [-70.9275053001294, 43.9864088456917], 
            [-70.8613511704201, 43.8613761016259], 
            [-70.8512877567246, 43.607659365987], 
            [-70.8963797641148, 43.5121243850325], 
            [-71.1349519164977, 43.1868575874078], 
            [-71.520212487816, 43.1499404174164], 
            [-71.6027072991025, 43.0735160299409], 
            [-71.6296240079416, 42.5559831720858], 
            [-71.5508433967053, 42.4709612658498], 
            [-71.2917217355696, 42.398727719109], 
            [-71.2212328735982, 42.2655201376443], 
            [-71.2791492133654, 42.1251899255747], 
            [-71.6263414824734, 42.101402857456], 
            [-71.6479881641224, 42.078038470699], 
            [-71.7605203317478, 41.9737710726769], 
            [-71.7163636192855, 41.8979852038541], 
            [-71.6222675536047, 41.7752727106671], 
            [-71.54059112538, 41.6209220678992], 
            [-71.5813304140673, 41.4262188449238], 
            [-71.5921492582816, 41.3470155523259], 
            [-71.677081232313, 41.3136327179756], 
            [-71.7722025251264, 41.3020044839199], 
            [-72.0752560682129, 41.7139569335657], 
            [-72.07754034621, 41.8261113859318], 
            [-72.031243247278, 42.006758205327], 
            [-72.054607634035, 42.4643332623702], 
            [-72.1658357846936, 42.6284145696767], 
            [-72.1437754149034, 42.7313689575114], 
            [-72.1002752075348, 42.8584701422833], 
            [-72.0762633089045, 43.2264997031988], 
            [-71.9466350291832, 43.3973259258509], 
            [-71.8962100420597, 43.6929510688369], 
            [-71.9222004491913, 44.0714757180301], 
            [-72.0721264274925, 44.1487184885674], 
            [-72.1589110049389, 44.1504811597778], 
            [-72.311274145985, 44.1133391592749], 
            [-72.5934454311617, 43.9912561915201], 
            [-73.135556760536, 43.9671273810239], 
            [-73.368723987422, 43.8540106540685], 
            [-73.7510617620906, 43.4560606486801], 
            [-73.9611343988334, 43.3841598510963], 
            [-74.2510758264881, 43.3782423120331], 
            [-74.4025396454882, 43.4905226694857], 
            [-74.7449655077519, 43.7963371312537], 
            [-74.8220014342187, 43.8337129554886], 
            [-74.9946532806243, 43.9226559058455], 
            [-75.1685641778944, 43.9480707468675], 
            [-75.3901571300474, 43.9171340684825], 
            [-75.5611002645655, 43.7528908832078], 
            [-75.6317689909461, 43.5464335210902], 
            [-75.6097176143763, 42.8884535392995], 
            [-75.5762988071442, 42.5287876734125], 
            [-75.6304379943179, 42.4171997939354], 
            [-75.8034765492033, 42.3280589927284], 
            [-76.032030253993, 42.2812402870097], 
            [-76.2026856054563, 42.3043618568143], 
            [-76.5271699929008, 42.3708217560193], 
            [-76.6536416522404, 42.3325106368565], 
            [-76.8610253160654, 42.0401770125592], 
            [-77.0593977729887, 41.8974995699493], 
            [-77.3872456248856, 41.7164930217356], 
            [-77.3594475804414, 41.6334676104419], 
            [-77.0088378875584, 41.3847511053793], 
            [-76.7808777353192, 41.1294965290417], 
            [-76.7791600302112, 41.0452120668834], 
            [-76.8335330411169, 40.9331295602811], 
            [-77.0005911043959, 40.8198869282392], 
            [-77.2023540054329, 40.7508279883211], 
            [-77.3573521600741, 40.7866929515186], 
            [-77.5315508403989, 41.0024942696949], 
            [-77.7208401446569, 41.2817337650013], 
            [-77.7928038947838, 41.4480723706434], 
            [-77.8656399872955, 41.6327301663642], 
            [-77.9213260083885, 41.6906914722338], 
            [-78.0758834952271, 41.8079720602625], 
            [-78.2967030304205, 41.8124776637133], 
            [-78.4310527508837, 41.76888752414], 
            [-78.6705422117536, 41.5835552368848], 
            [-78.995296395812, 41.3167713519164], 
            [-79.140689791001, 41.2795124395475], 
            [-79.3465266209068, 41.3296856164981], 
            [-79.5032694603173, 41.3805512714241], 
            [-79.6345524926034, 41.4254814008461], 
            [-79.6794196694821, 41.4263987093331], 
            [-79.828734108792, 41.3900031461284], 
            [-79.9083780691924, 41.3134798332278], 
            [-79.9937057449241, 41.1833299467198], 
            [-80.1310502078008, 41.0403827074961], 
            [-80.3927888960906, 40.9292714687034], 
            [-80.6169808889568, 40.7882397854378], 
            [-80.8628015770311, 40.7402519610592], 
            [-80.9412134662284, 40.6649157532595], 
            [-81.1405751774025, 40.329072928373], 
            [-81.4235648456411, 40.0345359650628], 
            [-81.5555223694617, 40.0007214561303], 
            [-81.7309621142101, 40.0306419006033], 
            [-81.764902528229, 40.0299494226279], 
            [-81.7986630778387, 40.0306419006033], 
            [-81.8211641154315, 40.0301832463598], 
            [-81.9040456351979, 40.0318739718064], 
            [-82.0552306643636, 39.9950197543583], 
            [-82.2068024020092, 39.8826584579216], 
            [-82.3165286848509, 39.7380564661331], 
            [-82.4674798902847, 39.4949607238584], 
            [-82.600075932758, 39.4050734853532], 
            [-82.8098068271233, 39.3744245900229], 
            [-83.270025890982, 39.3181899824818], 
            [-83.50147541276, 39.1807915602824], 
            [-83.7348674701576, 38.8822436206466], 
            [-83.7335274803089, 38.8166560638264], 
            [-83.7878825047737, 38.7337475643986], 
            [-83.8694420211323, 38.680273875539], 
            [-83.9047134317794, 38.6075726813342], 
            [-84.0968895598053, 38.6388600953172], 
            [-84.1564066928146, 38.6960479842271], 
            [-84.1992503950896, 38.915509543131], 
            [-84.2951361116422, 39.0617662874843], 
            [-84.3641320990171, 39.0853824844142], 
            [-84.4372289949221, 39.1090976067692], 
            [-84.5653733932674, 39.2424760594227], 
            [-84.6249624720404, 39.1330645392971], 
            [-84.4817364429824, 39.0981528574685], 
            [-84.6856397304891, 38.9022445429514], 
            [-84.7484124093051, 38.7430735340164], 
            [-84.9162259031029, 38.581843077596], 
            [-84.9717950123299, 38.2972166432336], 
            [-85.0587864338468, 37.8724938205335], 
            [-85.0999663903366, 37.5775071962002], 
            [-85.1507151333966, 37.4211330788286], 
            [-85.2418704159869, 37.3519572270445], 
            [-85.3098321830088, 37.3299058504747], 
            [-85.3435927326185, 37.2947693381345], 
            [-85.4401529407056, 37.5923280235195], 
            [-85.5317309046575, 37.732010723716], 
            [-85.7018466628931, 37.8693372001517], 
            [-85.9794224124144, 37.875002929042], 
            [-86.1656989878179, 37.8386343454987], 
            [-86.2924854098737, 37.7555100087799], 
            [-86.3445921292233, 37.6032817660408], 
            [-86.3467235224725, 37.4984747747911], 
            [-86.3438007258228, 37.3551228406467], 
            [-86.384989675533, 37.2702268394971], 
            [-86.4557213544569, 37.1623441668499], 
            [-86.9032779639069, 36.972353391396], 
            [-86.9946400905677, 36.884579559699], 
            [-87.0496336336852, 36.7778300328299], 
            [-87.1257432584446, 36.5079974461253], 
            [-87.1773913235507, 36.4292078416686], 
            [-87.4924777956137, 36.0908918811555], 
            [-87.4384645135264, 36.0372203414457], 
            [-87.1306625500366, 35.9871101170384], 
            [-86.89006692305, 35.8922136547365], 
            [-86.6900307203414, 35.7610655207573], 
            [-86.5962853902585, 35.6709984178428], 
            [-86.5026569720416, 35.4892544255514], 
            [-86.5856554036739, 35.3536276677827], 
            [-86.8137054881177, 35.2153389167577], 
            [-86.9714555682198, 35.2121193438327], 
            [-87.1891994220156, 35.3548777254268], 
            [-87.4828640429412, 35.5877032099353], 
            [-87.5728232272101, 35.6741370517836], 
            [-87.7143855104829, 35.8214729825921], 
            [-87.7828239181892, 35.8228669317636], 
            [-87.9597475443136, 35.7178441032229], 
            [-88.0919748647481, 35.4998034731519], 
            [-88.1379931738458, 35.4104648210947], 
            [-88.2775859418377, 35.087851023506], 
            [-88.3654766854007, 34.7841319821054], 
            [-88.3987605943259, 34.5117812936718], 
            [-88.4667583342297, 34.3441386710629], 
            [-88.3568072208765, 34.1992488962197], 
            [-88.322758888212, 33.955334770883], 
            [-88.1674189911934, 33.7628978394638], 
            [-88.1690017979945, 33.6852054079033], 
            [-88.1451517773326, 33.6389083089713], 
            [-88.1005903699495, 33.5259264803229], 
            [-88.0521438913275, 33.4064965126041], 
            [-87.9478585068645, 33.0851147862185], 
            [-87.8105050507674, 32.8537282169837], 
            [-87.5839928070224, 32.6583774821352], 
            [-87.3539822005181, 32.5650728198548], 
            [-87.0186969553002, 32.5286502769888], 
            [-86.9068572656502, 32.4457417775611], 
            [-86.9081522893966, 32.3820068241557], 
            [-86.885264543324, 32.288090622884], 
            [-86.8623048514876, 32.2660392463142], 
            [-86.7552675415637, 32.0454085687505], 
            [-86.6286879635786, 31.9432365910959], 
            [-86.3728398346906, 31.8394548269787], 
            [-86.2602716941833, 31.8371615557613], 
            [-86.1369206823435, 31.8672258917616], 
            [-85.9904211210378, 32.0079877784133], 
            [-85.8951019773743, 32.1930053029524], 
            [-85.8896610789955, 32.4600050252118], 
            [-85.9820484327889, 32.6009287898319], 
            [-86.1257241228699, 32.7099446082572], 
            [-86.2701012841469, 32.759362354689], 
            [-86.6845268694194, 32.7847142431678], 
            [-86.6773682659327, 33.135189037744], 
            [-86.8129950237013, 33.3420421015618], 
            [-86.9990827414753, 33.4922648561383], 
            [-87.3471563461883, 33.6988840962242], 
            [-87.4014034520076, 33.8573806136245], 
            [-87.4249566963943, 33.9539947810344], 
            [-87.5141334704832, 34.1601104007744], 
            [-87.5158062094889, 34.241903740865], 
            [-87.477396164901, 34.4386574181054], 
            [-87.3417963867938, 34.6215795222772], 
            [-87.2977835658588, 34.6673909873043], 
            [-87.1229643533222, 34.808503609554], 
            [-87.0001259550487, 34.8110127180625], 
            [-86.8681594380076, 34.6842262960068], 
            [-86.7953233454959, 34.5428348839228], 
            [-86.7895137250783, 34.2583613343082], 
            [-86.8283194713665, 34.1783756315302], 
            [-86.8848148823009, 34.0687212944522], 
            [-86.8627545125107, 34.0210572260103], 
            [-86.6496061943703, 33.900215322679], 
            [-86.5247173418318, 33.7514404765968], 
            [-86.3845580009509, 33.5042258393511], 
            [-86.2816215995571, 33.5021214257633], 
            [-85.8191722170241, 33.6359585326602], 
            [-85.5970846377458, 33.673837977241], 
            [-85.425970632039, 33.6183138341162], 
            [-85.2457464940055, 33.5001519104824], 
            [-85.0475179286095, 33.260536544526], 
            [-84.8274268442734, 33.1471500209568], 
            [-84.5585385457172, 33.0782439657865], 
            [-84.4991653042354, 33.1658289398538], 
            [-84.4167784115944, 33.3747234647162], 
            [-84.2958465760586, 33.5340833312808], 
            [-84.2996507083135, 33.720234001598], 
            [-84.1761378185055, 33.8012089586266], 
            [-84.319121030611, 34.1206031832904], 
            [-84.2860349725359, 34.3770718443902], 
            [-84.1701663201195, 34.4167319466221], 
            [-83.9268367541129, 34.1634648720063], 
            [-83.7347415650711, 34.0375238126739], 
            [-83.7321155446966, 33.9087588821168], 
            [-83.7383568396963, 33.6029624067897], 
            [-83.6493329503553, 33.4194647365085], 
            [-83.5791138849978, 33.3463858270443], 
            [-83.3405956919376, 33.3415204947751], 
            [-83.1251720890206, 33.4460307097496], 
            [-82.9316289914847, 33.5457295517775], 
            [-82.792234074343, 33.5934475795422], 
            [-82.6720486761055, 33.5180664056402], 
            [-82.4213446693209, 33.1482202141916], 
            [-82.3266550510897, 32.9643987879738], 
            [-82.1430044960606, 32.5858471591192], 
            [-82.0032228704391, 32.4910945883446], 
            [-81.7891032844889, 32.5588045451937], 
            [-81.0260015487324, 33.0421541720775], 
            [-80.603068376904, 33.4484948521557], 
            [-80.4265314592594, 33.6811494654755], 
            [-80.4211445202034, 33.9449565944714], 
            [-80.602618715881, 34.2650432971105], 
            [-80.7673205553992, 34.4364720655335], 
            [-81.1385606960192, 34.5569362536053], 
            [-81.2803028437012, 34.6498632006263], 
            [-81.2847994539316, 34.8701881086943], 
            [-81.2261096972047, 34.9597066251607], 
            [-81.0833063495083, 35.0332711685297], 
            [-80.7605396671718, 35.0398631991274], 
            [-80.5077492332405, 34.9304876518837], 
            [-80.2715512910592, 35.0113277106054], 
            [-80.1076678346028, 34.972692835506], 
            [-79.5502950101066, 34.6516798311594], 
            [-79.4178338659401, 34.683273014638], 
            [-79.3788122823609, 34.7972980568599], 
            [-79.3025587660741, 35.1878736214705], 
            [-79.2121589140026, 35.3257576775748], 
            [-79.0789513325379, 35.3713533053109], 
            [-78.8922250961112, 35.3751574375657], 
            [-78.6517463809906, 35.3282128267607], 
            [-78.4706858734542, 35.2403760425204], 
            [-78.3784783840701, 35.1043535830515], 
            [-78.3758073975933, 34.9733943067019], 
            [-78.4201349812443, 34.8367962811236], 
            [-78.5350503522919, 34.5711905080356], 
            [-78.506029229865, 34.3507037219993], 
            [-78.2764592911633, 33.8749983325071], 
            [-78.4575287919201, 33.8592152305985], 
            [-78.5348525014417, 33.8183050707225], 
            [-78.6952915544616, 33.7876741618332], 
            [-78.8795446552616, 33.6525330379694], 
            [-78.9431537035805, 33.5935914710696], 
            [-79.1155267601518, 33.3896162377992], 
            [-79.146877126678, 33.2397622052616], 
            [-79.1159674279544, 33.1813602315895], 
            [-79.2825218708876, 33.0738013148788], 
            [-79.3660149296452, 32.9836982390826], 
            [-79.452691588446, 32.9871336492986], 
            [-79.5259773419807, 32.9639311405098], 
            [-79.5620581424693, 32.8874797733729], 
            [-79.6385095096061, 32.8513989728844], 
            [-79.7276772904745, 32.7830235177212], 
            [-79.8410638140437, 32.7163657676661], 
            [-79.8627104956927, 32.6704913500958], 
            [-79.9310859508559, 32.6263346376335], 
            [-79.9977886670133, 32.5804332404018], 
            [-80.0378444709455, 32.5820250404233], 
            [-80.1111302244802, 32.5588225316346], 
            [-80.1552869369425, 32.5354581448776], 
            [-80.2236623921057, 32.5138114632285], 
            [-80.306660823738, 32.4698885744982], 
            [-80.4043451843827, 32.4389608893337], 
            [-80.4012784962056, 32.3614303357415], 
            [-80.4282401711469, 32.3042964061543], 
            [-80.6215584381713, 32.2290141576773], 
            [-80.7070479918713, 32.1367527089704], 
            [-80.8313612783003, 32.0636648062859], 
            [-80.8277909697774, 31.9736336762533], 
            [-80.8880275604235, 31.9178217500738], 
            [-80.9204930862869, 31.8827751699382], 
            [-80.9886437109384, 31.8196427623037], 
            [-81.1022820446806, 31.6799960349891], 
            [-81.099889848038, 31.6194536748473], 
            [-81.1640384895846, 31.4835121543625], 
            [-81.2338888329032, 31.382005675022], 
            [-81.2580895891631, 31.2301011882193], 
            [-81.3695875364356, 31.0930894744997], 
            [-81.3931227943814, 30.8475026101574], 
            [-81.4327739033928, 30.772562104058], 
            [-81.3697224347425, 30.7141511371654], 
            [-81.4156328251947, 30.6273935393804], 
            [-81.3869174722635, 30.4715770016773], 
            [-81.3480757530935, 30.3981743362767], 
            [-81.3535256446927, 30.2608568530614], 
            [-81.2814539759202, 29.9922653307805], 
            [-81.2380347075357, 29.868410698595], 
            [-81.1974303171554, 29.6979352115409], 
            [-80.9611064698876, 29.1971837030656], 
            [-80.7188021310135, 28.821950572561], 
            [-80.5177227147315, 28.5440960332054], 
            [-80.5136307994218, 28.4409707741819], 
            [-80.582905576631, 28.3767861597535], 
            [-80.5550895457459, 28.1390503768735], 
            [-80.4945921517064, 28.0108789988668], 
            [-80.3698831635771, 27.7751846770313], 
            [-80.238015571961, 27.4173264484569], 
            [-80.1678324794853, 27.2686055616974], 
            [-80.1327858993497, 27.2023704930039], 
            [-80.1111302244802, 27.1339950378408], 
            [-80.0223581453121, 26.9178609705075], 
            [-80.0097406570056, 26.5995279458581], 
            [-80.071290257839, 26.127473803873], 
            [-80.1245571026281, 25.6269471259092], 
            [-80.1786513236996, 25.6485938075583], 
            [-80.2234915209169, 25.6723179231337], 
            [-80.2453090737547, 25.6260927699654], 
            [-80.2901132980901, 25.5414215993274], 
            [-80.2937105862745, 25.4505540997919], 
            [-80.2546440365929, 25.4083848890515], 
            [-80.2228080361619, 25.4685495339339], 
            [-80.1871768966964, 25.5810727083389], 
            [-80.1336402552935, 25.544731104457], 
            [-80.1736870660052, 25.403789353396], 
            [-80.3768349229932, 25.0891975084583], 
            [-80.4037156589504, 25.0642952810025], 
            [-80.4253623405994, 25.0409308942454], 
            [-80.4487267273565, 25.0192842125964], 
            [-80.4988549382048, 24.9651720050841], 
            [-80.6504266758503, 24.8608776274007], 
            [-80.6962921002002, 24.8392309457516], 
            [-80.8214687357935, 24.7729958770582], 
            [-80.896175418161, 24.7700371075265], 
            [-80.9401522662141, 24.8107763962138], 
            [-80.852980980288, 24.8383765898079], 
            [-80.8088242678256, 24.8617409765649], 
            [-80.7629498502553, 24.883387658214], 
            [-80.7521310060411, 24.8950698515924]
          ], 
          [
            [-112.980838394976, 53.6803450718676], 
            [-112.939397635093, 53.7250773504394], 
            [-112.572159477578, 53.8796258440576], 
            [-112.468071943965, 53.9919601608328], 
            [-112.475941011868, 54.1905754347086], 
            [-112.624733844391, 54.2988358226152], 
            [-112.796792138247, 54.2281581030142], 
            [-112.977241106792, 53.948729750078], 
            [-113.112364244214, 53.77251658837], 
            [-113.072892999612, 53.6979268178684], 
            [-112.980838394976, 53.6803450718676]
          ], 
          [
            [-115.569042277479, 52.3074760092105], 
            [-115.558421284115, 52.3193650466596], 
            [-115.498346571437, 52.3469382605923], 
            [-115.332088904779, 52.385618101794], 
            [-115.265835849645, 52.4093871834718], 
            [-115.160893960088, 52.4417987500124], 
            [-115.124363498577, 52.4009155697978], 
            [-114.920523163613, 52.4856946590813], 
            [-114.883237271583, 52.5669304195034], 
            [-114.791947090686, 52.6781945430438], 
            [-114.740820632366, 52.7585849407425], 
            [-114.668991780546, 53.0672772330579], 
            [-114.683326973961, 53.3077199752967], 
            [-114.737088445875, 53.5084486559808], 
            [-114.92340099416, 53.8513151860471], 
            [-114.949490326717, 54.0785738670904], 
            [-114.925640306055, 54.4787451979326], 
            [-114.988700767926, 54.5350967173397], 
            [-115.040168968623, 54.6160087218251], 
            [-115.062022494343, 55.3351785756308], 
            [-115.089577721834, 55.4641683366995], 
            [-115.186731482472, 55.6977402585062], 
            [-115.366568912026, 55.9091438918772], 
            [-115.65669919731, 56.0713006500051], 
            [-115.997083598529, 56.0991166808902], 
            [-116.258714368174, 55.9163654479072], 
            [-116.571867297837, 55.6246883287035], 
            [-116.780923700668, 55.3685883896425], 
            [-116.821923792749, 55.2792497375854], 
            [-116.862510196688, 55.0188240594828], 
            [-116.897997444626, 54.8527012911318], 
            [-116.977911201641, 54.7056441501575], 
            [-117.14420484118, 54.5849641247946], 
            [-117.130858902017, 54.3610149488809], 
            [-117.064120212977, 54.07075875851], 
            [-116.922144241563, 53.6750750446777], 
            [-116.76924150729, 53.3936951629015], 
            [-116.563215819754, 53.0741660399309], 
            [-116.281143460003, 52.6909918957594], 
            [-116.062626189247, 52.4404497669433], 
            [-115.871457301913, 52.3188704195343], 
            [-115.569042277479, 52.3074760092105]
          ], 
          [
            [-113.498479171476, 51.834846301116], 
            [-113.487453483192, 51.8463306436444], 
            [-113.317976243609, 51.8794167017195], 
            [-113.184975506215, 51.9249403836918], 
            [-113.035076507575, 52.0507735243787], 
            [-112.970469211785, 52.1839451329616], 
            [-112.887156017436, 52.1822454142945], 
            [-112.969821699911, 52.3860497763762], 
            [-112.969228147361, 52.4150349259212], 
            [-113.169875889061, 52.6078135997179], 
            [-113.57701696576, 52.9228640988991], 
            [-113.441992753763, 53.0837168400602], 
            [-113.379552824103, 53.1789460515191], 
            [-113.352222427123, 53.5140963984301], 
            [-113.306941562103, 53.6463866714079], 
            [-113.307580080756, 53.6774222752179], 
            [-113.464349899828, 53.7282969233644], 
            [-113.6445470582, 53.4438143805293], 
            [-113.690007787629, 53.376742942333], 
            [-113.757070232605, 53.2571510966459], 
            [-113.655114092241, 52.9592596621038], 
            [-113.714730150676, 52.9019818409893], 
            [-114.02261305315, 52.7805463851077], 
            [-114.440285191009, 52.5848179349998], 
            [-114.547925046703, 52.4727803944997], 
            [-114.544444670385, 52.3022599413433], 
            [-114.357268772935, 52.0852355451843], 
            [-114.080484426815, 51.9283128413646], 
            [-113.805138995968, 51.8506473894655], 
            [-113.498479171476, 51.834846301116]
          ], 
          [
            [-119.935214838294, 51.834846301116], 
            [-119.948290980844, 51.9577116790508], 
            [-120.131294024, 52.4032358206767], 
            [-120.179938353472, 52.6580227495504], 
            [-120.169173468581, 52.9296989464493], 
            [-120.078332948707, 53.2275454148891], 
            [-119.928541868712, 53.472187991083], 
            [-119.599048257471, 53.8620980573795], 
            [-119.564298453611, 54.0056928084764], 
            [-120.017979446194, 54.1685330513593], 
            [-120.542023395663, 54.4126540207665], 
            [-120.758661083342, 54.4970104286884], 
            [-120.947401801152, 54.5567703786501], 
            [-121.255608459563, 54.6139222946782], 
            [-121.402899424269, 54.5125687000855], 
            [-121.38554250878, 54.0746708094104], 
            [-121.304666477176, 53.6102159387147], 
            [-121.183033170444, 53.1713467802298], 
            [-121.008465768081, 52.6732932378927], 
            [-120.864223505111, 52.3308134163062], 
            [-120.725898781204, 52.1298059457878], 
            [-120.514036493589, 51.9929920829184], 
            [-120.054698765336, 51.8475627148475], 
            [-119.935214838294, 51.834846301116]
          ], 
          [
            [-118.157237166762, 50.9571169773667], 
            [-118.117145389948, 51.074253673868], 
            [-118.123782386648, 51.3995114782722], 
            [-118.171419475428, 51.5386815649024], 
            [-118.318044941821, 51.6795603634201], 
            [-118.503745951115, 51.7398239337276], 
            [-118.852386128717, 51.7327102963432], 
            [-119.120617922179, 51.6408895154389], 
            [-119.158533339642, 51.5401564530579], 
            [-118.805963124698, 51.39049127815], 
            [-118.546652605933, 51.2455295575431], 
            [-118.157237166762, 50.9571169773667]
          ], 
          [
            [-109.222319754253, 50.5294983376782], 
            [-109.200268377683, 50.5524580295145], 
            [-109.041115355189, 50.7053607637883], 
            [-108.722413608501, 51.0715557077298], 
            [-108.16904276711, 51.5497702057305], 
            [-108.034090500876, 51.7199848893912], 
            [-107.947935448862, 51.8975650206093], 
            [-107.774744009229, 52.4799030251046], 
            [-107.629989132692, 52.8032632599915], 
            [-107.297824534974, 53.3312822129039], 
            [-107.204133164214, 53.4965506253112], 
            [-107.11212352568, 53.7298167776223], 
            [-107.118499718987, 54.0420613920197], 
            [-107.257103232728, 54.2137689502769], 
            [-107.488004168058, 54.3651518302928], 
            [-107.70958812699, 54.4592119230918], 
            [-107.926864333322, 54.5121819916057], 
            [-108.450431642107, 54.5014980456983], 
            [-108.668796028114, 54.4455332347711], 
            [-108.876260630923, 54.3197270737455], 
            [-109.288186100908, 53.7874093614529], 
            [-109.514095798882, 53.5703579856326], 
            [-109.718196937239, 53.436547858397], 
            [-109.875065681736, 53.3604382336376], 
            [-110.141795607381, 53.2613329441601], 
            [-110.855596508572, 53.09796210127], 
            [-111.394551217565, 52.9419836855987], 
            [-111.741365771413, 52.7867247275642], 
            [-111.966978693112, 52.6337950136291], 
            [-112.241442788354, 52.3481343589136], 
            [-112.342931281254, 52.1771642447342], 
            [-112.437234191005, 51.9380704855645], 
            [-112.477487845787, 51.6908378618779], 
            [-112.47285633725, 51.4641187740623], 
            [-111.880167136004, 51.4399360042433], 
            [-111.612690773061, 51.3851582984168], 
            [-111.398211458292, 51.2981578836795], 
            [-111.095913345724, 51.1424222849606], 
            [-110.763991564959, 51.1732600379205], 
            [-110.473141822037, 51.1462354104359], 
            [-110.225432557666, 51.0745504501432], 
            [-109.906820743183, 50.9104241767345], 
            [-109.408011770327, 50.5434738022743], 
            [-109.222319754253, 50.5294983376782]
          ], 
          [
            [-125.121254342414, 50.1085166946898], 
            [-125.141884790151, 50.0503125718678], 
            [-125.11161361008, 50.0343675919909], 
            [-125.121254342414, 50.1085166946898]
          ], 
          [
            [-124.278463680155, 49.7290837302301], 
            [-124.311819534844, 49.6752233328906], 
            [-124.233884286331, 49.6517600207085], 
            [-124.278463680155, 49.7290837302301]
          ], 
          [
            [-124.112206013497, 49.6178735660124], 
            [-124.233884286331, 49.6517600207085], 
            [-124.213820411483, 49.6257786067973], 
            [-124.098842087892, 49.539227853083], 
            [-124.112206013497, 49.6178735660124]
          ], 
          [
            [-108.839721176191, 49.4717157470841], 
            [-108.825709738713, 49.5116816188117], 
            [-109.074794965815, 49.694378892472], 
            [-109.248202242739, 49.7300999641421], 
            [-109.390690827719, 49.6121179049174], 
            [-109.120381600331, 49.4845400794612], 
            [-108.839721176191, 49.4717157470841]
          ], 
          [
            [-124.098842087892, 49.539227853083], 
            [-124.079003043556, 49.4876067676383], 
            [-124.111342664332, 49.4617062927113], 
            [-124.161641746369, 49.3988976410134], 
            [-124.382740071397, 49.4467325806442], 
            [-124.446448045141, 49.497751120318], 
            [-124.426429136395, 49.5292183987102], 
            [-124.394692061389, 49.5546332397323], 
            [-124.536856890433, 49.6584779563926], 
            [-124.669758702402, 49.7144787402018], 
            [-124.694013417985, 49.7992938023672], 
            [-124.744303506801, 49.8395654435905], 
            [-124.696918228194, 49.9201716785802], 
            [-124.836924684327, 49.9027608037681], 
            [-124.925184149928, 49.9366832313461], 
            [-125.038345842986, 49.9225998481046], 
            [-125.027446059788, 50.0102927408174], 
            [-125.11161361008, 50.0343675919909], 
            [-125.121829908523, 49.9995638288077], 
            [-125.14870165126, 49.9526372044435], 
            [-125.011779869745, 49.8388999452764], 
            [-124.825242490948, 49.7238406827015], 
            [-124.832248209687, 49.6551054987199], 
            [-124.730444954071, 49.5705512399479], 
            [-124.672753444816, 49.5764328061292], 
            [-124.586868189415, 49.5676734094004], 
            [-124.516244429137, 49.5132914052742], 
            [-124.635800301942, 49.4614364960975], 
            [-124.580312131699, 49.4153462412361], 
            [-124.277555364888, 49.361395911692], 
            [-124.131721301896, 49.3762617051137], 
            [-124.088634782669, 49.3243798162756], 
            [-124.041537287116, 49.3039562126092], 
            [-124.02111368345, 49.2793687478695], 
            [-123.940444495917, 49.2556985916168], 
            [-123.90693575648, 49.2591160153919], 
            [-123.7285372422, 49.1893466110573], 
            [-123.644333719026, 49.1646332412312], 
            [-123.616005074575, 49.0993244742452], 
            [-123.591417609835, 49.0789008705788], 
            [-123.570994006168, 49.0543044126186], 
            [-123.484506204997, 48.9824755607985], 
            [-123.321342206178, 48.9213576345473], 
            [-123.120874328887, 48.8292490705882], 
            [-123.015248954576, 48.8058217312879], 
            [-122.950596692683, 48.8124137618857], 
            [-122.764230185075, 48.7559543238331], 
            [-122.738266757605, 48.7830149241994], 
            [-122.85451312528, 48.929901193985], 
            [-122.848514647233, 48.9887798083416], 
            [-122.895809993636, 49.0092933442126], 
            [-122.938743628116, 49.0338808089522], 
            [-122.990418672883, 49.0543044126186], 
            [-122.981326526998, 48.9650556927661], 
            [-123.047822399084, 48.9438586721401], 
            [-123.21306383183, 48.9900658388674], 
            [-123.204619197818, 49.0729743382952], 
            [-123.323428633325, 49.0993244742452], 
            [-123.343852236991, 49.1113124371193], 
            [-123.252391184905, 49.1677269090697], 
            [-123.30147618218, 49.2085021706387], 
            [-123.298733249939, 49.2354008930368], 
            [-123.30322986017, 49.2795306258378], 
            [-123.274091825877, 49.3037313820977], 
            [-123.480971869356, 49.3243798162756], 
            [-123.640664485078, 49.3924764816044], 
            [-123.875846193347, 49.4446281670564], 
            [-123.953151916428, 49.4367411127122], 
            [-124.047131070243, 49.4720574894616], 
            [-124.041330443045, 49.5289845749782], 
            [-124.098842087892, 49.539227853083]
          ], 
          [
            [-117.70711748948, 48.211369858832], 
            [-117.696289652046, 48.2230520522105], 
            [-117.627914196883, 48.2672087646728], 
            [-117.556678897613, 48.3162308094044], 
            [-117.421321936458, 48.5464662464202], 
            [-117.378855949442, 48.6805911363719], 
            [-117.382759007122, 48.779003947874], 
            [-117.451979825009, 48.879602111948], 
            [-117.937964465488, 49.0099048832039], 
            [-118.153729810782, 48.822764958636], 
            [-118.289167710921, 48.6381251493563], 
            [-118.327056148722, 48.4396627602283], 
            [-118.324430128348, 48.3734097050939], 
            [-118.27217052425, 48.2746551512143], 
            [-118.054840358596, 48.2228901742423], 
            [-117.70711748948, 48.211369858832]
          ], 
          [
            [-105.283756839906, 48.0088155543944], 
            [-105.272937995692, 48.0204977477729], 
            [-104.933201106346, 48.0746189485058], 
            [-104.523272131304, 48.1459981393028], 
            [-104.451389320161, 48.1840304686313], 
            [-104.465175927127, 48.5318252835101], 
            [-104.594066762771, 48.7753976664692], 
            [-104.789804206099, 48.9293256278755], 
            [-105.092884728847, 49.0999360132365], 
            [-105.25239748016, 49.1976023874403], 
            [-105.504873151375, 49.3803176475415], 
            [-105.796046650233, 49.6945677501017], 
            [-106.037010999258, 50.007396923829], 
            [-106.171189848533, 50.1317192034786], 
            [-106.312320457223, 50.1577186038306], 
            [-106.439538553861, 50.0903953554614], 
            [-106.819852853926, 49.6799447736325], 
            [-106.997046276664, 49.5157645409009], 
            [-106.935946336854, 49.36701667448], 
            [-106.7826568941, 49.268037290089], 
            [-106.369778142747, 49.0888113995265], 
            [-106.192971428489, 48.9952549270733], 
            [-105.962798944016, 48.8007405617277], 
            [-105.834681525332, 48.6260652407184], 
            [-105.588024467755, 48.1546765970474], 
            [-105.486913690115, 48.0304352563821], 
            [-105.283756839906, 48.0088155543944]
          ], 
          [
            [-122.095800081109, 47.9638044859883], 
            [-122.087022697939, 47.9775281404114], 
            [-122.050123514389, 48.0011443373414], 
            [-122.01950159872, 48.0925514301045], 
            [-122.092022928515, 48.1751451668161], 
            [-122.17720671272, 48.1512052139495], 
            [-122.239619662717, 48.0432595887591], 
            [-122.192369282416, 47.9742456149432], 
            [-122.095800081109, 47.9638044859883]
          ], 
          [
            [-114.083641047197, 47.7612501815507], 
            [-114.073217904682, 47.77333706985], 
            [-113.900566058277, 47.838861674127], 
            [-113.68162610616, 47.9610165876455], 
            [-113.512616514041, 48.1571857055559], 
            [-113.452820591197, 48.3558009794318], 
            [-113.47043831008, 48.5750826739263], 
            [-113.56510094865, 48.8328733384339], 
            [-113.750388269803, 49.0492412294992], 
            [-113.948508916553, 49.1634641225713], 
            [-114.231795361067, 49.1407022815851], 
            [-114.509029368211, 49.0176390528001], 
            [-114.689001696071, 48.890025254462], 
            [-114.775678354872, 48.7516375780119], 
            [-114.830177270864, 48.5117614086622], 
            [-114.812478612998, 48.2914275073737], 
            [-114.763843276746, 48.1137214710691], 
            [-114.595076501579, 47.8757068983547], 
            [-114.429942987479, 47.7722758698356], 
            [-114.083641047197, 47.7612501815507]
          ], 
          [
            [-69.7503377079188, 47.7760620156496], 
            [-69.7322703280132, 47.7561330391085], 
            [-69.7241494499371, 47.783760212364], 
            [-69.7503377079188, 47.7760620156496]
          ], 
          [
            [-122.365875484766, 47.513684808707], 
            [-122.334174382642, 47.5720058433951], 
            [-122.260582859611, 47.6140131761672], 
            [-122.290242500691, 47.6595638378009], 
            [-122.436256428092, 47.6804191160494], 
            [-122.465088692889, 47.5676081585897], 
            [-122.365875484766, 47.513684808707]
          ], 
          [
            [-122.298354385546, 47.2886204734561], 
            [-122.277678971707, 47.3174797179147], 
            [-122.123580139112, 47.3483714301974], 
            [-122.135738973175, 47.4099210310308], 
            [-122.236858744036, 47.4555616248692], 
            [-122.332627548722, 47.394758461334], 
            [-122.375273400147, 47.3089181720361], 
            [-122.298354385546, 47.2886204734561]
          ], 
          [
            [-122.500908689984, 47.1760883058307], 
            [-122.46921658108, 47.2344183337392], 
            [-122.409186834505, 47.2758590936223], 
            [-122.425410604216, 47.3482275386701], 
            [-122.541459121042, 47.3878426747997], 
            [-122.66634797358, 47.3065079889526], 
            [-122.639377305418, 47.1862056788491], 
            [-122.500908689984, 47.1760883058307]
          ], 
          [
            [-69.8154666104956, 47.8605443286579], 
            [-69.8760719231806, 47.7592087205061], 
            [-69.9938111654529, 47.6719115294936], 
            [-70.1100125670263, 47.6243553796971], 
            [-70.1419564861029, 47.5713943044037], 
            [-70.17137331023, 47.4995294797018], 
            [-70.2769986845416, 47.4363610991855], 
            [-70.3438362990059, 47.3497653793688], 
            [-70.4105839812657, 47.3398998165234], 
            [-70.4938701959527, 47.3522025421137], 
            [-70.5245640573853, 47.3013278939672], 
            [-70.5441692779897, 47.2534120153523], 
            [-70.6595972626035, 47.1212746271224], 
            [-70.6693998729057, 47.0860661690186], 
            [-70.6055839805162, 47.103836772649], 
            [-70.4726282092244, 47.184038312718], 
            [-70.4798767449158, 47.2331323032133], 
            [-70.4590124734468, 47.2759220461656], 
            [-70.3271628682717, 47.2240851234298], 
            [-70.2094775853222, 47.32382893156], 
            [-70.088087095543, 47.3735164746057], 
            [-70.0973321261766, 47.4360643229103], 
            [-70.0715395698952, 47.4559663197899], 
            [-70.0519343492907, 47.5038821984048], 
            [-69.9365063646769, 47.5684984874153], 
            [-69.9089421439647, 47.6358487154459], 
            [-69.8014731594587, 47.6585206242275], 
            [-69.7818589456338, 47.7138019503998], 
            [-69.8405037362584, 47.7590648289788], 
            [-69.7789631286454, 47.8610749286651], 
            [-69.7691605183432, 47.896283386769], 
            [-69.8154666104956, 47.8605443286579]
          ], 
          [
            [-70.7144199345323, 47.0860661690186], 
            [-70.7144199345323, 47.0635651314258], 
            [-70.6693998729057, 47.0635651314258], 
            [-70.6693998729057, 47.0860661690186], 
            [-70.7144199345323, 47.0860661690186]
          ], 
          [
            [-70.7655643792926, 47.0545449313036], 
            [-70.7269295041932, 47.0343101852669], 
            [-70.7144199345323, 47.0635651314258], 
            [-70.7655643792926, 47.0545449313036]
          ], 
          [
            [-123.986309920267, 46.6359464917373], 
            [-123.964843103027, 46.6838803567931], 
            [-124.039909514213, 46.6689695972691], 
            [-123.986309920267, 46.6359464917373]
          ], 
          [
            [-60.4553227549411, 46.3806829221792], 
            [-60.4372553750355, 46.3607629388586], 
            [-60.4291344969594, 46.3883811188936], 
            [-60.4553227549411, 46.3806829221792]
          ], 
          [
            [-60.365300618129, 46.3581728913659], 
            [-60.3472332382233, 46.3382529080454], 
            [-60.3391123601472, 46.3658710880803], 
            [-60.365300618129, 46.3581728913659]
          ], 
          [
            [-96.9565113339308, 46.0507846160173], 
            [-96.9462950354874, 46.0630783483871], 
            [-96.8766965023416, 46.0835019520536], 
            [-96.8584492580268, 46.1285220136801], 
            [-97.1453329907249, 46.0992760607417], 
            [-97.1012122511444, 46.0626286873641], 
            [-96.9565113339308, 46.0507846160173]
          ], 
          [
            [-121.465636130203, 45.6906870755482], 
            [-121.428458156818, 45.7469396695302], 
            [-121.465878947156, 45.8044063482744], 
            [-121.542339307513, 45.743657144062], 
            [-121.465636130203, 45.6906870755482]
          ], 
          [
            [-64.7144849854936, 45.5648449416408], 
            [-64.6510917744658, 45.6139838982384], 
            [-64.6019528178682, 45.6323660408602], 
            [-64.5305826202916, 45.6788430042014], 
            [-64.5710880852469, 45.7068029266139], 
            [-64.645066316757, 45.6902194280842], 
            [-64.6694739170875, 45.654867078453], 
            [-64.7360417349381, 45.6089117218986], 
            [-64.7728060201816, 45.5556538703299], 
            [-64.7144849854936, 45.5648449416408]
          ], 
          [
            [-106.274027324501, 45.4881327711106], 
            [-106.260591453133, 45.502117228927], 
            [-106.106366715451, 45.5769408231605], 
            [-105.78858227725, 45.7118391300719], 
            [-105.504927110698, 45.8038847414877], 
            [-104.870086685152, 45.9355095161513], 
            [-104.726078245914, 46.0096945917321], 
            [-104.642558207495, 46.1600702310564], 
            [-104.917552902744, 46.2204417200094], 
            [-105.059052233474, 46.2688702121906], 
            [-105.213825557603, 46.3485951115752], 
            [-105.434168452112, 46.5386398463519], 
            [-105.58226880666, 46.738433232108], 
            [-105.789472606076, 47.1655122785689], 
            [-105.886779251461, 47.3090620635635], 
            [-106.046309989215, 47.3446662233676], 
            [-106.535217426343, 47.2891330870224], 
            [-107.230537259487, 47.303315395689], 
            [-107.444180204753, 47.298962676986], 
            [-107.779249612679, 47.23033541165], 
            [-107.953412320122, 47.1406100511131], 
            [-108.018019615912, 47.0410551006125], 
            [-107.661843119564, 46.6469631868017], 
            [-107.46091658803, 46.375916515335], 
            [-107.215743411829, 45.8705604779838], 
            [-106.600139484849, 45.6571603496705], 
            [-106.434727180915, 45.5855833080233], 
            [-106.274027324501, 45.4881327711106]
          ], 
          [
            [-122.410886553172, 45.3981106342984], 
            [-122.330873870732, 45.4981422254834], 
            [-122.310854961987, 45.5727409892054], 
            [-122.410571790456, 45.614757315198], 
            [-122.463317028458, 45.6081922642617], 
            [-122.542853070213, 45.5088801307135], 
            [-122.530937053102, 45.4131293124679], 
            [-122.410886553172, 45.3981106342984]
          ], 
          [
            [-118.112226098356, 45.1730462990475], 
            [-118.101398260921, 45.1847284924261], 
            [-118.006852534217, 45.2723314529343], 
            [-118.012824032603, 45.4229589024315], 
            [-118.160177949852, 45.4764505777321], 
            [-118.280597171822, 45.3356617114189], 
            [-118.231584120311, 45.1958351196951], 
            [-118.112226098356, 45.1730462990475]
          ], 
          [
            [-110.887774251381, 45.0380130938293], 
            [-110.876946413946, 45.0496952872078], 
            [-110.790053917854, 45.0772055485972], 
            [-110.609919712025, 45.1725246922608], 
            [-110.486622659508, 45.3055973754186], 
            [-110.410620953394, 45.4666389742094], 
            [-110.381815668258, 45.6872696517731], 
            [-110.429398797716, 45.8688787457576], 
            [-110.485570452714, 45.9750257268559], 
            [-110.67988696721, 46.1550700004802], 
            [-110.867161790084, 46.1996763739656], 
            [-111.005540473314, 46.1941905094845], 
            [-111.206934652312, 46.123602722088], 
            [-111.399686346448, 45.9667429708115], 
            [-111.495617029103, 45.8181839620203], 
            [-111.542849422962, 45.6199014373016], 
            [-111.505158836011, 45.4034795869135], 
            [-111.364837617162, 45.1742963566916], 
            [-111.156077990607, 45.0515658770636], 
            [-110.887774251381, 45.0380130938293]
          ], 
          [
            [-97.4066310112121, 44.4753612489226], 
            [-97.3956053229273, 44.4868365982305], 
            [-97.2376124258727, 44.5313980056135], 
            [-97.1547578857678, 44.5597626229468], 
            [-96.9073364044514, 44.6872235365371], 
            [-96.6493029229915, 44.9176658176235], 
            [-96.5459078673541, 45.0753709316233], 
            [-96.4728559375514, 45.4117893226192], 
            [-96.5546582708624, 45.4903810762258], 
            [-96.9109067129744, 45.7544669950559], 
            [-97.09351405443, 45.8430592098148], 
            [-97.376179966732, 45.8817660306779], 
            [-97.4768230969083, 45.7770040055305], 
            [-97.7142621035132, 45.3341148774997], 
            [-97.8567956545957, 44.9505090587461], 
            [-97.8972561534487, 44.743278279669], 
            [-97.8668770547323, 44.5949710810506], 
            [-97.7566561447652, 44.4890759101252], 
            [-97.4066310112121, 44.4753612489226]
          ], 
          [
            [-64.0755436514183, 44.4165635735501], 
            [-64.1520399846575, 44.3771822611525], 
            [-64.0976310008699, 44.3628290812971], 
            [-64.0755436514183, 44.4165635735501]
          ], 
          [
            [-68.2920600305459, 44.1811120686671], 
            [-68.3363336548742, 44.1418566613559], 
            [-68.2837592880607, 44.1152637084535], 
            [-68.2920600305459, 44.1811120686671]
          ], 
          [
            [-66.1006730076531, 43.6426340003589], 
            [-66.1083712043675, 43.6688222583406], 
            [-66.1282911876881, 43.650754878435], 
            [-66.1006730076531, 43.6426340003589]
          ], 
          [
            [-116.581813799667, 43.4400796959213], 
            [-116.572209040215, 43.4529849672825], 
            [-116.507790602055, 43.4785886659343], 
            [-116.47646721519, 43.5574052500523], 
            [-116.507026178315, 43.6600808480528], 
            [-116.635035678354, 43.6972498282171], 
            [-116.726451764337, 43.5874695860526], 
            [-116.677645556897, 43.4660611098324], 
            [-116.581813799667, 43.4400796959213]
          ], 
          [
            [-122.050789012703, 42.1347317324836], 
            [-122.040374863409, 42.1468186207828], 
            [-121.867012552587, 42.296178026195], 
            [-121.699576774049, 42.370893701783], 
            [-121.273495975059, 42.3927112546208], 
            [-121.197242458772, 42.4207161431356], 
            [-121.208385058923, 42.5593556297586], 
            [-121.310341199287, 42.7031482317056], 
            [-121.45873833011, 42.8179556841076], 
            [-121.703533791052, 42.8428309319021], 
            [-121.973789059118, 42.7435907441176], 
            [-122.17525518388, 42.600742430319], 
            [-122.237110554209, 42.5289495513808], 
            [-122.263757466434, 42.4280995771339], 
            [-122.168887983793, 42.2028194045919], 
            [-122.050789012703, 42.1347317324836]
          ], 
          [
            [-113.138381631007, 41.4145366515453], 
            [-113.145944929415, 41.4294833839511], 
            [-113.261957473359, 41.4877594525368], 
            [-113.280978134633, 41.4229902787784], 
            [-113.138381631007, 41.4145366515453]
          ], 
          [
            [-112.598239816914, 41.3020044839199], 
            [-112.627063088491, 41.2907539651235], 
            [-112.598239816914, 41.2794944531066], 
            [-112.613375406949, 41.2055881673601], 
            [-112.297848267084, 41.0267040191752], 
            [-112.158561268588, 40.7563228460226], 
            [-112.160971451671, 40.638340786798], 
            [-112.099179033885, 40.637072742713], 
            [-112.055103260407, 40.7728883581113], 
            [-111.957131116708, 40.7324998050221], 
            [-111.95658253026, 40.7053942385534], 
            [-111.987780012038, 40.6142479491836], 
            [-111.878044735976, 40.6164872610783], 
            [-111.799497948471, 40.6148864678363], 
            [-111.839050132058, 40.6568848073881], 
            [-111.912048102538, 40.727013940541], 
            [-111.910195499123, 40.8179084197379], 
            [-112.022907531158, 40.9261957873058], 
            [-112.052324355285, 41.0410032397078], 
            [-111.946006502998, 41.077389809692], 
            [-111.742103215491, 41.1435619258423], 
            [-111.574433613221, 41.2009476656024], 
            [-111.223131442362, 41.2353107609829], 
            [-110.929304943468, 41.2763288395044], 
            [-110.898790946445, 41.3355581894589], 
            [-110.899258593909, 41.3584909016339], 
            [-110.777067707509, 41.3981420106454], 
            [-110.741706364657, 41.4710230692593], 
            [-110.687998852065, 41.550262334739], 
            [-110.790521565318, 41.9371686654017], 
            [-110.92054554674, 42.1354961562227], 
            [-111.152336810895, 42.2357795575806], 
            [-111.281857171971, 42.1912181501975], 
            [-111.574460592882, 42.0227031852039], 
            [-111.790801504286, 41.9672509878429], 
            [-111.911796292365, 41.9647868454367], 
            [-112.022709680307, 41.9670531369928], 
            [-112.066416731747, 41.925054797441], 
            [-112.158561268588, 41.6558607293892], 
            [-111.958597011643, 41.6071084812715], 
            [-111.86701005447, 41.5191188122835], 
            [-111.963507310014, 41.4052106819275], 
            [-112.088989715103, 41.4026476140962], 
            [-112.190801963939, 41.435688706069], 
            [-112.22710759494, 41.4705734082363], 
            [-112.291930728021, 41.5380405481329], 
            [-112.335745698105, 41.5389308769585], 
            [-112.429661899377, 41.5160341376654], 
            [-112.607251023816, 41.470528442134], 
            [-112.768931141259, 41.4738199608226], 
            [-112.744289717197, 41.4259940144123], 
            [-112.745216018904, 41.3806681832901], 
            [-112.651974309167, 41.3579333219653], 
            [-112.598239816914, 41.3020044839199]
          ], 
          [
            [-122.005777944297, 40.1541907632932], 
            [-121.936602092512, 40.2468748933617], 
            [-121.952250296114, 40.3527430846257], 
            [-122.052155982213, 40.3936352580608], 
            [-122.146297013996, 40.379722746008], 
            [-122.17312379063, 40.2579635341899], 
            [-122.10519799649, 40.1663406041357], 
            [-122.005777944297, 40.1541907632932]
          ], 
          [
            [-104.631082858187, 39.0738981418858], 
            [-104.620057169902, 39.0853824844142], 
            [-104.484565310441, 39.107433860984], 
            [-104.167905024797, 39.1656919431288], 
            [-104.171574258745, 39.3454124608165], 
            [-104.102326461197, 39.955080862292], 
            [-104.079906362589, 40.4269821195293], 
            [-104.484277527386, 40.4665343031157], 
            [-104.913982594221, 40.4577659131664], 
            [-104.966044347469, 40.4035727666699], 
            [-105.038017090816, 40.1083613118251], 
            [-105.117004546123, 39.9136221159679], 
            [-105.27347758892, 39.7074165640233], 
            [-105.589967003374, 39.4378088078303], 
            [-105.586837362654, 39.2843305074471], 
            [-105.355342874774, 39.1720321635536], 
            [-105.009058920932, 39.0876128030885], 
            [-104.631082858187, 39.0738981418858]
          ], 
          [
            [-103.303224863936, 38.9838760050737], 
            [-103.292199175651, 38.9953513543816], 
            [-103.179217347003, 39.0399217549851], 
            [-103.063087891193, 39.087019250538], 
            [-102.835739277945, 39.2705439004807], 
            [-102.517397260075, 39.7560968663774], 
            [-102.270542351648, 39.9932750695889], 
            [-101.989944880052, 40.1294054477033], 
            [-101.688968770892, 40.1652254447985], 
            [-101.41645620449, 40.1094045253986], 
            [-101.101675501923, 39.9472477672707], 
            [-100.771516392368, 39.6700857058907], 
            [-100.678175757205, 39.6009008608861], 
            [-100.476691646003, 39.5355111549159], 
            [-100.343897752679, 39.6255242985076], 
            [-100.243749249628, 39.6911838010917], 
            [-99.9846455749333, 39.8011798805471], 
            [-99.5733945964834, 39.8276289419222], 
            [-99.3255324473645, 39.7768622124212], 
            [-98.9830346393371, 39.6202722577586], 
            [-98.499073473462, 39.2530520866845], 
            [-98.358347559692, 39.1847755569465], 
            [-98.1555144654202, 39.1528945904131], 
            [-97.9269607606305, 39.1997132961318], 
            [-97.7809828061116, 39.2496706357913], 
            [-97.5669171794842, 39.3599544983015], 
            [-97.4485753914411, 39.4831256457321], 
            [-97.6758970250276, 39.7015260046215], 
            [-97.8736309632982, 39.8311722707837], 
            [-98.0893693289314, 39.9011844920707], 
            [-98.4598270593713, 39.9464473706497], 
            [-98.7420702903116, 40.0187798428155], 
            [-98.9306311437123, 40.1466004852243], 
            [-98.9996720971895, 40.2184563167057], 
            [-99.0882463255074, 40.3535614676877], 
            [-99.1425204109881, 40.4654371302195], 
            [-99.201560903313, 40.7076155640071], 
            [-99.194456259149, 41.0556711822793], 
            [-99.0689558676191, 41.3457385150205], 
            [-98.8993077568475, 41.5424382329382], 
            [-98.7151805611339, 41.6789373330915], 
            [-98.5285982162346, 41.769454097029], 
            [-98.6840280454579, 41.9496692418421], 
            [-98.8383876814463, 42.1579072616109], 
            [-98.950065493128, 42.4209769465289], 
            [-98.9984849920887, 42.6689919803957], 
            [-98.9924865140413, 42.9627195538644], 
            [-98.9386081302609, 43.172945075355], 
            [-98.8755027022878, 43.3285277893261], 
            [-98.8114619793868, 43.4528410757551], 
            [-98.5204593517176, 43.9012340547079], 
            [-98.4053641162609, 44.1096879117678], 
            [-98.3363231627837, 44.3928934172974], 
            [-98.3657040140289, 44.4211231363238], 
            [-98.6790997606454, 44.4975205441379], 
            [-98.9983770734431, 44.5313980056135], 
            [-99.1994834693866, 44.4625638962069], 
            [-99.5025819785754, 44.0002673984218], 
            [-99.7219266256132, 43.7575673578474], 
            [-99.9911746529878, 43.6049164337465], 
            [-100.219845269643, 43.5307133717248], 
            [-100.754510212476, 43.478426787966], 
            [-100.911055201037, 43.4383080314905], 
            [-101.055396389432, 43.1837099602466], 
            [-101.17970068264, 43.0198894563334], 
            [-101.41254415359, 42.8352856199355], 
            [-101.663679834956, 42.7134454691332], 
            [-101.938476679355, 42.6359418952024], 
            [-102.454930350755, 42.5574041009186], 
            [-102.715041266141, 42.4988852153805], 
            [-102.76438706681, 42.4475339265496], 
            [-102.800584779164, 41.8557710270114], 
            [-102.86862748517, 41.590255186128], 
            [-103.020603917737, 41.2952505753538], 
            [-103.509331490456, 40.7804876294007], 
            [-103.449796371006, 40.1979697604961], 
            [-103.426584868996, 39.7474723679555], 
            [-103.432070733478, 39.4784491710924], 
            [-103.481245662957, 38.9972759035602], 
            [-103.303224863936, 38.9838760050737]
          ], 
          [
            [-112.283153344851, 37.2283993711342], 
            [-112.237899459492, 37.3545292880963], 
            [-112.194857906367, 37.6763157094026], 
            [-112.209831618434, 37.9275323297533], 
            [-112.290428860204, 38.1997121469981], 
            [-112.457298065853, 38.4385990620971], 
            [-112.700951387796, 38.5804581216451], 
            [-112.948534747081, 38.6190390374217], 
            [-113.192260014788, 38.5866274708812], 
            [-113.439636530002, 38.491452218745], 
            [-113.626650549483, 38.3608256915525], 
            [-113.914208773716, 38.0888886912602], 
            [-113.752690534241, 37.8276176504343], 
            [-113.579400169182, 37.6727903669819], 
            [-113.303730982399, 37.5187185140483], 
            [-112.952824513241, 37.3723268713881], 
            [-112.702893923416, 37.2951470533939], 
            [-112.493019137523, 37.246313866292], 
            [-112.283153344851, 37.2283993711342]
          ], 
          [
            [-115.186434706197, 36.2156278489461], 
            [-115.168313366968, 36.2954246940944], 
            [-115.177666316247, 36.3706349968077], 
            [-115.242282605258, 36.4223819873389], 
            [-115.324336748742, 36.3741513460079], 
            [-115.306485206127, 36.2306465271156], 
            [-115.186434706197, 36.2156278489461]
          ], 
          [
            [-111.427916065474, 35.0228030599134], 
            [-111.41750191618, 35.0348989414331], 
            [-111.284348294038, 35.1183020679861], 
            [-111.207447265879, 35.2253933372328], 
            [-111.161249092372, 35.3788266715138], 
            [-111.196340638609, 35.5723787622701], 
            [-111.337003599836, 35.7424225747421], 
            [-111.500041693569, 35.8151687350492], 
            [-111.719332381284, 35.7975510161665], 
            [-111.834436609962, 35.7333304288563], 
            [-111.973210994891, 35.5722618504042], 
            [-112.000991052895, 35.3134549519845], 
            [-111.923424526421, 35.1744377501022], 
            [-111.838654430358, 35.1014038067404], 
            [-111.661389061856, 35.0341345176939], 
            [-111.427916065474, 35.0228030599134]
          ], 
          [
            [-90.2271902326431, 35.0003020223206], 
            [-90.2167760833495, 35.0123889106198], 
            [-90.1467458756216, 35.0436403517209], 
            [-90.0669220508119, 35.0881747794426], 
            [-90.0367228165047, 35.2738667955162], 
            [-90.0862035154798, 35.4546395199979], 
            [-90.190767689777, 35.5447336025738], 
            [-90.3626011531206, 35.5733680165208], 
            [-90.4988484431011, 35.5233387310976], 
            [-90.5627362812543, 35.4491806351783], 
            [-90.6083139225494, 35.3470266439645], 
            [-90.5968295800211, 35.204025445418], 
            [-90.5441113216801, 35.1095336780369], 
            [-90.4136916385582, 35.0158872733791], 
            [-90.2271902326431, 35.0003020223206]
          ], 
          [
            [-107.646896387159, 33.5824218912574], 
            [-107.658092946632, 33.7311967373396], 
            [-107.7074387473, 33.8753580613255], 
            [-107.803810097758, 34.0624260401297], 
            [-108.026149487209, 34.4158685974579], 
            [-108.215996371136, 34.6660599906761], 
            [-108.849676671241, 35.2136751709725], 
            [-109.464597113466, 35.853695691503], 
            [-109.795970307783, 36.254271717266], 
            [-110.090327406684, 36.6768361670556], 
            [-110.341579999917, 36.998235879882], 
            [-110.70135378445, 37.2834738532358], 
            [-111.016539181938, 37.4901200729831], 
            [-111.14813697694, 37.5320104938893], 
            [-111.209947381167, 37.467672994713], 
            [-111.158730990643, 37.2678076631932], 
            [-110.869050366381, 36.7394559611238], 
            [-110.664571512765, 36.31797969101], 
            [-110.563991335132, 36.0629679316248], 
            [-110.445739479293, 35.698562638555], 
            [-110.345195274542, 35.2405559069296], 
            [-109.998560585103, 35.1468195700672], 
            [-109.82635839972, 35.0969791422737], 
            [-109.595979071177, 34.9783046050736], 
            [-109.407517143202, 34.826166294539], 
            [-109.22908265604, 34.5540044637351], 
            [-109.133331837794, 34.2589548868586], 
            [-109.070235403041, 33.7425461815611], 
            [-108.96423231347, 33.6407069530635], 
            [-108.626141183469, 33.6839193773774], 
            [-108.294255375585, 33.724469808435], 
            [-107.923455902768, 33.6770755366068], 
            [-107.646896387159, 33.5824218912574]
          ], 
          [
            [-105.171224672281, 33.4698897236319], 
            [-105.160198983996, 33.4813650729399], 
            [-104.964272683038, 33.5132640259142], 
            [-104.104898522249, 33.7222394897607], 
            [-103.427727007995, 33.9385174486214], 
            [-103.100580627294, 34.0712124165199], 
            [-102.93029399787, 34.24844181214], 
            [-102.879770085321, 34.4041504311975], 
            [-102.822393338782, 34.8151675859154], 
            [-102.794811131628, 34.9768746830203], 
            [-102.722343761156, 35.1885930791074], 
            [-102.616565502096, 35.3939352818878], 
            [-102.529151399218, 35.6291709494798], 
            [-102.385493695578, 35.841105182858], 
            [-102.186024065758, 35.9992509646603], 
            [-101.978532483287, 36.0810892708532], 
            [-101.73265783589, 36.1141303628261], 
            [-101.458661388112, 36.0439112974685], 
            [-101.244595761485, 35.9336274349582], 
            [-100.934104825078, 35.8328763861364], 
            [-100.613973156336, 35.6865117231376], 
            [-100.495478483545, 35.639773956403], 
            [-100.363475993622, 35.6424719225413], 
            [-100.273004195787, 35.8289553420155], 
            [-100.149985933104, 36.3335919217298], 
            [-100.056816169131, 36.6414658309834], 
            [-100.168736797765, 36.7489887748122], 
            [-100.366857444515, 36.8788868511473], 
            [-100.536424616303, 36.9938292018563], 
            [-100.837112942408, 37.3067842806701], 
            [-101.177866065666, 37.9615626759768], 
            [-101.27026241268, 38.0063938799736], 
            [-101.360356495256, 38.0045502697792], 
            [-101.503492592109, 37.9308148552214], 
            [-101.94481689978, 37.4714771269679], 
            [-102.150581783922, 37.3255081656694], 
            [-102.438400811548, 37.2321135711845], 
            [-102.826629145619, 37.2400365984104], 
            [-103.104969318879, 37.3353107759716], 
            [-103.517848070232, 37.5480004398685], 
            [-103.61657564445, 37.5800342911497], 
            [-103.783966456886, 37.5766258605951], 
            [-104.041010684096, 37.4615576047997], 
            [-104.236550276574, 37.3290065284286], 
            [-104.41779964174, 37.2101701132602], 
            [-104.533371517881, 37.0542636433525], 
            [-104.574596440473, 36.8241810910845], 
            [-104.507075341254, 36.3621453966928], 
            [-104.485014971464, 35.9967508493723], 
            [-104.531833677182, 35.7681971445826], 
            [-104.580442033773, 35.6261672138459], 
            [-104.669852631594, 35.4526160453943], 
            [-104.78279848736, 35.2859986499178], 
            [-105.11518791559, 34.9217552348163], 
            [-105.246758730931, 34.6305997223993], 
            [-105.443548381053, 34.2485946968878], 
            [-105.568464213253, 33.9911367815373], 
            [-105.613322396911, 33.8528929966146], 
            [-105.609527257877, 33.6670750754545], 
            [-105.5182460702, 33.5467637721305], 
            [-105.394400431235, 33.4866890594526], 
            [-105.171224672281, 33.4698897236319]
          ], 
          [
            [-112.170621177225, 33.2673354191943], 
            [-112.113109532379, 33.344856979566], 
            [-112.089412396465, 33.4277564857733], 
            [-112.093747128727, 33.4626142082791], 
            [-112.319090253812, 33.4344564350165], 
            [-112.360674905223, 33.3532926203582], 
            [-112.293162799224, 33.3248380708204], 
            [-112.228132822072, 33.2773448735671], 
            [-112.170621177225, 33.2673354191943]
          ], 
          [
            [-79.5593062170083, 32.9522489471313], 
            [-79.5670044137227, 32.9784282118925], 
            [-79.5869243970432, 32.9603698252074], 
            [-79.5593062170083, 32.9522489471313]
          ], 
          [
            [-112.0580890096, 32.7721956802865], 
            [-112.009984273355, 32.8463897490877], 
            [-112.028717151575, 32.9552346963243], 
            [-112.17929064175, 32.9104124855478], 
            [-112.157536041455, 32.7840667312947], 
            [-112.0580890096, 32.7721956802865]
          ], 
          [
            [-83.6104012989807, 32.7046835742876], 
            [-83.6018217666611, 32.7186050795609], 
            [-83.5694551662229, 32.7385430493223], 
            [-83.5343006674418, 32.8210558470497], 
            [-83.567134915344, 32.9264473976294], 
            [-83.6706558760678, 32.9608284794509], 
            [-83.7557137551856, 32.8919404107215], 
            [-83.7765240673318, 32.8019632400116], 
            [-83.7058733273921, 32.7147379947627], 
            [-83.6104012989807, 32.7046835742876]
          ], 
          [
            [-115.231445774603, 31.9844884933494], 
            [-115.22143632023, 32.0194901073826], 
            [-115.165210705909, 32.1151420002032], 
            [-115.107276379701, 32.3177952300659], 
            [-115.086403115012, 32.6673437229346], 
            [-115.159455044814, 32.7916120432613], 
            [-115.274154578571, 32.8399506032378], 
            [-115.400716170115, 32.8242034742111], 
            [-115.533060402416, 32.7275353474784], 
            [-115.716576059138, 32.6271530206954], 
            [-115.828370782685, 32.5331648736601], 
            [-115.911674983813, 32.3354579150508], 
            [-115.868642423909, 32.0684761792324], 
            [-115.82534006739, 31.9948217036588], 
            [-115.231445774603, 31.9844884933494]
          ], 
          [
            [-114.74401322563, 31.6730802484548], 
            [-114.76393320895, 31.6550128685491], 
            [-114.736315028915, 31.6468919904731], 
            [-114.74401322563, 31.6730802484548]
          ], 
          [
            [-89.7770705553618, 30.1389897225977], 
            [-89.792475942011, 30.1928591131576], 
            [-89.8320910781407, 30.1547188651836], 
            [-89.7770705553618, 30.1389897225977]
          ], 
          [
            [-90.0696469966116, 30.0489585925651], 
            [-90.059232847318, 30.0610544740848], 
            [-89.9900390090929, 30.0818827726719], 
            [-89.8409763799559, 30.2051798251888], 
            [-89.9955878261172, 30.2403073443086], 
            [-90.035050077499, 30.2861098161152], 
            [-90.0790898780953, 30.3240612064596], 
            [-90.1808931337111, 30.3547101017899], 
            [-90.2217943003667, 30.3514185831012], 
            [-90.3017800031446, 30.2585815682849], 
            [-90.4155892080755, 30.1605284856012], 
            [-90.367214675217, 30.0738338403595], 
            [-90.0696469966116, 30.0489585925651]
          ], 
          [
            [-82.3275543731357, 29.9139253873468], 
            [-82.3169333797716, 29.9258144247959], 
            [-82.2333503888094, 29.9641705100611], 
            [-82.1388316417668, 30.030198734684], 
            [-82.114379075334, 30.2540130122908], 
            [-82.1882314017577, 30.4598228625351], 
            [-82.2999811592031, 30.5596745893109], 
            [-82.3983759842642, 30.5538110095705], 
            [-82.5505682541216, 30.3834794140438], 
            [-82.523309802905, 29.9262011332758], 
            [-82.3275543731357, 29.9139253873468]
          ], 
          [
            [-84.7582150196074, 29.891424349754], 
            [-84.7475940262432, 29.9033043939827], 
            [-84.6563038453461, 29.9695574491171], 
            [-84.5675407593985, 30.0383465924213], 
            [-84.4300973710967, 30.1380904005516], 
            [-84.2742178808505, 30.237231662911], 
            [-83.9405064492132, 30.3825531123363], 
            [-83.8553856175522, 30.428805245166], 
            [-83.8248446408674, 30.5465894535405], 
            [-83.9006035300288, 30.7577322835181], 
            [-84.0116428230578, 30.9010212651194], 
            [-84.303661684639, 30.9911962866794], 
            [-84.7482235516755, 31.0604710638885], 
            [-84.8825283060364, 31.0964439457316], 
            [-85.1810942321131, 31.3728235969315], 
            [-85.3241763696437, 31.4638259947739], 
            [-85.5836127934955, 31.5635608096837], 
            [-85.9037264757962, 31.5899918846179], 
            [-86.0530858812084, 31.5364012838922], 
            [-86.1191950448154, 31.4324576418068], 
            [-86.1429731197136, 31.4112156550785], 
            [-86.1642061132215, 31.3424265117742], 
            [-86.1879841881197, 31.2761734566398], 
            [-86.2173020868218, 31.1191068612927], 
            [-86.2065731748121, 30.9392334588571], 
            [-86.1591429301021, 30.7621389615439], 
            [-86.0206743146678, 30.6384102344448], 
            [-85.906046726675, 30.5857998947494], 
            [-85.6798042795438, 30.5159405582103], 
            [-85.162316387791, 30.4835020120083], 
            [-85.0849477121671, 30.3969152854122], 
            [-84.9540064222585, 30.0298030329837], 
            [-84.8675545939693, 29.9060473262232], 
            [-84.7582150196074, 29.891424349754]
          ], 
          [
            [-89.5069951517048, 29.5988389152838], 
            [-89.5146933484193, 29.6250271732655], 
            [-89.5346133317398, 29.6069597933599], 
            [-89.5069951517048, 29.5988389152838]
          ], 
          [
            [-97.3841209803988, 27.7758501753454], 
            [-97.4081328790291, 27.8232984064963], 
            [-97.4592053780257, 27.7853200364906], 
            [-97.3841209803988, 27.7758501753454]
          ], 
          [
            [-80.6846099068217, 24.9400809199985], 
            [-80.6923081035361, 24.9662691779803], 
            [-80.7122280868567, 24.9482017980746], 
            [-80.6846099068217, 24.9400809199985]
          ], 
          [
            [-80.7235505514167, 24.9073006314191], 
            [-80.7430028872733, 24.9468258353441], 
            [-80.7521310060411, 24.8950698515924], 
            [-80.7235505514167, 24.9073006314191]
          ]
        ]
      }, 
      "properties" : {
        "OBJECTID" : 103, 
        "Id" : 103, 
        "gridcode" : 1, 
        "Unixtime" : 1790953200, 
        "Timestamp" : 1790953200000, 
        "Shape__Area" : 15431140986751.773, 
        "Shape__Length" : 75280734.426396012
      }
    }, 
    {
      "type" : "Feature", 
      "id" : 104, 
      "geometry" : 
      {
        "type" : "Polygon", 
        "coordinates" : 
        [
          [
            [-100.197380204932, 19.9887464834635], 
            [-102.089122115293, 19.9994304293709], 
            [-102.364602444447, 20.2455658801613], 
            [-102.53914286715, 20.4954425106634], 
            [-102.634875698954, 20.7256060019155], 
            [-102.683672913174, 20.9540068219574], 
            [-102.655937821273, 21.2372662868098], 
            [-102.55554650127, 21.4984114225492], 
            [-102.379980851435, 21.7235027374614], 
            [-102.216385178033, 21.8502801662967], 
            [-102.074670010013, 21.9272891131022], 
            [-101.872385502189, 21.9998733954409], 
            [-101.60401881042, 22.0315655043446], 
            [-101.237212327487, 21.9882451613852], 
            [-100.828038782963, 22.0426541451727], 
            [-100.65562076029, 22.0529333961594], 
            [-100.377325553132, 22.0157104566723], 
            [-100.177010560589, 21.923772763902], 
            [-99.9402640319594, 21.7122432254446], 
            [-99.830016142331, 21.4617640491716], 
            [-99.7923525350414, 21.2141986763279], 
            [-99.8342879220499, 20.9006680314046], 
            [-99.9778646867059, 20.5005326734442], 
            [-100.022893741553, 20.3069985691287], 
            [-100.098751556139, 20.1417121702805], 
            [-100.197380204932, 19.9887464834635]
          ]
        ]
      }, 
      "properties" : {
        "OBJECTID" : 104, 
        "Id" : 104, 
        "gridcode" : 1, 
        "Unixtime" : 1790953200, 
        "Timestamp" : 1790953200000, 
        "Shape__Area" : 67794001796.150391, 
        "Shape__Length" : 957597.41481933533
      }
    }
  ]
}