{
  "type" : "FeatureCollection", 
  "features" : [
    {
      "type" : "Feature", 
      "id" : 1, 
      "geometry" : 
      {
        "type" : "Polygon", 
        "coordinates" : 
        [
          [
            [-101.750302534434, 53.7928772394931], 
            [-102.095633206907, 53.8041007786281], 
            [-102.268995517729, 53.8444353723946], 
            [-102.536993487459, 53.9942174591685], 
            [-102.762363592206, 54.2479252015869], 
            [-102.861181098629, 54.504771577946], 
            [-102.881649668397, 54.8482406537833], 
            [-102.806790101282, 55.0906708977438], 
            [-102.705796235508, 55.2641501204318], 
            [-102.546463348605, 55.4424676957277], 
            [-102.349988461198, 55.5639301312706], 
            [-102.185034811507, 55.6231145151228], 
            [-101.931974580962, 55.6680896106471], 
            [-101.653616421261, 55.6161267828248], 
            [-101.423345011363, 55.5104474491905], 
            [-101.182380662338, 55.2951407581395], 
            [-101.051493331752, 55.0542753345392], 
            [-100.999629429355, 54.8606423047986], 
            [-100.986364429175, 54.6381140577177], 
            [-101.047985975772, 54.3732906948098], 
            [-101.19140086246, 54.1269483999488], 
            [-101.406437756897, 53.9393947872397], 
            [-101.515957195668, 53.8798776542304], 
            [-101.636511315944, 53.8366292570346], 
            [-101.73968154107, 53.8047662769422], 
            [-101.750302534434, 53.7928772394931]
          ]
        ]
      }, 
      "properties" : {
        "OBJECTID" : 1, 
        "Id" : 1, 
        "gridcode" : 1, 
        "Timestamp" : 1790967600000, 
        "Unixtime" : 1790967600, 
        "Shape__Area" : 59378704168.210938, 
        "Shape__Length" : 914602.17555570148
      }
    }, 
    {
      "type" : "Feature", 
      "id" : 2, 
      "geometry" : 
      {
        "type" : "Polygon", 
        "coordinates" : 
        [
          [
            [-128.352491474302, 53.1402032577742], 
            [-128.766521357874, 53.1541877155907], 
            [-128.998717316951, 53.2527534118406], 
            [-129.143454207046, 53.3476498741425], 
            [-129.277696008864, 53.4766216487702], 
            [-129.417936288729, 53.6835016922494], 
            [-129.510413574727, 53.9115068105909], 
            [-129.55634195162, 54.1807818176269], 
            [-129.530333558047, 54.5330552562951], 
            [-129.448000624729, 54.7867989715954], 
            [-129.295232788762, 55.0562448498201], 
            [-129.030031710595, 55.2930992970949], 
            [-128.783734381836, 55.4199756513553], 
            [-128.519999198604, 55.4963011134058], 
            [-128.003428615338, 55.6043906301236], 
            [-127.486858032072, 55.7159875028211], 
            [-127.155916512337, 55.7227414113871], 
            [-126.906480549638, 55.6740431225921], 
            [-126.696416906115, 55.5911885824872], 
            [-126.476181930252, 55.4279256582426], 
            [-126.341769257245, 55.2507951880476], 
            [-126.25109960856, 55.0747888704101], 
            [-126.203489499441, 54.8889979289114], 
            [-126.197886723094, 54.6146417523151], 
            [-126.246153337307, 54.416664997092], 
            [-126.330689609638, 54.2424123574444], 
            [-126.46911325897, 54.0556771277973], 
            [-126.689465146699, 53.8656323930206], 
            [-126.99670953052, 53.7073517129113], 
            [-127.418716400641, 53.5342861783645], 
            [-128.030543175027, 53.2408823608323], 
            [-128.166646573481, 53.1942974788457], 
            [-128.341465786017, 53.1516786070821], 
            [-128.352491474302, 53.1402032577742]
          ]
        ]
      }, 
      "properties" : {
        "OBJECTID" : 2, 
        "Id" : 2, 
        "gridcode" : 1, 
        "Timestamp" : 1790967600000, 
        "Unixtime" : 1790967600, 
        "Shape__Area" : 138415582766.875, 
        "Shape__Length" : 1370986.1910174445
      }
    }, 
    {
      "type" : "Feature", 
      "id" : 3, 
      "geometry" : 
      {
        "type" : "Polygon", 
        "coordinates" : 
        [
          [
            [-77.6012752786311, 52.735094648899], 
            [-77.9262632864215, 52.7499514491002], 
            [-78.1594574929688, 52.848085470768], 
            [-78.3487917633291, 52.986958781123], 
            [-78.4684735412209, 53.1340249153177], 
            [-78.5534954474569, 53.294688798849], 
            [-78.6019868921813, 53.47974229627], 
            [-78.6115197058697, 53.7202839639339], 
            [-78.5610407594235, 53.9322002108711], 
            [-78.4103323709421, 54.1999283839878], 
            [-78.1995672562238, 54.3780301219926], 
            [-77.9782081278028, 54.474635296182], 
            [-77.7070805173519, 54.5150688153736], 
            [-77.4599648055313, 54.4678903808365], 
            [-77.3124040442112, 54.3982468815884], 
            [-77.1684045981936, 54.3052569820242], 
            [-76.9712282395915, 54.0779083687762], 
            [-76.8715024179022, 53.8351363824382], 
            [-76.8568074956693, 53.4644358350458], 
            [-76.931127469557, 53.2297037877997], 
            [-77.0184786198923, 53.0944277656289], 
            [-77.1772899000088, 52.9230349700879], 
            [-77.3408046344263, 52.8229134466983], 
            [-77.489255724572, 52.7708786731123], 
            [-77.5904564344169, 52.7467768422775], 
            [-77.6012752786311, 52.735094648899]
          ]
        ]
      }, 
      "properties" : {
        "OBJECTID" : 3, 
        "Id" : 3, 
        "gridcode" : 1, 
        "Timestamp" : 1790967600000, 
        "Unixtime" : 1790967600, 
        "Shape__Area" : 51041356337.644531, 
        "Shape__Length" : 846765.04774312372
      }
    }, 
    {
      "type" : "Feature", 
      "id" : 4, 
      "geometry" : 
      {
        "type" : "Polygon", 
        "coordinates" : 
        [
          [
            [-60.3391123601472, 52.4875292760553], 
            [-60.5607053123003, 52.5106148729781], 
            [-60.7222055653345, 52.5604912736534], 
            [-60.9253983884248, 52.689714858454], 
            [-61.0647213598028, 52.869498328685], 
            [-61.1562183847706, 53.089490487596], 
            [-61.170571564626, 53.3302479925509], 
            [-61.1212707300601, 53.5421372598267], 
            [-61.0600808580451, 53.6754617531575], 
            [-60.9298949986552, 53.834938531588], 
            [-60.7417208537344, 53.9807725945797], 
            [-60.5092640912647, 54.0496067039863], 
            [-60.3066108614021, 54.0616845990651], 
            [-60.0898562618569, 54.0112506187211], 
            [-59.9256310630231, 53.9156436920028], 
            [-59.7770270881296, 53.7828677851203], 
            [-59.9467921107673, 53.751184669437], 
            [-59.9432577751261, 53.6918384076165], 
            [-60.01340489472, 53.6472230409107], 
            [-60.0346468814483, 53.6234539592329], 
            [-60.0591264275425, 53.6015824470724], 
            [-60.0332978983793, 53.5785058433701], 
            [-60.035986871297, 53.533494774964], 
            [-60.0121368506351, 53.5121898356924], 
            [-59.9811552061478, 53.4446687364731], 
            [-59.9659296839077, 53.4921439472854], 
            [-59.9695629449739, 53.5531089887889], 
            [-59.8552321332563, 53.5599168566776], 
            [-59.7764605152405, 53.5552223955972], 
            [-59.6813662020885, 53.5608881244875], 
            [-59.6339359573785, 53.5185210628968], 
            [-59.6122892757294, 53.1552399223846], 
            [-59.713912666936, 52.8908752137202], 
            [-59.8524082620316, 52.7133130689431], 
            [-60.0744598684281, 52.5582159888769], 
            [-60.2146911550727, 52.5206513070123], 
            [-60.3284913667831, 52.499409320284], 
            [-60.3391123601472, 52.4875292760553]
          ]
        ]
      }, 
      "properties" : {
        "OBJECTID" : 4, 
        "Id" : 4, 
        "gridcode" : 1, 
        "Timestamp" : 1790967600000, 
        "Unixtime" : 1790967600, 
        "Shape__Area" : 38270787279.941406, 
        "Shape__Length" : 839189.95591875073
      }
    }, 
    {
      "type" : "Feature", 
      "id" : 5, 
      "geometry" : 
      {
        "type" : "Polygon", 
        "coordinates" : 
        [
          [
            [-90.1146580650176, 50.2369218964284], 
            [-90.3651102616292, 50.255025249216], 
            [-90.5308283350595, 50.3061966736377], 
            [-90.7052518458959, 50.3862453289589], 
            [-90.9032735672213, 50.5299659851422], 
            [-91.0800173289365, 50.7377273642266], 
            [-91.2238009376631, 51.0547563719091], 
            [-91.2482535040959, 51.4650450757697], 
            [-91.1509378654901, 51.7802034935964], 
            [-91.0172986094432, 51.990330089662], 
            [-90.764355290764, 52.215007716433], 
            [-90.5256032739719, 52.3143108567607], 
            [-90.29720245393, 52.3631080709808], 
            [-90.0022877753605, 52.3308943552903], 
            [-89.7653254094401, 52.2398020252434], 
            [-89.5229221451409, 52.0507285582764], 
            [-89.3989146282075, 51.8731933931606], 
            [-89.3464301935985, 51.7766151986326], 
            [-89.2739538299053, 51.5746184738636], 
            [-89.2511380295963, 51.1918760042743], 
            [-89.3410792274244, 50.9006035799913], 
            [-89.3930780281285, 50.7873159818471], 
            [-89.5271039926551, 50.5765778467902], 
            [-89.7800473113343, 50.3518912267988], 
            [-89.9659191918172, 50.2745855037181], 
            [-90.1040370716535, 50.2488019406571], 
            [-90.1146580650176, 50.2369218964284]
          ]
        ]
      }, 
      "properties" : {
        "OBJECTID" : 5, 
        "Id" : 5, 
        "gridcode" : 1, 
        "Timestamp" : 1790967600000, 
        "Unixtime" : 1790967600, 
        "Shape__Area" : 65183877902.964844, 
        "Shape__Length" : 956942.73689875018
      }
    }, 
    {
      "type" : "Feature", 
      "id" : 6, 
      "geometry" : 
      {
        "type" : "Polygon", 
        "coordinates" : 
        [
          [
            [-67.2484777350593, 49.4041946478648], 
            [-67.3010251222116, 49.4528839434393], 
            [-67.390075991214, 49.6696745158663], 
            [-67.4372094596488, 49.8495479183019], 
            [-67.4773102296833, 50.1571520309416], 
            [-67.4311030629559, 50.4952971202659], 
            [-67.3596249467338, 50.7210629267128], 
            [-67.2333061721421, 50.9887101608454], 
            [-67.0127924064444, 51.3688895626033], 
            [-67.0041409283611, 51.5871999892881], 
            [-67.1012137500145, 51.691971007656], 
            [-67.4289896561477, 51.9696187029409], 
            [-67.6466885438412, 52.220628479221], 
            [-67.7467111418057, 52.4096569800856], 
            [-67.8205095089066, 52.6201972642924], 
            [-67.8354022819897, 52.9960239473474], 
            [-67.764733555609, 53.2192356791833], 
            [-67.7165119074984, 53.3214166500584], 
            [-67.581766485335, 53.5051211644103], 
            [-67.3911821573307, 53.660227237697], 
            [-67.1174375197257, 53.7796841850771], 
            [-66.7905609356386, 53.7926434157611], 
            [-66.5690129495879, 53.7398711980974], 
            [-66.3017434307147, 53.589414619789], 
            [-66.1021658822496, 53.3593050878596], 
            [-65.9788238636303, 53.0766841416599], 
            [-65.9609453413544, 52.6254582982619], 
            [-66.0331519084338, 52.3664265693308], 
            [-66.1530765032779, 52.1123141319917], 
            [-66.3114740952532, 51.8129657957349], 
            [-66.3399016651297, 51.6770692413525], 
            [-66.3044773697347, 51.5651755923798], 
            [-66.1348562386244, 51.4180554988622], 
            [-65.7752263456193, 51.1260726101629], 
            [-65.5594340206634, 50.8513027454255], 
            [-65.4452920665756, 50.6355913594538], 
            [-65.3704235062398, 50.3798601424317], 
            [-65.3662956180483, 50.2756107308506], 
            [-65.6074488247035, 50.2336213845194], 
            [-65.8196618479159, 50.2252037301681], 
            [-65.9431297716216, 50.2575613373859], 
            [-66.0517588815671, 50.1742571362579], 
            [-66.2474603520135, 50.1820092922951], 
            [-66.2451580875756, 50.1239760406618], 
            [-66.3149095054692, 50.0910608537754], 
            [-66.3932494489029, 50.0496021074514], 
            [-66.5550374849919, 50.1352085730173], 
            [-66.6553478660111, 50.0897658300291], 
            [-66.7246766025431, 50.0149422357956], 
            [-66.8937941133076, 49.9746616013519], 
            [-66.972988412685, 49.8068481075542], 
            [-67.122284865554, 49.7712889138524], 
            [-67.1470791743644, 49.6156342541176], 
            [-67.1935381512646, 49.5725927009925], 
            [-67.1892573783253, 49.4645481503769], 
            [-67.2142945040881, 49.4375235228924], 
            [-67.2376588908451, 49.4158768412433], 
            [-67.2484777350593, 49.4041946478648]
          ]
        ]
      }, 
      "properties" : {
        "OBJECTID" : 6, 
        "Id" : 6, 
        "gridcode" : 1, 
        "Timestamp" : 1790967600000, 
        "Unixtime" : 1790967600, 
        "Shape__Area" : 114961868949.55078, 
        "Shape__Length" : 1915466.524642637
      }
    }, 
    {
      "type" : "Feature", 
      "id" : 7, 
      "geometry" : 
      {
        "type" : "Polygon", 
        "coordinates" : 
        [
          [
            [-81.6748803914169, 48.0538266228005], 
            [-82.1310614992887, 48.0673704128144], 
            [-82.4591881410198, 48.159919644576], 
            [-82.6233324008696, 48.239554611756], 
            [-82.8080621423539, 48.3764853864915], 
            [-82.9582309376077, 48.5625191449427], 
            [-83.0533792100824, 48.7472129135452], 
            [-83.1206215194675, 48.9436878009514], 
            [-83.1619453674847, 49.2669670968541], 
            [-83.1108818617085, 49.5806596197457], 
            [-82.9803632531616, 49.8496828166088], 
            [-82.8370742715603, 50.0429741039718], 
            [-82.6298344992627, 50.1920277398884], 
            [-82.5265203826095, 50.2452496185751], 
            [-82.3240020510538, 50.3145603686661], 
            [-82.078523105357, 50.3424483453149], 
            [-81.7975389252811, 50.3032199176652], 
            [-81.4729915852934, 50.1457666138383], 
            [-81.2724697486799, 49.9531048519075], 
            [-81.1270763534908, 49.7386255371389], 
            [-81.0349677895318, 49.5115467205048], 
            [-80.9887876024658, 49.2860686971127], 
            [-80.9832747583234, 49.0157055104011], 
            [-81.0228539215711, 48.8129623483338], 
            [-81.1208800245934, 48.5644257076803], 
            [-81.3456206039077, 48.2476125372888], 
            [-81.5204937757671, 48.1218513423656], 
            [-81.663854703132, 48.0653109653289], 
            [-81.6748803914169, 48.0538266228005]
          ]
        ]
      }, 
      "properties" : {
        "OBJECTID" : 7, 
        "Id" : 7, 
        "gridcode" : 1, 
        "Timestamp" : 1790967600000, 
        "Unixtime" : 1790967600, 
        "Shape__Area" : 74342790958.3789, 
        "Shape__Length" : 1013054.5541450086
      }
    }, 
    {
      "type" : "Feature", 
      "id" : 8, 
      "geometry" : 
      {
        "type" : "Polygon", 
        "coordinates" : 
        [
          [
            [-63.0398394170554, 46.0957956844234], 
            [-63.09653267884, 46.1291335526714], 
            [-63.1186110350711, 46.1529565936719], 
            [-63.1815995511783, 46.0849768402091], 
            [-63.3441070449041, 46.1291335526714], 
            [-63.5007869317714, 46.1749989770212], 
            [-63.6745449442937, 46.1987500722581], 
            [-63.7708623354284, 46.2650211138334], 
            [-63.8392377905915, 46.3091778262958], 
            [-63.8608844722405, 46.355052243866], 
            [-64.175179540903, 46.3801613153925], 
            [-64.1768612731292, 46.4225103905422], 
            [-64.1329923437216, 46.5054098967494], 
            [-64.1303213572448, 46.5728590502051], 
            [-64.4452999106623, 46.6063767828623], 
            [-64.4496436361449, 46.7159142080743], 
            [-64.3317964752271, 46.8251008976883], 
            [-64.2081486871122, 46.9585512961055], 
            [-64.1467609642471, 46.9875274524301], 
            [-63.9878237790441, 47.0968940064533], 
            [-63.9483255547805, 47.0496436261525], 
            [-63.9517879446578, 46.9622834825967], 
            [-63.9483885073237, 46.8765960780466], 
            [-63.9959176774588, 46.7867627988642], 
            [-63.8430689025078, 46.6721801769737], 
            [-63.68169455456, 46.6017542675455], 
            [-63.5102477996961, 46.5609160534332], 
            [-63.4341291817163, 46.5342421615466], 
            [-63.2982326273339, 46.5125954798976], 
            [-63.2078687481442, 46.4504163536319], 
            [-63.0082012674745, 46.442493326406], 
            [-62.7805918508332, 46.4667210623272], 
            [-62.5220907219092, 46.5117321307333], 
            [-61.9262179206205, 46.4873605032847], 
            [-61.9633779075643, 46.4133103260108], 
            [-62.1504189067071, 46.331687857109], 
            [-62.301801786723, 46.2956250430614], 
            [-62.3538365603089, 46.2200100454273], 
            [-62.3863380590541, 46.1511399631389], 
            [-62.4222839612357, 46.1525608919717], 
            [-62.4200356561206, 46.0957956844234], 
            [-62.4218163137718, 46.0507846160173], 
            [-62.4190553950904, 45.9811411167692], 
            [-62.5542234986155, 45.9337648313819], 
            [-62.7731724439531, 45.9250863736373], 
            [-62.8717651198643, 45.9562928486362], 
            [-62.960645117678, 46.0174557409898], 
            [-63.0949408788184, 46.0430954125234], 
            [-63.0506672544901, 46.0841134910448], 
            [-63.0398394170554, 46.0957956844234]
          ], 
          [
            [-62.9896212740025, 46.1066055354172], 
            [-63.0108003081876, 46.1487837393781], 
            [-63.0398394170554, 46.0957956844234], 
            [-62.9896212740025, 46.1066055354172]
          ]
        ]
      }, 
      "properties" : {
        "OBJECTID" : 8, 
        "Id" : 8, 
        "gridcode" : 1, 
        "Timestamp" : 1790967600000, 
        "Unixtime" : 1790967600, 
        "Shape__Area" : 17274665559.972656, 
        "Shape__Length" : 848714.19933822076
      }
    }, 
    {
      "type" : "Feature", 
      "id" : 9, 
      "geometry" : 
      {
        "type" : "Polygon", 
        "coordinates" : 
        [
          [
            [-62.6347308081802, 45.7807182055808], 
            [-62.6150446485916, 45.8574213828906], 
            [-62.4679965008378, 45.8364132198943], 
            [-62.5033128775872, 45.7903139718125], 
            [-62.6347308081802, 45.7807182055808]
          ]
        ]
      }, 
      "properties" : {
        "OBJECTID" : 9, 
        "Id" : 9, 
        "gridcode" : 1, 
        "Timestamp" : 1790967600000, 
        "Unixtime" : 1790967600, 
        "Shape__Area" : 154799387.72265625, 
        "Shape__Length" : 52212.124598305687
      }
    }, 
    {
      "type" : "Feature", 
      "id" : 10, 
      "geometry" : 
      {
        "type" : "Polygon", 
        "coordinates" : 
        [
          [
            [-66.7308369585587, 44.5428823481419], 
            [-66.7891669864672, 44.5520734194528], 
            [-66.8539991127688, 44.579304891008], 
            [-66.9384724325566, 44.5603651687176], 
            [-66.9526457480028, 44.6235785153363], 
            [-66.8582708924876, 44.7972376024335], 
            [-66.7576187690909, 44.8395147318195], 
            [-66.6792968120981, 44.7384669067225], 
            [-66.6317406623016, 44.6252332679011], 
            [-66.712454815937, 44.5695112739262], 
            [-66.7308369585587, 44.5428823481419]
          ]
        ]
      }, 
      "properties" : {
        "OBJECTID" : 10, 
        "Id" : 10, 
        "gridcode" : 1, 
        "Timestamp" : 1790967600000, 
        "Unixtime" : 1790967600, 
        "Shape__Area" : 1046768806.1679688, 
        "Shape__Length" : 130816.75088607866
      }
    }, 
    {
      "type" : "Feature", 
      "id" : 11, 
      "geometry" : 
      {
        "type" : "Polygon", 
        "coordinates" : 
        [
          [
            [-68.8239011021541, 43.7551661679843], 
            [-68.8826358249833, 43.7639525443745], 
            [-68.9002085777636, 43.7913908600003], 
            [-68.9452196461697, 43.820214131577], 
            [-68.916261476286, 43.9210910854853], 
            [-68.8126505833577, 43.8919710376334], 
            [-68.7088148599178, 43.921145044808], 
            [-68.6937961817483, 43.8677073288303], 
            [-68.7451294841383, 43.8532822032112], 
            [-68.7812102846269, 43.8634175626705], 
            [-68.8151237189844, 43.8139008908135], 
            [-68.8239011021541, 43.7551661679843]
          ]
        ]
      }, 
      "properties" : {
        "OBJECTID" : 11, 
        "Id" : 11, 
        "gridcode" : 1, 
        "Timestamp" : 1790967600000, 
        "Unixtime" : 1790967600, 
        "Shape__Area" : 372669349.6171875, 
        "Shape__Length" : 95229.682972250972
      }
    }, 
    {
      "type" : "Feature", 
      "id" : 12, 
      "geometry" : 
      {
        "type" : "Polygon", 
        "coordinates" : 
        [
          [
            [-65.9881408400277, 43.5301018327335], 
            [-66.0157590200627, 43.5382227108095], 
            [-65.9958390367421, 43.5562900907152], 
            [-65.9881408400277, 43.5301018327335]
          ]
        ]
      }, 
      "properties" : {
        "OBJECTID" : 12, 
        "Id" : 12, 
        "gridcode" : 1, 
        "Timestamp" : 1790967600000, 
        "Unixtime" : 1790967600, 
        "Shape__Area" : 5648178.1328125, 
        "Shape__Length" : 10981.911489251712
      }
    }, 
    {
      "type" : "Feature", 
      "id" : 13, 
      "geometry" : 
      {
        "type" : "Polygon", 
        "coordinates" : 
        [
          [
            [-71.3445838854379, 41.8196452604205], 
            [-71.3722020654729, 41.8277661384966], 
            [-71.3522820821523, 41.8458245251818], 
            [-71.3445838854379, 41.8196452604205]
          ]
        ]
      }, 
      "properties" : {
        "OBJECTID" : 13, 
        "Id" : 13, 
        "gridcode" : 2, 
        "Timestamp" : 1790967600000, 
        "Unixtime" : 1790967600, 
        "Shape__Area" : 5492680.2734375, 
        "Shape__Length" : 10801.619512244899
      }
    }, 
    {
      "type" : "Feature", 
      "id" : 14, 
      "geometry" : 
      {
        "type" : "Polygon", 
        "coordinates" : 
        [
          [
            [-72.6049297736901, 41.7746341920144], 
            [-72.6566857574417, 41.7837533175617], 
            [-72.6171515602962, 41.8032056534183], 
            [-72.6049297736901, 41.7746341920144]
          ]
        ]
      }, 
      "properties" : {
        "OBJECTID" : 14, 
        "Id" : 14, 
        "gridcode" : 2, 
        "Timestamp" : 1790967600000, 
        "Unixtime" : 1790967600, 
        "Shape__Area" : 11362407.6171875, 
        "Shape__Length" : 15670.493383533048
      }
    }, 
    {
      "type" : "Feature", 
      "id" : 15, 
      "geometry" : 
      {
        "type" : "Polygon", 
        "coordinates" : 
        [
          [
            [-69.9492047919675, 41.2119823471077], 
            [-70.1990004834855, 41.2260837167902], 
            [-70.3651412382775, 41.3333638436665], 
            [-70.2989781153477, 41.3713242272314], 
            [-70.190052229127, 41.3136866772984], 
            [-70.0725288241459, 41.3578523829812], 
            [-70.0752088038432, 41.4253554957596], 
            [-69.9856992805973, 41.3846971460565], 
            [-69.9273332798069, 41.2743952971053], 
            [-69.9492047919675, 41.2119823471077]
          ]
        ]
      }, 
      "properties" : {
        "OBJECTID" : 15, 
        "Id" : 15, 
        "gridcode" : 1, 
        "Timestamp" : 1790967600000, 
        "Unixtime" : 1790967600, 
        "Shape__Area" : 791929047.421875, 
        "Shape__Length" : 139824.503810915
      }
    }, 
    {
      "type" : "Feature", 
      "id" : 16, 
      "geometry" : 
      {
        "type" : "Polygon", 
        "coordinates" : 
        [
          [
            [-71.5246371522827, 41.1219512170751], 
            [-71.6461535471484, 41.1325002646756], 
            [-71.6121142077045, 41.2659776427541], 
            [-71.5318317286513, 41.2402030729136], 
            [-71.5104008842933, 41.1551272073548], 
            [-71.5246371522827, 41.1219512170751]
          ]
        ]
      }, 
      "properties" : {
        "OBJECTID" : 16, 
        "Id" : 16, 
        "gridcode" : 1, 
        "Timestamp" : 1790967600000, 
        "Unixtime" : 1790967600, 
        "Shape__Area" : 228968524.27734375, 
        "Shape__Length" : 61406.514683192785
      }
    }, 
    {
      "type" : "Feature", 
      "id" : 17, 
      "geometry" : 
      {
        "type" : "Polygon", 
        "coordinates" : 
        [
          [
            [-122.365875484766, 40.649330502201], 
            [-122.511331832498, 40.6641603227408], 
            [-122.480422133774, 40.7936447109347], 
            [-122.356171799889, 40.8036271856462], 
            [-122.347736159096, 40.698712275751], 
            [-122.365875484766, 40.649330502201]
          ]
        ]
      }, 
      "properties" : {
        "OBJECTID" : 17, 
        "Id" : 17, 
        "gridcode" : 4, 
        "Timestamp" : 1790967600000, 
        "Unixtime" : 1790967600, 
        "Shape__Area" : 332658857.30859375, 
        "Shape__Length" : 72546.021869084667
      }
    }, 
    {
      "type" : "Feature", 
      "id" : 18, 
      "geometry" : 
      {
        "type" : "Polygon", 
        "coordinates" : 
        [
          [
            [-122.410886553172, 40.6043194337949], 
            [-122.455897621578, 40.6043194337949], 
            [-122.597801647228, 40.6187895255163], 
            [-122.736674957583, 40.6697900787492], 
            [-122.837866674208, 40.7872415379667], 
            [-122.825339118106, 40.9432109604176], 
            [-122.718904353953, 41.0349058362354], 
            [-122.555452572078, 41.1078408541721], 
            [-122.273919805555, 41.1323743595891], 
            [-122.146458891964, 41.0612559721854], 
            [-122.097283962485, 40.9510440554389], 
            [-122.109694606721, 40.796576500805], 
            [-122.204609055463, 40.6753748686554], 
            [-122.400472403878, 40.6164063220942], 
            [-122.410886553172, 40.6043194337949]
          ], 
          [
            [-122.365875484766, 40.649330502201], 
            [-122.347736159096, 40.698712275751], 
            [-122.356171799889, 40.8036271856462], 
            [-122.480422133774, 40.7936447109347], 
            [-122.511331832498, 40.6641603227408], 
            [-122.365875484766, 40.649330502201]
          ]
        ]
      }, 
      "properties" : {
        "OBJECTID" : 18, 
        "Id" : 18, 
        "gridcode" : 3, 
        "Timestamp" : 1790967600000, 
        "Unixtime" : 1790967600, 
        "Shape__Area" : 4667243783.5742188, 
        "Shape__Length" : 328819.27231902367
      }
    }, 
    {
      "type" : "Feature", 
      "id" : 19, 
      "geometry" : 
      {
        "type" : "Polygon", 
        "coordinates" : 
        [
          [
            [-74.0903310039726, 40.5367983345756], 
            [-74.0982989973008, 40.5222562970905], 
            [-74.1426445673928, 40.4979566154055], 
            [-74.0903310039726, 40.4692772353562], 
            [-74.1328959164134, 40.4161183092127], 
            [-74.1846429069445, 40.4096791633628], 
            [-74.302894762783, 40.5043687815941], 
            [-74.2787479658459, 40.6128360135713], 
            [-74.1678525643443, 40.6368299257605], 
            [-74.1137853229342, 40.7043510249799], 
            [-74.0751054817325, 40.6586115057165], 
            [-74.0903310039726, 40.5367983345756]
          ]
        ]
      }, 
      "properties" : {
        "OBJECTID" : 19, 
        "Id" : 19, 
        "gridcode" : 2, 
        "Timestamp" : 1790967600000, 
        "Unixtime" : 1790967600, 
        "Shape__Area" : 660476359.1875, 
        "Shape__Length" : 116088.45008910979
      }
    }, 
    {
      "type" : "Feature", 
      "id" : 20, 
      "geometry" : 
      {
        "type" : "Polygon", 
        "coordinates" : 
        [
          [
            [-122.410886553172, 40.6043194337949], 
            [-122.400472403878, 40.6164063220942], 
            [-122.204609055463, 40.6753748686554], 
            [-122.109694606721, 40.796576500805], 
            [-122.097283962485, 40.9510440554389], 
            [-122.146458891964, 41.0612559721854], 
            [-122.273919805555, 41.1323743595891], 
            [-122.555452572078, 41.1078408541721], 
            [-122.718904353953, 41.0349058362354], 
            [-122.825339118106, 40.9432109604176], 
            [-122.837866674208, 40.7872415379667], 
            [-122.736674957583, 40.6697900787492], 
            [-122.597801647228, 40.6187895255163], 
            [-122.455897621578, 40.6043194337949], 
            [-122.466725459013, 40.5926372404164], 
            [-122.580111982582, 40.5259704971408], 
            [-122.714290831856, 40.4125839735716], 
            [-122.812433846745, 40.3406022370037], 
            [-122.992631005117, 40.3009151551104], 
            [-123.179150397473, 40.3497843150942], 
            [-123.312420931481, 40.4203091499474], 
            [-123.397200020764, 40.5117971816946], 
            [-123.460251489415, 40.6454094580801], 
            [-123.45546709613, 40.7661704224271], 
            [-123.311944290796, 40.9425274756625], 
            [-123.030987090382, 41.0751235181359], 
            [-122.757152520572, 41.1559186107553], 
            [-122.18619093996, 41.279854181925], 
            [-121.866149203423, 41.2671737410754], 
            [-121.792395802424, 41.1587514752005], 
            [-121.889405671534, 40.8406792539445], 
            [-121.974643415062, 40.633169685033], 
            [-122.028377907315, 40.5833742233418], 
            [-122.410886553172, 40.6043194337949]
          ]
        ]
      }, 
      "properties" : {
        "OBJECTID" : 20, 
        "Id" : 20, 
        "gridcode" : 2, 
        "Timestamp" : 1790967600000, 
        "Unixtime" : 1790967600, 
        "Shape__Area" : 12109894571.15625, 
        "Shape__Length" : 774788.513991441
      }
    }, 
    {
      "type" : "Feature", 
      "id" : 21, 
      "geometry" : 
      {
        "type" : "Polygon", 
        "coordinates" : 
        [
          [
            [-74.7655150165048, 39.9291354212627], 
            [-74.909820232018, 39.943857323157], 
            [-75.023494538642, 40.147589739475], 
            [-74.9921261856749, 40.2096249742133], 
            [-74.7939695660426, 40.1855051569375], 
            [-74.6875797679918, 40.0496625618778], 
            [-74.7097840293094, 39.9802618795822], 
            [-74.7550918739908, 39.941222309562], 
            [-74.7655150165048, 39.9291354212627]
          ]
        ]
      }, 
      "properties" : {
        "OBJECTID" : 21, 
        "Id" : 21, 
        "gridcode" : 2, 
        "Timestamp" : 1790967600000, 
        "Unixtime" : 1790967600, 
        "Shape__Area" : 1025804701.2851563, 
        "Shape__Length" : 123574.88895805037
      }
    }, 
    {
      "type" : "Feature", 
      "id" : 22, 
      "geometry" : 
      {
        "type" : "Polygon", 
        "coordinates" : 
        [
          [
            [-75.8457986446916, 39.6815700484191], 
            [-75.8734258179471, 39.6896819332747], 
            [-75.8534968414061, 39.7077493131803], 
            [-75.8457986446916, 39.6815700484191]
          ]
        ]
      }, 
      "properties" : {
        "OBJECTID" : 22, 
        "Id" : 22, 
        "gridcode" : 2, 
        "Timestamp" : 1790967600000, 
        "Unixtime" : 1790967600, 
        "Shape__Area" : 5321209.07421875, 
        "Shape__Length" : 10603.361594361008
      }
    }, 
    {
      "type" : "Feature", 
      "id" : 23, 
      "geometry" : 
      {
        "type" : "Polygon", 
        "coordinates" : 
        [
          [
            [-76.7910580608807, 38.9388649366676], 
            [-76.844855505677, 38.9733089710323], 
            [-76.8228670816504, 39.0600305959354], 
            [-76.7434929178638, 39.0823427758985], 
            [-76.7185007582034, 38.9934178119825], 
            [-76.7822716844906, 38.9525885910907], 
            [-76.7910580608807, 38.9388649366676]
          ]
        ]
      }, 
      "properties" : {
        "OBJECTID" : 23, 
        "Id" : 23, 
        "gridcode" : 2, 
        "Timestamp" : 1790967600000, 
        "Unixtime" : 1790967600, 
        "Shape__Area" : 183801783.7109375, 
        "Shape__Length" : 54253.888000254221
      }
    }, 
    {
      "type" : "Feature", 
      "id" : 24, 
      "geometry" : 
      {
        "type" : "Polygon", 
        "coordinates" : 
        [
          [
            [-119.327551924981, 36.0130735445085], 
            [-119.469986550639, 36.0282361142054], 
            [-119.483647252519, 36.3729552476866], 
            [-119.396359054727, 36.467159232013], 
            [-119.255795018925, 36.5415421584439], 
            [-119.117092579759, 36.459838750558], 
            [-119.069167707923, 36.3230878402317], 
            [-119.113315427165, 36.2489567239737], 
            [-119.327551924981, 36.0130735445085]
          ]
        ]
      }, 
      "properties" : {
        "OBJECTID" : 24, 
        "Id" : 24, 
        "gridcode" : 2, 
        "Timestamp" : 1790967600000, 
        "Unixtime" : 1790967600, 
        "Shape__Area" : 2296367271.7148438, 
        "Shape__Length" : 189028.73080726003
      }
    }, 
    {
      "type" : "Feature", 
      "id" : 25, 
      "geometry" : 
      {
        "type" : "Polygon", 
        "coordinates" : 
        [
          [
            [-79.3567519125706, 35.9680624761025], 
            [-79.4796712498282, 35.9841423542863], 
            [-79.6085890651332, 36.1659672855619], 
            [-79.6538339572713, 36.2891833990947], 
            [-79.6689965269681, 36.4778971372432], 
            [-79.6257301433314, 36.668373546602], 
            [-79.5381002031618, 36.7304987135449], 
            [-79.4020327775905, 36.7804740396453], 
            [-79.2177616903497, 36.7952768805237], 
            [-79.0543548745777, 36.7581528664617], 
            [-78.9507709613108, 36.6932757740578], 
            [-78.8771344721781, 36.5613002637962], 
            [-78.8697960042821, 36.4699831032377], 
            [-78.9120281675658, 36.2841202159753], 
            [-79.0117000299324, 36.1684314279681], 
            [-79.2321328566459, 36.0847764912422], 
            [-79.3255004714695, 36.0043321342207], 
            [-79.3567519125706, 35.9680624761025]
          ]
        ]
      }, 
      "properties" : {
        "OBJECTID" : 25, 
        "Id" : 25, 
        "gridcode" : 2, 
        "Timestamp" : 1790967600000, 
        "Unixtime" : 1790967600, 
        "Shape__Area" : 7594595613.3554688, 
        "Shape__Length" : 323968.68052672129
      }
    }, 
    {
      "type" : "Feature", 
      "id" : 26, 
      "geometry" : 
      {
        "type" : "Polygon", 
        "coordinates" : 
        [
          [
            [-120.250301310357, 35.4054106311958], 
            [-120.338812586132, 35.420816017845], 
            [-120.414670400718, 35.5498597382364], 
            [-120.440364031575, 35.7563890461176], 
            [-120.393194590258, 35.9301470586399], 
            [-120.302731785643, 36.0431109008475], 
            [-120.135439898632, 36.0639212129936], 
            [-119.929369244995, 35.9387535706209], 
            [-119.812682209516, 35.7790069955765], 
            [-119.837098803067, 35.6649190008113], 
            [-120.233519960977, 35.4263648348693], 
            [-120.250301310357, 35.4054106311958]
          ]
        ]
      }, 
      "properties" : {
        "OBJECTID" : 26, 
        "Id" : 26, 
        "gridcode" : 2, 
        "Timestamp" : 1790967600000, 
        "Unixtime" : 1790967600, 
        "Shape__Area" : 4286827029.265625, 
        "Shape__Length" : 248232.24674084559
      }
    }, 
    {
      "type" : "Feature", 
      "id" : 27, 
      "geometry" : 
      {
        "type" : "Polygon", 
        "coordinates" : 
        [
          [
            [-80.2795012979465, 35.3153884943836], 
            [-80.4012784962056, 35.3272775318327], 
            [-80.5339644708836, 35.4335324315765], 
            [-80.6270982619752, 35.6398009360644], 
            [-80.5897314309607, 35.7717674531055], 
            [-80.4051186013423, 35.7947271449419], 
            [-80.2031668426756, 35.7096332929422], 
            [-80.1374713672097, 35.6196920951142], 
            [-80.1307714179665, 35.5658316977747], 
            [-80.1695142117114, 35.4303488315334], 
            [-80.2194985310323, 35.3679178950949], 
            [-80.2694918435737, 35.3278800776036], 
            [-80.2795012979465, 35.3153884943836]
          ]
        ]
      }, 
      "properties" : {
        "OBJECTID" : 27, 
        "Id" : 27, 
        "gridcode" : 2, 
        "Timestamp" : 1790967600000, 
        "Unixtime" : 1790967600, 
        "Shape__Area" : 2605972469.7421875, 
        "Shape__Length" : 189881.06554628495
      }
    }, 
    {
      "type" : "Feature", 
      "id" : 28, 
      "geometry" : 
      {
        "type" : "Polygon", 
        "coordinates" : 
        [
          [
            [-118.854931210107, 35.2703774259775], 
            [-118.900427912418, 35.2833816227638], 
            [-118.933316119643, 35.3984049124568], 
            [-119.058321884048, 35.3828556342802], 
            [-119.135007074917, 35.4878334967186], 
            [-119.04664868389, 35.6374716919651], 
            [-118.901920787015, 35.6554761193275], 
            [-118.732389588109, 35.4434969198471], 
            [-118.757120944376, 35.3531780067597], 
            [-118.844921755734, 35.2828690091975], 
            [-118.854931210107, 35.2703774259775]
          ]
        ]
      }, 
      "properties" : {
        "OBJECTID" : 28, 
        "Id" : 28, 
        "gridcode" : 2, 
        "Timestamp" : 1790967600000, 
        "Unixtime" : 1790967600, 
        "Shape__Area" : 1367632006.4804688, 
        "Shape__Length" : 154237.92959744917
      }
    }, 
    {
      "type" : "Feature", 
      "id" : 29, 
      "geometry" : 
      {
        "type" : "Polygon", 
        "coordinates" : 
        [
          [
            [-119.282540856575, 34.7977477178829], 
            [-119.51432312751, 34.8083057587039], 
            [-119.673089441524, 34.9187065330801], 
            [-119.742472137379, 35.0774818403148], 
            [-119.713540947157, 35.2479663205893], 
            [-119.591745762457, 35.3214409317537], 
            [-119.304448341618, 35.2460237849698], 
            [-119.187464529864, 35.1079958373381], 
            [-119.115195010241, 34.9881971475804], 
            [-119.142084739419, 34.8639198340332], 
            [-119.272738246273, 34.8104461451736], 
            [-119.282540856575, 34.7977477178829]
          ]
        ]
      }, 
      "properties" : {
        "OBJECTID" : 29, 
        "Id" : 29, 
        "gridcode" : 2, 
        "Timestamp" : 1790967600000, 
        "Unixtime" : 1790967600, 
        "Shape__Area" : 3598282855.078125, 
        "Shape__Length" : 222279.98484910352
      }
    }, 
    {
      "type" : "Feature", 
      "id" : 30, 
      "geometry" : 
      {
        "type" : "Polygon", 
        "coordinates" : 
        [
          [
            [-117.752128557887, 34.0100315377254], 
            [-117.873905756146, 34.0219205751745], 
            [-117.96221018785, 34.0926342676574], 
            [-117.986231079701, 34.2857187109498], 
            [-117.892602661484, 34.4026485633806], 
            [-117.746246991705, 34.3683664069842], 
            [-117.679814072162, 34.1955436893898], 
            [-117.717126943853, 34.0650520605043], 
            [-117.752128557887, 34.0100315377254]
          ]
        ]
      }, 
      "properties" : {
        "OBJECTID" : 30, 
        "Id" : 30, 
        "gridcode" : 2, 
        "Timestamp" : 1790967600000, 
        "Unixtime" : 1790967600, 
        "Shape__Area" : 1343346836.3125, 
        "Shape__Length" : 140096.43615261448
      }
    }, 
    {
      "type" : "Feature", 
      "id" : 31, 
      "geometry" : 
      {
        "type" : "Polygon", 
        "coordinates" : 
        [
          [
            [-119.777680595483, 33.9200094009132], 
            [-119.888153315623, 33.9387782520148], 
            [-119.922516411004, 34.0227389582364], 
            [-119.96752747941, 34.0574797688763], 
            [-119.937589048496, 34.1075180475199], 
            [-119.655156959926, 34.0611220231629], 
            [-119.500626452749, 34.0839558099128], 
            [-119.489034191575, 34.0055169410541], 
            [-119.539917832942, 33.9748230796215], 
            [-119.764856263106, 33.9366108858837], 
            [-119.777680595483, 33.9200094009132]
          ]
        ]
      }, 
      "properties" : {
        "OBJECTID" : 31, 
        "Id" : 31, 
        "gridcode" : 1, 
        "Timestamp" : 1790967600000, 
        "Unixtime" : 1790967600, 
        "Shape__Area" : 837962710.890625, 
        "Shape__Length" : 134162.34887225911
      }
    }, 
    {
      "type" : "Feature", 
      "id" : 32, 
      "geometry" : 
      {
        "type" : "Polygon", 
        "coordinates" : 
        [
          [
            [-120.04774700592, 33.8749983325071], 
            [-120.181368275525, 33.8886230615051], 
            [-120.238214422058, 33.9546063200257], 
            [-120.262397191877, 33.9754346186128], 
            [-120.28333340911, 33.9997432935182], 
            [-120.427467753434, 33.9881600255648], 
            [-120.485779794902, 34.0383961550586], 
            [-120.451803408001, 34.0852688201001], 
            [-120.352536240555, 34.0932458066487], 
            [-120.250849896805, 34.0365165719823], 
            [-120.022008408961, 34.0548987146041], 
            [-119.99232178822, 34.0204456870189], 
            [-119.947850313041, 33.9821345678561], 
            [-119.943758397732, 33.9312599197096], 
            [-120.033942412512, 33.8910152581477], 
            [-120.04774700592, 33.8749983325071]
          ]
        ]
      }, 
      "properties" : {
        "OBJECTID" : 32, 
        "Id" : 32, 
        "gridcode" : 1, 
        "Timestamp" : 1790967600000, 
        "Unixtime" : 1790967600, 
        "Shape__Area" : 898198303.94921875, 
        "Shape__Length" : 150640.42077548828
      }
    }, 
    {
      "type" : "Feature", 
      "id" : 33, 
      "geometry" : 
      {
        "type" : "Polygon", 
        "coordinates" : 
        [
          [
            [-118.179747197575, 33.8524883016938], 
            [-118.277674375172, 33.8630823153966], 
            [-118.2942129076, 33.9219249568713], 
            [-118.207194506421, 33.9600831912863], 
            [-118.148918437836, 33.9227793128151], 
            [-118.179747197575, 33.8524883016938]
          ]
        ]
      }, 
      "properties" : {
        "OBJECTID" : 33, 
        "Id" : 33, 
        "gridcode" : 2, 
        "Timestamp" : 1790967600000, 
        "Unixtime" : 1790967600, 
        "Shape__Area" : 158587408.91015625, 
        "Shape__Length" : 48278.306643976852
      }
    }, 
    {
      "type" : "Feature", 
      "id" : 34, 
      "geometry" : 
      {
        "type" : "Polygon", 
        "coordinates" : 
        [
          [
            [-117.211986743793, 33.7624661648817], 
            [-117.312692826513, 33.7799939515597], 
            [-117.443957872358, 33.885106712305], 
            [-117.462789676003, 34.0364985855414], 
            [-117.37041131543, 34.0720038199204], 
            [-117.312378063797, 34.0647912571109], 
            [-117.16020378038, 34.1759474620059], 
            [-117.036052371919, 34.2113987370622], 
            [-116.976912954169, 34.1640404381158], 
            [-117.010988266495, 33.9955254731221], 
            [-117.125346057874, 33.8072524027763], 
            [-117.20197728942, 33.7749667413221], 
            [-117.211986743793, 33.7624661648817]
          ]
        ]
      }, 
      "properties" : {
        "OBJECTID" : 34, 
        "Id" : 34, 
        "gridcode" : 2, 
        "Timestamp" : 1790967600000, 
        "Unixtime" : 1790967600, 
        "Shape__Area" : 2018631468.8046875, 
        "Shape__Length" : 179238.50297531358
      }
    }, 
    {
      "type" : "Feature", 
      "id" : 35, 
      "geometry" : 
      {
        "type" : "Polygon", 
        "coordinates" : 
        [
          [
            [-117.324509918198, 33.6499339972562], 
            [-117.353764864357, 33.6624525601376], 
            [-117.33353011832, 33.7010784420166], 
            [-117.324509918198, 33.6499339972562]
          ]
        ]
      }, 
      "properties" : {
        "OBJECTID" : 35, 
        "Id" : 35, 
        "gridcode" : 2, 
        "Timestamp" : 1790967600000, 
        "Unixtime" : 1790967600, 
        "Shape__Area" : 10299500.75390625, 
        "Shape__Length" : 16213.361060280007
      }
    }, 
    {
      "type" : "Feature", 
      "id" : 36, 
      "geometry" : 
      {
        "type" : "Polygon", 
        "coordinates" : 
        [
          [
            [-118.2922793652, 33.2673354191943], 
            [-118.488079761072, 33.303047497644], 
            [-118.527748856524, 33.391954475119], 
            [-118.617375291636, 33.431947326508], 
            [-118.623382762904, 33.5067439410801], 
            [-118.562345775637, 33.5018336427085], 
            [-118.527964693816, 33.5046035546104], 
            [-118.449552804618, 33.4608515370688], 
            [-118.366005786538, 33.4356974994402], 
            [-118.326867291093, 33.3902817361133], 
            [-118.266288958069, 33.3380850845591], 
            [-118.2922793652, 33.2673354191943]
          ]
        ]
      }, 
      "properties" : {
        "OBJECTID" : 36, 
        "Id" : 36, 
        "gridcode" : 1, 
        "Timestamp" : 1790967600000, 
        "Unixtime" : 1790967600, 
        "Shape__Area" : 658588055.16796875, 
        "Shape__Length" : 114338.21290197145
      }
    }, 
    {
      "type" : "Feature", 
      "id" : 37, 
      "geometry" : 
      {
        "type" : "Polygon", 
        "coordinates" : 
        [
          [
            [-119.46259412342, 33.1773042891617], 
            [-119.493674693332, 33.1912347876554], 
            [-119.583049318271, 33.2122789235336], 
            [-119.619750650972, 33.2941981687106], 
            [-119.550206077149, 33.3158628368005], 
            [-119.41399476005, 33.2694398327822], 
            [-119.400001309013, 33.2245097033602], 
            [-119.4540145911, 33.1912347876554], 
            [-119.46259412342, 33.1773042891617]
          ]
        ]
      }, 
      "properties" : {
        "OBJECTID" : 37, 
        "Id" : 37, 
        "gridcode" : 1, 
        "Timestamp" : 1790967600000, 
        "Unixtime" : 1790967600, 
        "Shape__Area" : 276642329.42578125, 
        "Shape__Length" : 66273.7132582574
      }
    }, 
    {
      "type" : "Feature", 
      "id" : 38, 
      "geometry" : 
      {
        "type" : "Polygon", 
        "coordinates" : 
        [
          [
            [-118.404802539605, 32.7721956802865], 
            [-118.467764076051, 32.792133650048], 
            [-118.545519460155, 32.8641783391591], 
            [-118.640685719071, 33.0440337551537], 
            [-118.582841325067, 33.0705367758516], 
            [-118.304150416209, 32.8123234299824], 
            [-118.393983695391, 32.783877873665], 
            [-118.404802539605, 32.7721956802865]
          ]
        ]
      }, 
      "properties" : {
        "OBJECTID" : 38, 
        "Id" : 38, 
        "gridcode" : 1, 
        "Timestamp" : 1790967600000, 
        "Unixtime" : 1790967600, 
        "Shape__Area" : 575474050.07421875, 
        "Shape__Length" : 112678.16009731099
      }
    }, 
    {
      "type" : "Feature", 
      "id" : 39, 
      "geometry" : 
      {
        "type" : "Polygon", 
        "coordinates" : 
        [
          [
            [-88.899332238392, 30.1840007910038], 
            [-89.0204439383371, 30.1939922589357], 
            [-88.9966748566592, 30.2306036594314], 
            [-88.8385740409591, 30.2826024601355], 
            [-88.8407504003106, 30.2287330695756], 
            [-88.8907527060725, 30.1979222962771], 
            [-88.899332238392, 30.1840007910038]
          ]
        ]
      }, 
      "properties" : {
        "OBJECTID" : 39, 
        "Id" : 39, 
        "gridcode" : 1, 
        "Timestamp" : 1790967600000, 
        "Unixtime" : 1790967600, 
        "Shape__Area" : 141471738.75, 
        "Shape__Length" : 53597.839668067973
      }
    }, 
    {
      "type" : "Feature", 
      "id" : 40, 
      "geometry" : 
      {
        "type" : "Polygon", 
        "coordinates" : 
        [
          [
            [-88.8768222075788, 29.7113710829092], 
            [-88.936123503297, 29.7214434898253], 
            [-88.8834322246174, 29.8087946401606], 
            [-88.9246031878868, 29.8770441902373], 
            [-88.8634313023127, 29.9242585976563], 
            [-88.9091348486943, 30.0810014370667], 
            [-88.8085097049589, 30.05217816549], 
            [-88.7827081554569, 29.8776287495672], 
            [-88.8191127118821, 29.7886947924308], 
            [-88.8768222075788, 29.7113710829092]
          ]
        ]
      }, 
      "properties" : {
        "OBJECTID" : 40, 
        "Id" : 40, 
        "gridcode" : 1, 
        "Timestamp" : 1790967600000, 
        "Unixtime" : 1790967600, 
        "Shape__Area" : 443183903.47851563, 
        "Shape__Length" : 117490.46346089442
      }
    }, 
    {
      "type" : "Feature", 
      "id" : 41, 
      "geometry" : 
      {
        "type" : "Polygon", 
        "coordinates" : 
        [
          [
            [-103.078160528685, 28.3159919894388], 
            [-103.370656030951, 28.3464790068008], 
            [-103.641208075292, 28.4453324861054], 
            [-103.867630386833, 28.6096566103644], 
            [-104.017070731229, 28.7917963043561], 
            [-104.137076265058, 29.0126248327699], 
            [-104.214085211863, 29.3001740637821], 
            [-104.187762055574, 29.7409048189023], 
            [-104.06920443024, 30.0493003349426], 
            [-103.958389967723, 30.2235439813697], 
            [-103.783390890777, 30.4193983365641], 
            [-103.577563054092, 30.5312470194345], 
            [-103.241774188528, 30.5512659281801], 
            [-102.934242021652, 30.4562975201146], 
            [-102.705193689737, 30.3229460471225], 
            [-102.487198025768, 30.1529112278709], 
            [-102.324771471027, 29.943324225033], 
            [-102.227500798523, 29.7643321582026], 
            [-102.170672638431, 29.6059525526683], 
            [-102.122289112353, 29.333664816778], 
            [-102.150428899174, 29.1027189153457], 
            [-102.205251571103, 28.9251567705686], 
            [-102.339052705118, 28.6953440149144], 
            [-102.584306820303, 28.4774922424731], 
            [-102.845667793334, 28.3624509663391], 
            [-103.067539535321, 28.327881026888], 
            [-103.078160528685, 28.3159919894388]
          ]
        ]
      }, 
      "properties" : {
        "OBJECTID" : 41, 
        "Id" : 41, 
        "gridcode" : 1, 
        "Timestamp" : 1790967600000, 
        "Unixtime" : 1790967600, 
        "Shape__Area" : 51195035517.398438, 
        "Shape__Length" : 813900.58455147443
      }
    }, 
    {
      "type" : "Feature", 
      "id" : 42, 
      "geometry" : 
      {
        "type" : "Polygon", 
        "coordinates" : 
        [
          [
            [-79.2217187073524, 25.4577216964991], 
            [-79.2830614641152, 25.4748088153746], 
            [-79.3440534852801, 25.6299328751022], 
            [-79.3174515391571, 25.7798858330648], 
            [-79.2170242462719, 25.7947336400455], 
            [-79.2073385478357, 25.7291640696662], 
            [-79.2315213176547, 25.670078611239], 
            [-79.2990334236535, 25.6424514379835], 
            [-79.2794282030491, 25.6025665052401], 
            [-79.2315213176547, 25.5379412230091], 
            [-79.2217187073524, 25.4577216964991]
          ]
        ]
      }, 
      "properties" : {
        "OBJECTID" : 42, 
        "Id" : 42, 
        "gridcode" : 1, 
        "Timestamp" : 1790967600000, 
        "Unixtime" : 1790967600, 
        "Shape__Area" : 358584500.02734375, 
        "Shape__Length" : 106689.16478940351
      }
    }, 
    {
      "type" : "Feature", 
      "id" : 43, 
      "geometry" : 
      {
        "type" : "Polygon", 
        "coordinates" : 
        [
          [
            [-80.7521310060411, 24.8950698515924], 
            [-80.8540961396251, 24.9061494992001], 
            [-80.8527381633355, 24.9726903373892], 
            [-80.8756888619514, 24.996576330933], 
            [-80.9211495913805, 25.0186277075028], 
            [-80.9657109987635, 25.0865984677451], 
            [-81.1650457302762, 25.1190460071676], 
            [-81.2011804900875, 25.2600507107717], 
            [-81.1639395641595, 25.3688686783469], 
            [-81.2064145443957, 25.4564266727528], 
            [-81.3188837594779, 25.6458868481995], 
            [-81.3712692686617, 25.6713016892216], 
            [-81.4269732761957, 25.7562606429144], 
            [-81.4838014362872, 25.7838338568471], 
            [-81.6328640654242, 25.8606269663615], 
            [-81.6845930695145, 25.8067935486834], 
            [-81.7674835825013, 25.9139567636938], 
            [-81.7984382473272, 26.009347853121], 
            [-81.8328732884714, 26.109946017195], 
            [-81.8826057976194, 26.3647239528482], 
            [-81.9573124799869, 26.4153557840423], 
            [-82.1563864081062, 26.411290848394], 
            [-82.2171176258777, 26.500881310624], 
            [-82.2719672774678, 26.6611225127938], 
            [-82.3234264849443, 26.8197179556192], 
            [-82.426030137181, 26.9710738559738], 
            [-82.5745441798699, 27.2447645342559], 
            [-82.7882860505607, 27.5419634908225], 
            [-82.7893922166774, 27.5957969085006], 
            [-82.7866762640983, 27.728626774706], 
            [-82.8839199569404, 27.8720776342755], 
            [-82.8561848650394, 28.0346660669855], 
            [-82.889729577358, 28.2313298120213], 
            [-82.8341514749106, 28.2599642259683], 
            [-82.7830160233707, 28.2589210123949], 
            [-82.699208201897, 28.5037704326594], 
            [-82.6969329171204, 28.6150795223022], 
            [-82.721187632703, 28.6650638416231], 
            [-82.7661447417863, 28.7523340529742], 
            [-82.7675117112964, 28.8192526064227], 
            [-82.7435897448707, 28.9125932415849], 
            [-82.8116594305382, 28.934689584257], 
            [-82.851004770054, 29.1362096683416], 
            [-82.9673590563753, 29.1385838785432], 
            [-82.991712697383, 29.1151835189044], 
            [-83.0565807965664, 29.0476714129055], 
            [-83.105153180275, 29.0930781830118], 
            [-83.1033635294033, 29.1804563130085], 
            [-83.1336437026947, 29.2428692630062], 
            [-83.209420578297, 29.2796335482497], 
            [-83.2404292024457, 29.3435483660643], 
            [-83.318274518754, 29.4183449806364], 
            [-83.3513605768291, 29.4527800217806], 
            [-83.4172808828065, 29.4847599137391], 
            [-83.4413827136412, 29.632824295405], 
            [-83.5933321665462, 29.7324511916692], 
            [-83.6416887129637, 29.8321230540358], 
            [-83.7291477819445, 29.9231524315396], 
            [-83.8015072337718, 29.9479197606885], 
            [-83.8465003157369, 29.9470024522015], 
            [-83.88715866544, 29.9893245476898], 
            [-84.0464825591228, 30.0713966776146], 
            [-84.2940029658641, 30.0311070499505], 
            [-84.323941396778, 29.8777366682128], 
            [-84.5441314065391, 29.8822242852227], 
            [-84.5446350268849, 29.8576638001443], 
            [-84.543465908225, 29.8005118841162], 
            [-84.6571582012899, 29.7453564630304], 
            [-84.7689978909398, 29.6604964347627], 
            [-85.0029475280059, 29.5655999724608], 
            [-85.0613944677804, 29.5644038741395], 
            [-85.1068282175481, 29.5878132269989], 
            [-85.1522889469773, 29.6098646035687], 
            [-85.238632856621, 29.6543450719675], 
            [-85.2871063149044, 29.6553343262183], 
            [-85.3986312418383, 29.6530590414417], 
            [-85.4443437814403, 29.7866173585044], 
            [-85.44531504925, 29.8340925693167], 
            [-85.4215909336746, 29.9034033194077], 
            [-85.5123864874464, 29.947461106445], 
            [-85.601967956456, 30.0154318666874], 
            [-85.714940791884, 30.0824943116633], 
            [-85.9345282558742, 30.2156569270256], 
            [-86.2621962433619, 30.3278113793917], 
            [-86.5856194307921, 30.3750797461334], 
            [-86.8402534749179, 30.3530193763433], 
            [-87.1323802551446, 30.3075586469141], 
            [-87.3353842206052, 30.2854982771238], 
            [-87.8108827660268, 30.2009260319109], 
            [-88.1005633902882, 30.1950174860682], 
            [-88.1885260796148, 30.2251267881708], 
            [-88.3706657736065, 30.1954761403117], 
            [-88.447557808546, 30.1691529840231], 
            [-88.5519511116544, 30.1959078148938], 
            [-88.6120977700959, 30.1946847369111], 
            [-88.8203357898648, 30.2237508254403], 
            [-88.7892012606296, 30.2791490634786], 
            [-88.3973216790522, 30.2290658187326], 
            [-88.1666365810133, 30.2853004262737], 
            [-88.2806346435739, 30.3075586469141], 
            [-88.3238470678878, 30.3525337424384], 
            [-88.3481377563524, 30.3530283695637], 
            [-88.4762731614771, 30.2870181313817], 
            [-88.5961437969986, 30.2845719754164], 
            [-88.6407231908225, 30.3309769929939], 
            [-88.7460068227566, 30.3288276133038], 
            [-88.989642158259, 30.3703852850529], 
            [-89.0679011627084, 30.3300596845069], 
            [-89.1583729605437, 30.3080083079371], 
            [-89.2479544295532, 30.2850486161008], 
            [-89.3758650041665, 30.2538691207634], 
            [-89.4063969876308, 30.194603797927], 
            [-89.4052548486323, 30.1389897225977], 
            [-89.4068646350948, 30.0604429350935], 
            [-89.3604776039582, 30.0824943116633], 
            [-89.2277376699574, 30.1724714823731], 
            [-89.158399940205, 30.1738924112059], 
            [-89.1579143063001, 30.1500333973235], 
            [-89.1810358761047, 30.1051482340039], 
            [-89.1501441638221, 30.0754706064834], 
            [-89.1808919845774, 29.9253647637729], 
            [-89.1799746760904, 29.8803806750282], 
            [-89.2033840289497, 29.8578886306558], 
            [-89.22544439874, 29.8124279012267], 
            [-89.2484040905763, 29.7903675314365], 
            [-89.270455467146, 29.7449068020074], 
            [-89.3609542446426, 29.701001899718], 
            [-89.3603157259899, 29.6697414653964], 
            [-89.4951780600194, 29.5813201218263], 
            [-89.4977771007326, 29.4539401472201], 
            [-89.4457962864694, 29.427158336688], 
            [-89.2921021487951, 29.4302969706288], 
            [-89.2267484157068, 29.3622722510636], 
            [-89.1800106489722, 29.3632255324325], 
            [-89.1358719229508, 29.3172881623189], 
            [-89.1129122311145, 29.2952367857491], 
            [-89.0696368542573, 29.2501897444612], 
            [-88.9786524428559, 29.2206650016885], 
            [-88.9774563445346, 29.162020211064], 
            [-89.0339157825873, 29.1032585085734], 
            [-89.0900514647033, 29.0493171722498], 
            [-89.1234882583764, 28.980402123859], 
            [-89.2015404187553, 28.9788103238375], 
            [-89.225894059763, 29.0022016902559], 
            [-89.2580897890125, 29.0357104296926], 
            [-89.3159161965751, 28.9801503136861], 
            [-89.3807393296563, 28.9126831737895], 
            [-89.450472761109, 28.9112622449567], 
            [-89.4509673882343, 28.9351212588391], 
            [-89.3562507903416, 29.0913065185811], 
            [-89.4297343947265, 29.1151475460225], 
            [-89.5052594601559, 29.1937662792904], 
            [-89.6085016310454, 29.2272660255068], 
            [-89.6957628491761, 29.2722231345901], 
            [-89.8739545193855, 29.2758563956562], 
            [-89.9456394796781, 29.2272660255068], 
            [-90.0136102399206, 29.1827046181237], 
            [-90.1393624416233, 29.0974578813762], 
            [-90.2349783615621, 29.0482020129127], 
            [-90.3498937326096, 29.0458547823724], 
            [-90.380857390656, 29.0780864845037], 
            [-90.4679027714956, 29.0332372940659], 
            [-90.5760822204181, 29.0702623827029], 
            [-90.6625970012505, 29.0256919820994], 
            [-90.8445928037149, 29.0219777820491], 
            [-90.9551554560594, 29.1370550310649], 
            [-91.0713928305147, 29.1597449262874], 
            [-91.1384642687109, 29.1827046181237], 
            [-91.292329277574, 29.2202153406655], 
            [-91.3860296415547, 29.3177378233419], 
            [-91.4310407099607, 29.3609862205377], 
            [-91.4089803401705, 29.4077599601541], 
            [-91.3669730073983, 29.4481305268025], 
            [-91.4765014393898, 29.4748313983504], 
            [-91.5210628467729, 29.4977910901867], 
            [-91.566523576202, 29.5198424667565], 
            [-91.5885839459922, 29.5878132269989], 
            [-91.6574720147216, 29.6101703730644], 
            [-91.655214716386, 29.7209938288022], 
            [-91.7465498633854, 29.7228554254376], 
            [-91.8780847058445, 29.6778353638111], 
            [-91.9054780553679, 29.7010468658203], 
            [-91.9032117638118, 29.8124279012267], 
            [-91.9491311474844, 29.7903675314365], 
            [-91.9936925548674, 29.7674078396002], 
            [-92.084191332364, 29.7235029373108], 
            [-92.0834808679476, 29.6888610520959], 
            [-92.0841823391436, 29.6544080245108], 
            [-92.0276779349887, 29.6555681499502], 
            [-91.9714073545657, 29.6544170177312], 
            [-91.8395937222724, 29.657105990649], 
            [-91.7693027111512, 29.620899285074], 
            [-91.6577777842173, 29.5667870775617], 
            [-91.7668295755244, 29.4532836421265], 
            [-91.835564759506, 29.4518806997346], 
            [-92.096682915584, 29.5648535351626], 
            [-92.1741954827353, 29.5428021585928], 
            [-92.3056943523125, 29.4977910901867], 
            [-92.6769165064915, 29.570150542014], 
            [-92.9994133922142, 29.6921975368869], 
            [-93.2536787143012, 29.7573624123455], 
            [-93.3224228915032, 29.7219471101711], 
            [-93.6348383770894, 29.7283233034777], 
            [-93.7882807045908, 29.6909204995815], 
            [-93.8187587287323, 29.6280938614426], 
            [-93.9751778122062, 29.6601367059443], 
            [-94.1082594885845, 29.6276891665219], 
            [-94.6718736080805, 29.4093787398371], 
            [-94.6723772284263, 29.3848272479792], 
            [-94.6444532788956, 29.3306161150418], 
            [-94.7921849114045, 29.2589401479696], 
            [-95.0547509759767, 29.0959020542365], 
            [-95.2575211177054, 28.93513924528], 
            [-95.2974779962125, 28.8935545938695], 
            [-95.3696036243078, 28.8446584542244], 
            [-95.4590322085695, 28.8156373317975], 
            [-95.7904593622097, 28.6449100345705], 
            [-96.2052986356235, 28.4730316051246], 
            [-96.4273862149018, 28.3045166401309], 
            [-96.6778743843953, 28.1625046958351], 
            [-96.9194502724121, 27.9709760796824], 
            [-97.0202283008953, 27.838164199918], 
            [-97.058458481074, 27.7639431514553], 
            [-97.0573163420755, 27.7078884083235], 
            [-97.1564576044348, 27.6597926652993], 
            [-97.3269780575912, 27.2788758194636], 
            [-97.335836379745, 26.8448360203661], 
            [-97.2835228163249, 26.6836325436071], 
            [-97.2191583374872, 26.4955753105522], 
            [-97.1502882551987, 26.2268488899644], 
            [-97.103019888457, 25.9034257025342], 
            [-97.156988204442, 25.6495740685885], 
            [-97.3818277091814, 25.2708155956633], 
            [-97.6841258217492, 25.1793365571365], 
            [-98.0190783178101, 25.1450993668424], 
            [-98.3757404480632, 25.1886805131952], 
            [-98.6681640045651, 25.2835769754971], 
            [-98.9345971539354, 25.434627106356], 
            [-99.2055898660794, 25.6949988251358], 
            [-99.6214543666257, 26.208259903272], 
            [-100.13565073969, 26.6557715466196], 
            [-100.333312732197, 26.8912410379436], 
            [-100.450575333785, 27.1188684410258], 
            [-100.522889819509, 27.3301461693103], 
            [-100.532134850143, 27.7827749551002], 
            [-100.439046025154, 28.0696227149164], 
            [-100.291458284172, 28.3299404743735], 
            [-100.186354516648, 28.4625095371855], 
            [-100.011220541395, 28.6794709808012], 
            [-99.907133007782, 28.8511155865152], 
            [-99.8355469729144, 29.06025292833], 
            [-99.7411901038402, 29.6807401740199], 
            [-99.6498099907385, 30.0047119478982], 
            [-99.601201634148, 30.1279550410924], 
            [-99.1513787331419, 31.0498320840835], 
            [-99.0415445316548, 31.3707101901232], 
            [-98.9935297276148, 31.6521979905449], 
            [-99.015590097405, 32.0409749110634], 
            [-99.094091918807, 32.6383495801691], 
            [-99.1446877771191, 33.1555946549694], 
            [-99.1939616320236, 33.407998380421], 
            [-99.2810339925247, 33.6287549630712], 
            [-99.5786916033348, 34.1560994244489], 
            [-99.8435869120063, 34.6442424378383], 
            [-99.9802209104666, 34.8285584911815], 
            [-100.132107410828, 34.9438066113861], 
            [-100.245197158122, 34.8781561020226], 
            [-100.518770924539, 34.4375782316502], 
            [-100.766857904169, 34.1376813089453], 
            [-101.046313236766, 33.9192179975126], 
            [-101.258004653192, 33.7973059009466], 
            [-101.707890506741, 33.5790404403641], 
            [-101.893969231295, 33.4002552176043], 
            [-101.94754184558, 33.1912347876554], 
            [-102.007562598935, 32.6999711267662], 
            [-102.09568716623, 32.387537654739], 
            [-102.20344393379, 32.1654320890198], 
            [-102.379621122617, 31.917084305996], 
            [-102.674050167281, 31.6509749125622], 
            [-102.936256503035, 31.4732329033758], 
            [-103.613275132541, 31.0338511313247], 
            [-103.888593583727, 30.939620167337], 
            [-104.144594597363, 30.9068938380802], 
            [-104.980028805285, 30.9239449840738], 
            [-105.241452730859, 30.8729084579591], 
            [-105.38571298027, 30.8260987454608], 
            [-105.83151591173, 30.6735107739032], 
            [-106.07706680319, 30.6232116918662], 
            [-106.530810748317, 30.6139486747916], 
            [-106.794375060361, 30.665407882268], 
            [-106.994114486794, 30.7302220221287], 
            [-107.292887256941, 30.8751657562947], 
            [-107.456267093052, 30.9822929984232], 
            [-107.880855017445, 31.2876488059477], 
            [-108.072401620039, 31.3653412375082], 
            [-108.287672338208, 31.3375971523868], 
            [-108.858849756111, 31.0433569653517], 
            [-109.052383860427, 30.9648551439498], 
            [-109.663041516153, 30.7666895310971], 
            [-109.904932166886, 30.6599579906688], 
            [-110.296685843377, 30.4581501235294], 
            [-110.566527423302, 30.3560321051976], 
            [-110.848060189826, 30.3080083079371], 
            [-111.179136607868, 30.3344393828713], 
            [-111.366186600231, 30.3951436209814], 
            [-111.620865610459, 30.5357436296649], 
            [-111.907380621119, 30.8110261079686], 
            [-112.063925609679, 31.0286890227803], 
            [-112.34851607116, 31.46277378798], 
            [-112.624356129132, 31.7498643647487], 
            [-112.783599083831, 31.8578099899391], 
            [-113.048242582329, 31.9723116728455], 
            [-113.381495359723, 31.9791105475138], 
            [-113.590659681199, 31.8966157362273], 
            [-114.133652346179, 31.5930675660155], 
            [-114.304334677303, 31.5346476059024], 
            [-114.387243176731, 31.5908552337821], 
            [-114.43270390616, 31.6129066103518], 
            [-114.521880680249, 31.6588529736858], 
            [-114.578771792884, 31.657683855026], 
            [-114.612739186564, 31.6583853262219], 
            [-114.657417505813, 31.6353626818424], 
            [-114.736315028915, 31.6468919904731], 
            [-114.804285789158, 31.5348184770911], 
            [-114.837362854012, 31.4328623367275], 
            [-114.958825289555, 31.4091472143725], 
            [-115.197703211434, 31.4140215398622], 
            [-115.852328721993, 31.4748336966179], 
            [-116.660810248194, 31.5003834359469], 
            [-116.70717929289, 31.5242694294907], 
            [-116.704463340311, 31.6571802346801], 
            [-116.77335140904, 31.7479578020111], 
            [-116.772865775135, 31.7718168158934], 
            [-116.661053065147, 31.7695415311168], 
            [-116.638300217381, 31.7995609010148], 
            [-116.753899073184, 31.8852572987854], 
            [-116.79539379239, 31.9284427434379], 
            [-116.90490423794, 32.0002446155966], 
            [-116.945139906282, 32.2063242624548], 
            [-117.052959626386, 32.2586288326546], 
            [-117.151102641274, 32.4609223336988], 
            [-117.181724556943, 32.6490335260764], 
            [-117.268320276759, 32.6472618616457], 
            [-117.290533531297, 32.7836800228149], 
            [-117.313574162118, 32.8284212946071], 
            [-117.290470578754, 32.8959244073856], 
            [-117.314833212982, 33.01487773442], 
            [-117.382803973225, 33.1468172717998], 
            [-117.426016397539, 33.188338970667], 
            [-117.515588873328, 33.3013207993155], 
            [-117.656521631168, 33.4057860481877], 
            [-117.718592838788, 33.4359043435107], 
            [-117.830675345391, 33.5263761413459], 
            [-118.033679310851, 33.6384586479483], 
            [-118.055739680642, 33.6614183397846], 
            [-118.082431558969, 33.6870580113182], 
            [-118.300400243277, 33.6826063671901], 
            [-118.440379719748, 33.7184893168286], 
            [-118.437205112926, 33.8741080036815], 
            [-118.517577524183, 33.9926746222361], 
            [-118.666927936375, 34.0210572260103], 
            [-118.81223139936, 33.9713247168623], 
            [-118.865956898392, 33.9990058494405], 
            [-118.962562072582, 34.0225590938272], 
            [-119.091012240423, 34.0665269486598], 
            [-119.158983000665, 34.0885783252296], 
            [-119.239778093284, 34.130198949522], 
            [-119.316076575673, 34.2465712222842], 
            [-119.399731512399, 34.3014208738743], 
            [-119.568615199432, 34.3833491122718], 
            [-119.72141001506, 34.3802374579924], 
            [-119.800181633076, 34.3818472444548], 
            [-119.876624006992, 34.3802824240947], 
            [-120.033654629458, 34.4340349027886], 
            [-120.48594167287, 34.4247988653754], 
            [-120.537985439676, 34.5041730291621], 
            [-120.685582173878, 34.552070921336], 
            [-120.640004532583, 34.6852155502575], 
            [-120.666903254981, 34.7637893174231], 
            [-120.665104610889, 34.8516440881043], 
            [-120.696059275715, 34.9117277940026], 
            [-120.654249793793, 35.1158469188003], 
            [-120.784444646403, 35.1475929870268], 
            [-120.915817610894, 35.215266970994], 
            [-120.911716702364, 35.4163284008351], 
            [-121.004481771417, 35.4389463502939], 
            [-121.057784589087, 35.4664026523606], 
            [-121.193825034997, 35.6080009085152], 
            [-121.311609243372, 35.6462220954734], 
            [-121.366539833946, 35.7594377478538], 
            [-121.498785140822, 35.8865029597439], 
            [-121.526133524243, 35.9707874219021], 
            [-121.601011077799, 36.007111039343], 
            [-121.67539400423, 36.1205695086759], 
            [-121.83720901998, 36.226653537231], 
            [-121.925333587275, 36.2863955007518], 
            [-121.949291526583, 36.3846464342856], 
            [-121.998439476401, 36.5764268606112], 
            [-121.971172031964, 36.6560888074526], 
            [-121.86667081021, 36.6539574142034], 
            [-121.824834348626, 36.7828752295083], 
            [-121.883326254503, 36.9270725263761], 
            [-122.050789012703, 36.923655102601], 
            [-122.109586688075, 36.9248512009223], 
            [-122.205589316494, 36.974304920236], 
            [-122.309398060272, 37.0823494708514], 
            [-122.334066463996, 37.0818458505057], 
            [-122.399411203864, 37.1498525836299], 
            [-122.42236190248, 37.1719129534201], 
            [-122.445735282457, 37.220080642208], 
            [-122.443109262083, 37.3485847693717], 
            [-122.47975663546, 37.4556400657365], 
            [-122.536728687079, 37.5103817986811], 
            [-122.533751931107, 37.6560180108226], 
            [-122.535928290458, 37.7624707614166], 
            [-122.648352539438, 37.8704883323707], 
            [-122.714066001345, 37.8691483425221], 
            [-122.764751791862, 37.8952556615196], 
            [-122.827029843552, 37.9600787946007], 
            [-122.851842138804, 37.9839198220422], 
            [-123.06569192814, 37.9795581101188], 
            [-123.005275473085, 38.0968386981475], 
            [-123.008917727371, 38.2755879480255], 
            [-123.089991609825, 38.2739331954607], 
            [-123.119606284802, 38.3651874034759], 
            [-123.149877464873, 38.423958099187], 
            [-123.342305403072, 38.5381809922591], 
            [-123.494803442425, 38.6969023401709], 
            [-123.7289329439, 38.8825314037014], 
            [-123.794790297334, 38.9516622893833], 
            [-123.749779228928, 38.9949016933585], 
            [-123.727718859138, 39.07534605038], 
            [-123.795239958357, 39.1749549602033], 
            [-123.820870636671, 39.2277901304102], 
            [-123.862302403333, 39.4035446378748], 
            [-123.816418992542, 39.5376065752833], 
            [-123.819188904444, 39.6732423262724], 
            [-123.862752064356, 39.7150967742968], 
            [-123.884812434146, 39.8055775653525], 
            [-123.919247475291, 39.8386546302071], 
            [-124.007470968011, 39.9304844043319], 
            [-124.109517040579, 40.028528493795], 
            [-124.13237780699, 40.0756439757889], 
            [-124.177838536419, 40.0977043455792], 
            [-124.244909974616, 40.1431650750083], 
            [-124.37518576621, 40.2285826829445], 
            [-124.402453210647, 40.3682294102592], 
            [-124.448012865501, 40.4354447399829], 
            [-124.411608309076, 40.5418255448132], 
            [-124.299606741458, 40.7265193134157], 
            [-124.217696489501, 40.8473432303059], 
            [-124.140300834216, 41.0068829612797], 
            [-124.200825207917, 41.0650421179994], 
            [-124.199889912989, 41.1107006982787], 
            [-124.200357560453, 41.1334175731625], 
            [-124.154887837803, 41.2004980045793], 
            [-124.094975003094, 41.4128998854214], 
            [-124.136433749418, 41.5746519486286], 
            [-124.183926946671, 41.7134083471176], 
            [-124.267860673231, 41.7406488118932], 
            [-124.297763131263, 41.7717653546874], 
            [-124.267411012208, 41.8306709487054], 
            [-124.244046625451, 41.8788386374932], 
            [-124.245881242425, 41.9688607743054], 
            [-124.33594834534, 42.0553935415788], 
            [-124.222399943802, 42.2132785199878], 
            [-124.151389475044, 42.3328973453363], 
            [-124.069973850213, 42.5837992029709], 
            [-124.042805331201, 43.0067863341221], 
            [-124.137378037566, 43.5208298224384], 
            [-124.181462804265, 43.7916696498345], 
            [-124.177388875396, 43.9914810220316], 
            [-124.17784752964, 44.0141529308132], 
            [-124.154887837803, 44.1713004651444], 
            [-124.109553013461, 44.5610126805908], 
            [-124.110560254152, 44.6103944541408], 
            [-124.109867776177, 44.6441550037505], 
            [-124.110560254152, 44.6779155533602], 
            [-124.109409121933, 44.7341771405627], 
            [-124.110767098223, 44.8006370397677], 
            [-124.065405294219, 44.9331431500364], 
            [-124.042805331201, 45.0719984739505], 
            [-124.01897329698, 45.1416239867577], 
            [-124.020304293608, 45.2068068486572], 
            [-124.018514642737, 45.2944727617087], 
            [-124.042922243067, 45.3418490470959], 
            [-124.018955310539, 45.3883619833189], 
            [-124.020744961411, 45.476234740441], 
            [-123.996894940749, 45.5225408325934], 
            [-123.997794262795, 45.5669043891264], 
            [-123.994682608516, 45.7195103471249], 
            [-124.020304293608, 45.7692518494933], 
            [-124.018694507146, 45.8482303115797], 
            [-124.020753954631, 45.9490622993857], 
            [-123.966380943726, 46.0292728326752], 
            [-123.997794262795, 46.1518414343348], 
            [-124.023326015683, 46.6474937868089], 
            [-123.997371581433, 46.6469631868017], 
            [-123.952783194389, 46.6592299395102], 
            [-124.027157127599, 46.6953107399987], 
            [-124.091404694571, 46.9588570656012], 
            [-124.202093252002, 47.28225327337], 
            [-124.428326705913, 47.6418831663751], 
            [-124.469965316646, 47.7277144624526], 
            [-124.568719870526, 47.8225929383136], 
            [-124.709014109713, 47.992178096542], 
            [-124.740040720303, 48.0878120029217], 
            [-124.795295066814, 48.1693175599575], 
            [-124.740031727083, 48.2224045403373], 
            [-124.740499374546, 48.2453282592918], 
            [-124.717431764065, 48.3127234534247], 
            [-124.77686795809, 48.4003983596966], 
            [-124.640782546078, 48.4249498515545], 
            [-124.283113175133, 48.2895928903997], 
            [-124.245134805127, 48.2903753005797], 
            [-124.219567079357, 48.289853693793], 
            [-123.997794262795, 48.1998945095241], 
            [-123.614835955915, 48.1764671702238], 
            [-123.547278883813, 48.1778431329543], 
            [-123.259073147708, 48.141006901947], 
            [-123.147809024167, 48.1983206959434], 
            [-123.085297148744, 48.2223955471169], 
            [-123.052534846606, 48.154883441118], 
            [-123.013567222349, 48.1174356711194], 
            [-122.939130336596, 48.1557827631641], 
            [-122.883516261266, 48.154649617386], 
            [-122.738455615234, 48.1576083869176], 
            [-122.804996453424, 48.2215411911731], 
            [-122.804474846637, 48.2471988491477], 
            [-122.707779740243, 48.3898583053166], 
            [-122.754778310371, 48.481094526891], 
            [-122.789654019317, 48.4092027225277], 
            [-122.853065216786, 48.3803884441714], 
            [-122.984564086363, 48.425408505798], 
            [-123.137277963008, 48.4626314452851], 
            [-123.210464791117, 48.5388040225877], 
            [-123.299650558427, 48.5352876733875], 
            [-123.177576583892, 48.4179980921383], 
            [-123.260521056202, 48.3777534305764], 
            [-123.435996773832, 48.3813417255403], 
            [-123.523168059758, 48.2906091243117], 
            [-123.57414163333, 48.2678652697665], 
            [-123.749779228928, 48.3128763381725], 
            [-123.885486925681, 48.3459534030272], 
            [-124.227094404883, 48.4335024042127], 
            [-124.334932111428, 48.4704195742041], 
            [-124.445206980718, 48.5062035984174], 
            [-124.674713966876, 48.5510078227529], 
            [-124.931119675433, 48.6619391971363], 
            [-125.100587921795, 48.6950252552114], 
            [-125.172155970222, 48.7195227877465], 
            [-125.30269256521, 48.8080070838599], 
            [-125.382174647642, 48.8465700131956], 
            [-125.528206561484, 48.8750785220562], 
            [-125.700552638394, 48.9795887370307], 
            [-125.763172432462, 49.0447626057098], 
            [-125.921686936303, 49.3714952982695], 
            [-125.977876577742, 49.6914740822631], 
            [-125.931660417794, 49.9624038418639], 
            [-125.883798498502, 50.1022394268082], 
            [-125.801618449931, 50.261779157782], 
            [-125.564764002657, 50.5269802359492], 
            [-125.276360415701, 50.6904949703667], 
            [-124.990960564378, 50.7709842934904], 
            [-124.554006961852, 50.8374351994749], 
            [-124.307493795802, 50.8794874983495], 
            [-124.079497670681, 50.9719647843474], 
            [-123.852355901504, 51.1259287186355], 
            [-123.588629711492, 51.4004197935387], 
            [-123.507888578195, 51.5668573246059], 
            [-123.480153486294, 51.8304306298697], 
            [-123.528366141184, 52.1603649089135], 
            [-123.693823411221, 52.8848047899092], 
            [-123.78983503286, 53.3766530101284], 
            [-123.817291334927, 53.8325913010478], 
            [-123.769276530887, 54.1141240675718], 
            [-123.679389292382, 54.3516170334994], 
            [-123.533492276847, 54.5668517787866], 
            [-123.33835737929, 54.7543424389525], 
            [-123.113302037259, 54.887936728897], 
            [-122.889146017275, 54.9763580724672], 
            [-122.611003694865, 55.0306501443887], 
            [-122.009240334174, 55.0674683889551], 
            [-121.925450499141, 55.1106268539463], 
            [-121.864296600008, 55.2366848251447], 
            [-121.9047301192, 55.6719117293429], 
            [-121.926781495769, 55.9940578794677], 
            [-121.880421444294, 56.3113207108822], 
            [-121.795606382129, 56.5591019210169], 
            [-121.598861698109, 56.8493581113878], 
            [-121.396109542821, 57.0101029339033], 
            [-121.135360108782, 57.1366105661248], 
            [-120.888487213914, 57.184805234574], 
            [-120.638502664766, 57.1796970853523], 
            [-120.362770525439, 57.1232286540792], 
            [-120.021891497095, 56.9706226960806], 
            [-119.453187214818, 56.6036903080613], 
            [-119.167175824505, 56.4649339095724], 
            [-118.640892563141, 56.2800243036788], 
            [-118.370898098468, 56.1778523260241], 
            [-118.0190203615, 55.9644611909313], 
            [-117.647366532739, 55.6739262107261], 
            [-117.487116337349, 55.5787959246923], 
            [-117.310732304452, 55.5823932128766], 
            [-117.187992831604, 55.6456155527157], 
            [-116.77373811752, 56.0266852832993], 
            [-116.493140645924, 56.2106506010445], 
            [-116.273058554808, 56.3040721751908], 
            [-116.025043520942, 56.3524916741515], 
            [-115.721009716825, 56.3462863520336], 
            [-115.478408601676, 56.2760762798965], 
            [-115.281663917656, 56.1747226853038], 
            [-115.068956267318, 56.0133213576946], 
            [-114.872868088391, 55.7659898085829], 
            [-114.609078945837, 55.3117422431101], 
            [-114.473479167729, 55.1502150104145], 
            [-114.281797666829, 55.0572161176298], 
            [-113.902490607455, 55.0649592804465], 
            [-113.386864312338, 55.1849198481725], 
            [-113.010318171646, 55.3138106838161], 
            [-112.86966420364, 55.4091478139206], 
            [-112.76230313778, 55.5208885781455], 
            [-112.683684404512, 55.6829464108483], 
            [-112.653557115968, 55.9295315226617], 
            [-112.657028499066, 56.0998451317475], 
            [-112.742661944293, 56.6858433769704], 
            [-112.777294836288, 57.0399064665103], 
            [-112.743525293457, 57.4364535295069], 
            [-112.694791031781, 57.6744231361189], 
            [-112.631316881769, 57.9220694479467], 
            [-112.577456484429, 58.143023881447], 
            [-112.535395192334, 58.4443417329847], 
            [-112.544262507709, 58.8791189761599], 
            [-112.615021166294, 59.0858281484504], 
            [-112.742581005309, 59.1477104984408], 
            [-113.230849923785, 59.0853065416637], 
            [-113.66503361441, 59.0941648638175], 
            [-113.964390943887, 59.1847535735187], 
            [-114.207954333626, 59.3324582263662], 
            [-114.440357136772, 59.5743488770991], 
            [-114.569436830046, 59.8404043112101], 
            [-114.612307511982, 60.0158080830766], 
            [-112.486795828964, 60.0380932833784], 
            [-112.418528292447, 59.7960407546772], 
            [-112.356744867881, 59.6437315729538], 
            [-112.167167780569, 59.610924304713], 
            [-111.686111424902, 59.7191397265173], 
            [-111.400981370194, 59.7470277031661], 
            [-111.221000049113, 59.7433494759976], 
            [-110.992815066362, 59.6966207024835], 
            [-110.735546008641, 59.5853026196203], 
            [-110.583893332012, 59.4825101097538], 
            [-110.389334000564, 59.280009764639], 
            [-110.287845507664, 59.1090396504596], 
            [-110.193542597912, 58.8699458912899], 
            [-110.149215014261, 58.5976401689587], 
            [-110.16616723483, 57.7669094153374], 
            [-110.129708719082, 57.5889245891985], 
            [-110.018723385376, 57.3324109619964], 
            [-109.793587104361, 57.0193659509779], 
            [-109.610736945953, 56.8838201321934], 
            [-109.496765863054, 56.8285298128007], 
            [-109.285056460187, 56.7976650801794], 
            [-108.851196525499, 56.8651861793987], 
            [-108.647338204095, 56.8936407289366], 
            [-108.326541037039, 56.8870936644411], 
            [-108.032085012713, 56.8368755213883], 
            [-107.61336066806, 56.7071932823442], 
            [-107.378098020807, 56.6372260271595], 
            [-106.915225956912, 56.572609738149], 
            [-106.703462594723, 56.5416640665435], 
            [-106.343571898324, 56.4184749326721], 
            [-106.087741755877, 56.2450586625274], 
            [-105.920225038355, 56.0707070974547], 
            [-105.785110894152, 55.8430976808134], 
            [-105.679710350352, 55.5182895374323], 
            [-105.655338722904, 54.7716723747803], 
            [-105.628260136096, 54.6394720340073], 
            [-105.499153463162, 54.4490136110894], 
            [-105.195893076005, 54.1850805770071], 
            [-104.95103466252, 53.9302306955902], 
            [-104.818870294628, 53.7075855366433], 
            [-104.715484232212, 53.4454601398737], 
            [-104.687569275901, 53.0104670594073], 
            [-104.739343246094, 52.7069548620773], 
            [-104.860266088409, 52.2891028598092], 
            [-104.898891970288, 52.0912430164522], 
            [-104.866516376629, 51.933160187193], 
            [-104.76913778548, 51.7895024835528], 
            [-104.236999937597, 51.5087341407681], 
            [-104.095212823813, 51.4227499599428], 
            [-103.894834878727, 51.2610068899561], 
            [-103.716265493258, 51.0751440026937], 
            [-103.42723238087, 50.6980672619946], 
            [-103.287999341696, 50.5366299615036], 
            [-103.079518504975, 50.3820814678855], 
            [-102.630163251433, 50.1790235431021], 
            [-102.39861480423, 50.0597374669106], 
            [-102.168613190946, 49.9202616107848], 
            [-101.775186775449, 49.6217226643695], 
            [-101.32353825069, 49.2321993065528], 
            [-100.839253328878, 48.7996793617132], 
            [-100.56038255561, 48.4792689031374], 
            [-99.953663930446, 47.6493025732552], 
            [-99.8225157964668, 47.4283841126367], 
            [-99.7333030494961, 47.2021956248283], 
            [-99.6840291945916, 47.0000550085319], 
            [-99.6915385336764, 46.6320794069392], 
            [-99.7600578803668, 46.3952969054279], 
            [-99.9078884383007, 46.1515356648391], 
            [-100.146226766952, 45.9225322990265], 
            [-100.359959644422, 45.7824089310274], 
            [-100.670540513034, 45.667007926075], 
            [-101.040881331608, 45.5947024335705], 
            [-101.829298982962, 45.5671292196379], 
            [-101.979980391782, 45.536273480237], 
            [-102.053913657189, 45.4519530451969], 
            [-102.006195629425, 45.3593318676716], 
            [-101.934240872518, 45.2902009819898], 
            [-101.508250005733, 44.9744130387309], 
            [-101.306325226728, 44.79677894819], 
            [-101.125903237844, 44.569214497651], 
            [-100.991310700428, 44.3424954098353], 
            [-100.895326058451, 44.0466904024402], 
            [-100.86153852918, 43.7587005036254], 
            [-100.931307933514, 43.4180642922334], 
            [-101.044937274036, 43.1974965672129], 
            [-101.17970068264, 43.0198894563334], 
            [-101.41254415359, 42.8352856199355], 
            [-101.663679834956, 42.7134454691332], 
            [-101.938476679355, 42.6359418952024], 
            [-102.444615126887, 42.5589689212788], 
            [-102.627267434444, 42.521557124162], 
            [-102.986573571513, 42.4128290887915], 
            [-103.300985552042, 42.2767976361021], 
            [-103.496983798763, 42.1439407902354], 
            [-103.595378623824, 41.9938619271863], 
            [-103.629337024284, 41.7864063175975], 
            [-103.453852313433, 40.2767863446142], 
            [-103.426431984249, 39.7445225916444], 
            [-103.450416903217, 39.2747077615541], 
            [-103.501957049678, 38.8714967221961], 
            [-103.566474413264, 38.4299925501162], 
            [-103.654464082252, 38.086640386145], 
            [-103.746815463163, 37.8589500305196], 
            [-103.971376178068, 37.5276757616272], 
            [-104.212025764377, 37.3368845895522], 
            [-104.471516147552, 37.1897644960347], 
            [-104.807691721596, 37.0470600737635], 
            [-105.00744913447, 36.9441506520311], 
            [-105.104944637485, 36.8426711523519], 
            [-105.13724828538, 36.6048094643854], 
            [-105.019670921076, 36.0821324844267], 
            [-104.962986652512, 35.6761065670645], 
            [-105.007620005659, 35.2832197447955], 
            [-105.101410301844, 34.9591130726103], 
            [-105.226676869642, 34.6695943263172], 
            [-105.443548381053, 34.2485946968878], 
            [-105.568464213253, 33.9911367815373], 
            [-105.613322396911, 33.8528929966146], 
            [-105.609527257877, 33.6670750754545], 
            [-105.510691765013, 33.5368172703008], 
            [-105.329172603233, 33.4779206695034], 
            [-105.089503277954, 33.4828039882136], 
            [-104.104898522249, 33.7222394897607], 
            [-103.427727007995, 33.9385174486214], 
            [-103.100580627294, 34.0712124165199], 
            [-102.93029399787, 34.24844181214], 
            [-102.879770085321, 34.4041504311975], 
            [-102.822393338782, 34.8151675859154], 
            [-102.794811131628, 34.9768746830203], 
            [-102.722343761156, 35.1885930791074], 
            [-102.600305759503, 35.4255014857051], 
            [-102.404181607695, 35.6528950650553], 
            [-102.16245283493, 35.824377792801], 
            [-101.921047818102, 35.919589017819], 
            [-101.663778760381, 35.9614704455047], 
            [-101.36569846821, 35.9553910284733], 
            [-100.993370147914, 35.8599729593846], 
            [-100.613973156336, 35.6865117231376], 
            [-100.495478483545, 35.639773956403], 
            [-100.363475993622, 35.6424719225413], 
            [-100.273004195787, 35.8289553420155], 
            [-100.148232255114, 36.340777504878], 
            [-99.9115486790283, 37.0749660368532], 
            [-99.9163420655338, 37.3097070773198], 
            [-99.9729993544366, 37.4196941635549], 
            [-100.368656088608, 37.7998285992106], 
            [-100.552612413132, 37.9912942628201], 
            [-100.684776781024, 38.2139484149874], 
            [-100.782991741675, 38.4629527031048], 
            [-100.816077799751, 38.7760246937847], 
            [-100.770149422858, 39.0452997008206], 
            [-100.679218970779, 39.2694647140254], 
            [-100.533645711181, 39.4613170861147], 
            [-100.403190055177, 39.5866555996762], 
            [-100.243749249628, 39.6911838010917], 
            [-99.9846455749333, 39.8011798805471], 
            [-99.5733945964834, 39.8276289419222], 
            [-99.3255324473645, 39.7768622124212], 
            [-98.9830346393371, 39.6202722577586], 
            [-98.499073473462, 39.2530520866845], 
            [-98.358347559692, 39.1847755569465], 
            [-98.1555144654202, 39.1528945904131], 
            [-97.9269607606305, 39.1997132961318], 
            [-97.7254316833255, 39.2686912970658], 
            [-97.5043423515182, 39.4027622276947], 
            [-97.4154713469251, 39.5859451352598], 
            [-97.4186729334091, 39.7427869000954], 
            [-97.4698713374922, 39.8923711360192], 
            [-97.64451967884, 40.2313885677283], 
            [-97.755891721026, 40.46095850643], 
            [-98.0015865040139, 41.1697142109422], 
            [-98.1158273835269, 41.3580951999336], 
            [-98.6818696725473, 41.9467644316333], 
            [-98.8383876814463, 42.1579072616109], 
            [-98.950065493128, 42.4209769465289], 
            [-98.9984849920887, 42.6689919803957], 
            [-98.9924865140413, 42.9627195538644], 
            [-98.9386081302609, 43.172945075355], 
            [-98.8755027022878, 43.3285277893261], 
            [-98.8114619793868, 43.4528410757551], 
            [-98.5204593517176, 43.9012340547079], 
            [-98.4266960351938, 44.0666013925403], 
            [-98.3486348815945, 44.3071610466451], 
            [-98.2958446774898, 44.8469341386996], 
            [-98.2710863415614, 45.0406211277629], 
            [-98.222477984971, 45.2779702021632], 
            [-98.0162544465854, 45.8804710069315], 
            [-97.9749485850091, 46.0920455114912], 
            [-97.9876560055202, 46.714718109753], 
            [-97.9796340528692, 47.1079107015178], 
            [-97.8517234782558, 47.4816059913235], 
            [-97.7040188254084, 47.7380656592029], 
            [-97.3824572346136, 48.1851816008503], 
            [-97.3280842237079, 48.3614037557788], 
            [-97.4162537571052, 48.5325537343674], 
            [-97.8683789225492, 48.8824259831726], 
            [-98.054052952182, 49.0382964801985], 
            [-98.2677858296523, 49.3266191281703], 
            [-98.3649036174079, 49.5553976634715], 
            [-98.4116593705834, 49.7948961175618], 
            [-98.4066231671254, 50.0416431073436], 
            [-98.3377890577188, 50.2795137885306], 
            [-98.2681095855888, 50.4147718242604], 
            [-98.1691391944182, 50.5607767584407], 
            [-97.9979352565068, 50.7252717538884], 
            [-97.8045540369392, 50.8520491827237], 
            [-97.5476806809186, 50.9474942314737], 
            [-97.1700013944487, 51.0089808797639], 
            [-96.7635527957249, 50.9628186791388], 
            [-96.4385108286118, 50.8515635488188], 
            [-96.2832788502387, 50.7715958324817], 
            [-96.0028702362723, 50.5588162363803], 
            [-95.7801711180026, 50.289613175108], 
            [-95.5504033284508, 49.9025539596976], 
            [-95.4281764691686, 49.741476388025], 
            [-95.2552997922515, 49.7082554316429], 
            [-95.10224417323, 49.8120012228782], 
            [-94.7659876602023, 50.1619723971085], 
            [-94.5198252297505, 50.398485102006], 
            [-94.2139388222188, 50.5673687890385], 
            [-93.9793236868386, 50.6435053934592], 
            [-93.6759194081541, 50.6755662244018], 
            [-93.3678026819481, 50.6230098440292], 
            [-93.1572534045209, 50.5376012293133], 
            [-92.899219923061, 50.3811191932962], 
            [-92.2485604227253, 49.7039027129399], 
            [-92.0641274575161, 49.5576819414685], 
            [-91.7941060131819, 49.4045993427855], 
            [-91.4991553617305, 49.2949989650303], 
            [-91.0252755959919, 49.1794810482119], 
            [-90.7059982831942, 49.1455945935157], 
            [-90.4730468935992, 49.1933126212805], 
            [-90.0601951219073, 49.4059932919569], 
            [-89.8410033596173, 49.5123381239053], 
            [-89.5930512782938, 49.5526996973332], 
            [-89.3722946956436, 49.5481940938824], 
            [-89.0532422133574, 49.4558606994119], 
            [-88.8228628848142, 49.3371861622117], 
            [-88.628942072019, 49.1806411736513], 
            [-88.5408714640467, 49.0889732774949], 
            [-88.3903159603133, 48.8858793798296], 
            [-88.278647141852, 48.622818688132], 
            [-88.2289775852473, 48.3684094745177], 
            [-88.2365948429776, 47.9954516287897], 
            [-88.3706657736065, 47.4351380212028], 
            [-88.3927171501763, 47.2034546756928], 
            [-88.2747890502744, 46.9745322488642], 
            [-88.1412487196527, 46.8462259725507], 
            [-87.8939621366432, 46.6994296349698], 
            [-87.5533798845739, 46.6699318718585], 
            [-87.2699765281941, 46.7669327477482], 
            [-86.6959572526251, 47.1394679121145], 
            [-86.3551231903829, 47.3048262567265], 
            [-85.9987668296254, 47.3917007663774], 
            [-85.4664760969942, 47.4567397367495], 
            [-85.1974079340289, 47.5118501917331], 
            [-84.5743846001691, 47.7550988187556], 
            [-84.21955708689, 47.8551843692633], 
            [-83.8182526102697, 47.884808037461], 
            [-83.5007199822413, 47.8306508638464], 
            [-83.2569317619912, 47.7251693810622], 
            [-83.0605198271282, 47.5761337315865], 
            [-82.8812939365658, 47.3657373389071], 
            [-82.6541161945067, 47.0070697204913], 
            [-82.5772331527877, 46.90574310556], 
            [-82.4714189208465, 46.8724861762961], 
            [-82.3797420314695, 46.9197095769355], 
            [-82.0464532811939, 47.3226058535774], 
            [-81.7815939454042, 47.6297063458712], 
            [-81.5479410846133, 47.8149487009219], 
            [-81.3671144008089, 47.8862739323961], 
            [-80.8732427059861, 47.9466184416878], 
            [-80.6521533741788, 48.0032757305906], 
            [-80.4644019106196, 48.1608999056062], 
            [-80.1215173941124, 48.6838736618401], 
            [-79.8786464823492, 48.9500190281557], 
            [-79.5831652308906, 49.1437419901009], 
            [-79.3584876041196, 49.2391150930872], 
            [-79.0245153690889, 49.3205307179184], 
            [-78.2199728734493, 49.3476992369303], 
            [-78.0423387829084, 49.3736626644005], 
            [-77.6281380281474, 49.4798186387193], 
            [-77.3274407088216, 49.5458198836808], 
            [-76.5863903496349, 49.5760550908698], 
            [-76.3895377469694, 49.6434322985618], 
            [-76.2515997315423, 49.7870000699973], 
            [-76.1048483600637, 50.0458429412988], 
            [-76.0068942028051, 50.2159227266526], 
            [-75.8077393357017, 50.4783808725793], 
            [-75.5381225862882, 50.6782462040991], 
            [-75.2805297726308, 50.7798426156443], 
            [-75.069108152819, 50.8142596703476], 
            [-74.8257516071509, 50.8092954126532], 
            [-74.5788157597395, 50.7378352828721], 
            [-74.306447084865, 50.5975230572434], 
            [-74.0928491057016, 50.4251050345697], 
            [-73.7287136092456, 50.0461037446922], 
            [-73.5054209384255, 49.9135526683211], 
            [-72.6464964386597, 49.886420122191], 
            [-72.3118317256536, 49.8178737958391], 
            [-71.8546703567515, 49.6795310854913], 
            [-71.5760424004364, 49.6116142845717], 
            [-71.1755653000985, 49.5507121956114], 
            [-71.0312151184829, 49.5260887579899], 
            [-70.7017305004622, 49.4307336414445], 
            [-70.3413541701588, 49.2450865914731], 
            [-69.9307596968025, 48.9241095600083], 
            [-69.7129798701249, 48.7948320158849], 
            [-69.4936262298665, 48.7629960154538], 
            [-68.992928680714, 48.8305171146732], 
            [-68.7903743762764, 48.8400948944639], 
            [-68.9028975506814, 48.7855060462671], 
            [-69.0334970982125, 48.7182277640002], 
            [-69.0599911256899, 48.582493087586], 
            [-69.1293108690014, 48.5370503445978], 
            [-69.2042423818804, 48.5385791920762], 
            [-69.2850554609407, 48.4024488139617], 
            [-69.308015152777, 48.3803884441714], 
            [-69.3741782757068, 48.3115273551035], 
            [-69.445854242779, 48.242657272815], 
            [-69.5330704948074, 48.2003441705471], 
            [-69.6052051161232, 48.151448030902], 
            [-69.6561786896947, 48.0983880301835], 
            [-69.7125841684246, 48.044194883687], 
            [-69.7691605183432, 47.896283386769], 
            [-69.7319105991947, 47.9040535292471], 
            [-69.6968460326182, 47.9706213470976], 
            [-69.6346489199117, 47.942679411126], 
            [-69.6504320218203, 47.9075428987858], 
            [-69.6311775368138, 47.8646812100699], 
            [-69.7008570089437, 47.8279798773695], 
            [-69.7241494499371, 47.783760212364], 
            [-69.6449461573392, 47.7945790565783], 
            [-69.4891206264157, 48.0358941412018], 
            [-69.311450562993, 48.1506206546196], 
            [-69.1723164492446, 48.1771866278607], 
            [-69.0831576615968, 48.2455620830238], 
            [-69.000249162169, 48.2990987244267], 
            [-68.8774917028797, 48.3570330506349], 
            [-68.9256144255652, 48.3797409322983], 
            [-68.9472611072143, 48.4215594074408], 
            [-68.8097727528102, 48.4472530382972], 
            [-68.7680352166519, 48.4022149902297], 
            [-68.6936882631028, 48.4051557733204], 
            [-68.6222101468807, 48.4822996184327], 
            [-68.5196424675258, 48.5147741375165], 
            [-68.4965119045007, 48.5397393175156], 
            [-68.3620992314943, 48.5822952367359], 
            [-68.3179515122524, 48.6056596234929], 
            [-68.2400522366214, 48.642414915516], 
            [-68.1145338586506, 48.672317373548], 
            [-68.0703771461883, 48.6956817603051], 
            [-67.9512439547447, 48.7240643640792], 
            [-67.8193493834672, 48.6778302176905], 
            [-67.2806734643088, 48.4269013803945], 
            [-67.0533967968246, 48.4031053190553], 
            [-66.9174912492217, 48.4966258186267], 
            [-66.8266956954499, 48.6372258273101], 
            [-66.8330359158747, 48.7972871650707], 
            [-66.9842479247019, 49.0362460259335], 
            [-66.7191097990779, 49.1201977389346], 
            [-66.4715893923365, 49.1674481192354], 
            [-66.4049316422814, 49.1908125059924], 
            [-66.1938607580674, 49.2311111268771], 
            [-65.8639264790237, 49.257479249268], 
            [-65.526069172754, 49.2867971479701], 
            [-65.5307816202755, 49.1678797938175], 
            [-65.5261231320768, 49.0504193413796], 
            [-65.45240570396, 48.9110963700015], 
            [-65.007834843703, 48.5615029110306], 
            [-64.6857156732397, 48.2821195241968], 
            [-64.7364824027406, 48.1861888415419], 
            [-64.8970203811856, 48.1555309529912], 
            [-64.9695237245402, 48.1056455590954], 
            [-65.1819705714846, 48.0053801441784], 
            [-65.3829330759007, 47.9733732725586], 
            [-65.4416677987298, 47.9757025166579], 
            [-65.5263389693679, 48.0204977477729], 
            [-65.5858381159362, 48.0485835752719], 
            [-65.8422797973747, 48.1096655286413], 
            [-65.886436509837, 48.1330299153984], 
            [-65.9458547174212, 48.1546765970474], 
            [-66.0439707526481, 48.087155497828], 
            [-66.0950072787629, 48.0630716534341], 
            [-66.2248783754366, 48.0682247687582], 
            [-66.2690350878989, 48.0187530630035], 
            [-66.1794446256689, 48.0222963918651], 
            [-66.1089197908156, 48.0195084935223], 
            [-66.0565162951908, 47.9629501300445], 
            [-65.8189154106176, 47.9304756109607], 
            [-65.7044407073727, 47.8603824506896], 
            [-65.6562640253644, 47.7082261537141], 
            [-65.5422569695834, 47.6829102381171], 
            [-65.392582801455, 47.7621045374945], 
            [-65.2315052297824, 47.8381332232697], 
            [-65.0160366607632, 47.8639167863307], 
            [-64.8293014311161, 47.839563145323], 
            [-64.7716908608445, 47.84184742332], 
            [-64.6234016486671, 47.9326519703122], 
            [-64.5819339091225, 48.0204977477729], 
            [-64.5455473391384, 48.0542133312803], 
            [-64.4425389919808, 48.0181145443509], 
            [-64.4485824361304, 47.8656344914387], 
            [-64.5429932645275, 47.7425083101105], 
            [-64.7228486805221, 47.6576302954019], 
            [-64.8104336545894, 47.5631025551389], 
            [-64.8929644387578, 47.3024070804225], 
            [-64.9195304119988, 47.2778016292419], 
            [-64.9411770936479, 47.2544372424848], 
            [-64.9737055720544, 47.2242919675004], 
            [-65.0086981928673, 47.1285051763729], 
            [-64.7603324234025, 47.094564762354], 
            [-64.7649729251603, 46.9775000116163], 
            [-64.8498869127508, 46.8988183258052], 
            [-64.8736559944285, 46.8582768879681], 
            [-64.8035628341574, 46.7564196730296], 
            [-64.716112758397, 46.7151497843352], 
            [-64.6702473340472, 46.6908770823116], 
            [-64.6719830255961, 46.6471970105337], 
            [-64.67108370355, 46.6246959729408], 
            [-64.6730442256105, 46.57529621295], 
            [-64.5810795531788, 46.4900854490843], 
            [-64.5586864342315, 46.4193717566014], 
            [-64.5135584539594, 46.3775532814589], 
            [-64.4893756841404, 46.3514549556817], 
            [-64.4919297587513, 46.2870994700646], 
            [-64.4909494977211, 46.2623861002384], 
            [-64.4239679917294, 46.2650391002743], 
            [-64.2421790333357, 46.2578355306853], 
            [-64.1318142318412, 46.2191556894836], 
            [-63.9509066090527, 46.1975090078345], 
            [-63.7683712133608, 46.1737039532749], 
            [-63.7267056229661, 46.0827195418734], 
            [-63.9317780291327, 46.0177884901468], 
            [-63.8404608685741, 45.9746929776988], 
            [-63.8167277597783, 45.9490802858266], 
            [-63.7627234709114, 45.899042007183], 
            [-63.613750773979, 45.9049415598053], 
            [-63.5687307123524, 45.903160902154], 
            [-63.4843113518873, 45.9065063801654], 
            [-63.3847474081663, 45.8804170476087], 
            [-63.3424792720007, 45.8347944402113], 
            [-63.2339131145985, 45.839102192812], 
            [-63.1865008563294, 45.8140111077265], 
            [-63.0365209187054, 45.8199556264511], 
            [-62.736183328198, 45.7915100701337], 
            [-62.6942929072917, 45.793173815919], 
            [-62.6347308081802, 45.7807182055808], 
            [-62.6022203162146, 45.7232065607343], 
            [-62.5193747693301, 45.6882948789056], 
            [-62.3084477766435, 45.7145370962101], 
            [-62.1746016765261, 45.7932097888008], 
            [-62.0935367872929, 45.8273750333312], 
            [-61.9739989009285, 45.9146902107847], 
            [-61.8740572419481, 45.9022615801079], 
            [-61.8822410725674, 45.8364941588784], 
            [-61.8460343669924, 45.7097167300431], 
            [-61.6659451272657, 45.6582215496849], 
            [-61.5894487940266, 45.7031876519886], 
            [-61.5069000234173, 45.7267858624776], 
            [-61.5446445696911, 45.8589951964712], 
            [-61.5417847255845, 45.8819908611894], 
            [-61.5466050917515, 45.9207336549343], 
            [-61.6158169164175, 45.9498896756681], 
            [-61.6544697779578, 45.9931920321866], 
            [-61.5247425728114, 46.0970817149492], 
            [-61.4678694466176, 46.1907101331662], 
            [-61.3311994752755, 46.267979883365], 
            [-61.2922858103418, 46.3165702535145], 
            [-61.2986979765303, 46.3681103999751], 
            [-61.193018642896, 46.4126448276967], 
            [-61.0873123296003, 46.5446563108401], 
            [-61.0944619398666, 46.6021859421276], 
            [-61.0879418550325, 46.6546703767366], 
            [-61.0017957962389, 46.6909670145162], 
            [-60.9139500187783, 46.8159457992593], 
            [-60.7498237453695, 46.9087378479734], 
            [-60.6892004462435, 47.0085446086468], 
            [-60.6190353402087, 47.0647342500857], 
            [-60.4854050773823, 47.0481057854537], 
            [-60.4066334593666, 47.0579083957559], 
            [-60.3463968687204, 47.0504170431121], 
            [-60.3534655400026, 46.9936068694615], 
            [-60.436212161462, 46.9273448211067], 
            [-60.2633264913245, 46.8779180814544], 
            [-60.3117100174033, 46.6213504949295], 
            [-60.4126409306344, 46.4831786557704], 
            [-60.4291344969594, 46.3883811188936], 
            [-60.3532766823729, 46.4195516210106], 
            [-60.3391123601472, 46.3658710880803], 
            [-60.2826259424332, 46.3548453997955], 
            [-60.1819918054774, 46.2866318226006], 
            [-60.0858183058701, 46.2885923446611], 
            [-59.9481590802773, 46.2439230186325], 
            [-59.9004680321739, 46.2193535403337], 
            [-59.7662711964585, 46.193165282352], 
            [-59.7649761727121, 46.1293493899624], 
            [-59.8322184820972, 46.0301451750599], 
            [-59.6530015847553, 46.0668555009807], 
            [-59.6515626694816, 45.9961418084977], 
            [-59.6749540359, 45.97178816749], 
            [-59.7429247961423, 45.9497367909203], 
            [-59.7649851659326, 45.9267770990839], 
            [-59.8800983878303, 45.9043030411525], 
            [-59.9675394703702, 45.859264993085], 
            [-60.0355102306126, 45.8372046232948], 
            [-60.0346109085665, 45.7928050938801], 
            [-60.103247167123, 45.7462741712161], 
            [-60.1701027680282, 45.7476411407262], 
            [-60.2332531621037, 45.6819096923785], 
            [-60.3726480792454, 45.6342006578342], 
            [-60.5963184653248, 45.5796747621806], 
            [-60.6923570666253, 45.5301940632056], 
            [-60.8647031435352, 45.5891895894281], 
            [-60.8685702283333, 45.5157059850433], 
            [-60.8673201706893, 45.4546240316738], 
            [-61.0422562950919, 45.4510537231509], 
            [-61.1356508895768, 45.4991674526159], 
            [-61.1833149580189, 45.4771070828257], 
            [-61.2503863962152, 45.4316463533966], 
            [-61.3429266347563, 45.386743203636], 
            [-60.8907385167691, 45.3621557388963], 
            [-60.9234918256872, 45.2647951341881], 
            [-60.9710659619245, 45.2152874555517], 
            [-61.1011708823303, 45.1819405940832], 
            [-61.2716103965025, 45.1854209704015], 
            [-61.31996694292, 45.1605097497252], 
            [-61.4984014300819, 45.1170095423566], 
            [-61.5217658168389, 45.0926918742307], 
            [-61.6109246044869, 45.0945174979842], 
            [-61.6329849742771, 45.0715488129275], 
            [-61.7684768337388, 45.0494884431373], 
            [-61.8130382411219, 45.0265377445214], 
            [-61.858498970551, 45.0044773747311], 
            [-61.9255614155268, 44.959016645302], 
            [-61.9710311381764, 44.9369652687323], 
            [-62.0290823762506, 44.876530827236], 
            [-62.242914179146, 44.8466823285267], 
            [-62.3332690651152, 44.8001424126423], 
            [-62.438840480104, 44.8022917923324], 
            [-62.5786940514892, 44.7569120018875], 
            [-62.6457564964651, 44.7339523100512], 
            [-62.7137272567075, 44.7119009334814], 
            [-62.8129314716101, 44.6446586240963], 
            [-62.8597951434311, 44.643696349507], 
            [-62.9273072494299, 44.6450723122375], 
            [-63.0060788674457, 44.6434715189955], 
            [-63.1823999477993, 44.6470688071798], 
            [-63.2547504064061, 44.5980197827868], 
            [-63.3659425841828, 44.6002860743429], 
            [-63.4560006938768, 44.5538990432063], 
            [-63.501461423306, 44.5548253449138], 
            [-63.4996717724343, 44.4670964793191], 
            [-63.5671928716536, 44.3968144614183], 
            [-63.7940198781148, 44.4188748312086], 
            [-63.8803637877585, 44.463346306387], 
            [-64.0406229763692, 44.4666198386347], 
            [-64.041594244179, 44.418883824429], 
            [-63.9977702808737, 44.3767685730113], 
            [-64.0976310008699, 44.3628290812971], 
            [-64.1309598758975, 44.3061358195125], 
            [-64.2034452328112, 44.2593261070143], 
            [-64.2434920435229, 44.2161136827004], 
            [-64.2893574678728, 44.1944670010514], 
            [-64.3124880308978, 44.1695018210523], 
            [-64.4469007039043, 44.126945901832], 
            [-64.631792323357, 43.9764803303031], 
            [-64.7097545515313, 43.9396800721777], 
            [-64.7582459962557, 43.836941521634], 
            [-64.8286449260224, 43.7884950430119], 
            [-64.8745193435928, 43.7668483613629], 
            [-65.0312441965623, 43.6534258649118], 
            [-65.0754458751269, 43.6551795429017], 
            [-65.1228491401756, 43.6300974510366], 
            [-65.2104790803452, 43.6335688341344], 
            [-65.2337535348976, 43.6084507693876], 
            [-65.2769659592116, 43.5684129518963], 
            [-65.3237846649303, 43.4959186017621], 
            [-65.3471400584668, 43.4742719201131], 
            [-65.3870070047694, 43.4312483534288], 
            [-65.4805544840022, 43.4275341533785], 
            [-65.5267616507296, 43.4519867198114], 
            [-65.5935812787529, 43.4166343701801], 
            [-65.8028535188747, 43.4749643980886], 
            [-65.8723531265954, 43.6534618377936], 
            [-65.9569973175721, 43.6312395900351], 
            [-66.0140503081751, 43.5696540163199], 
            [-66.0889908142746, 43.6093051253313], 
            [-66.2015139886796, 43.6361139155249], 
            [-66.1798673070305, 43.6993272621435], 
            [-66.1457470286024, 43.7309474252835], 
            [-66.1790129510867, 43.7668483613629], 
            [-66.2032676666694, 43.7893224192943], 
            [-66.2014960022386, 43.8339377860001], 
            [-66.2032856531104, 43.8789488544062], 
            [-66.2010553344361, 43.9352194348291], 
            [-66.2023953242847, 43.9689709912183], 
            [-66.2013970768136, 43.9941610017289], 
            [-66.2548797588937, 44.0952358064874], 
            [-66.1573662694377, 44.2795338733896], 
            [-66.1804338799196, 44.3567586574861], 
            [-66.3097563901453, 44.2171748827148], 
            [-66.4264074527417, 44.2125523673979], 
            [-66.4283320019203, 44.2613226019566], 
            [-66.3313940785738, 44.3324230029193], 
            [-66.2509047554501, 44.4192975125702], 
            [-66.0354361864308, 44.5946473251141], 
            [-65.9314475782431, 44.6437323223889], 
            [-65.6847365613432, 44.7796198835509], 
            [-65.2562635657109, 44.9813198320447], 
            [-65.1900284970175, 45.0163664121803], 
            [-65.1212213672722, 45.0488409312641], 
            [-65.0594919020296, 45.0815043079775], 
            [-64.8745193435928, 45.1622274548333], 
            [-64.4664609584065, 45.2744718394039], 
            [-64.5387214848086, 45.3414263657343], 
            [-64.4694107347176, 45.3741437017705], 
            [-64.6286986555185, 45.3646738406253], 
            [-64.7109686362934, 45.2758837750163], 
            [-64.7832201694752, 45.2730239309097], 
            [-64.851199922938, 45.3197976705262], 
            [-64.986188162054, 45.314446704352], 
            [-64.9569871752179, 45.4430677433817], 
            [-64.8745193435928, 45.4998149644891], 
            [-64.7857112915428, 45.5417233718362], 
            [-64.7728060201816, 45.5556538703299], 
            [-64.8517754890475, 45.6044690709909], 
            [-65.00016362665, 45.5238358563398], 
            [-65.2909144441462, 45.4340475432596], 
            [-65.4013332049634, 45.3833707459632], 
            [-65.5261321252973, 45.2961994600371], 
            [-65.6293113436435, 45.2643364799447], 
            [-65.7286864297349, 45.2286783608177], 
            [-65.7974665798187, 45.20744536731], 
            [-65.9229220052463, 45.1624342989039], 
            [-66.0000208842563, 45.1836672924117], 
            [-66.0444473933325, 45.2078050961284], 
            [-66.1889864325777, 45.1184574508508], 
            [-66.3151073563194, 45.0949131996845], 
            [-66.476517677149, 45.0277788089449], 
            [-66.5289481524352, 45.0864595724514], 
            [-66.8536843500527, 44.9861761710935], 
            [-66.8559686280497, 44.9479909570171], 
            [-66.8528749602112, 44.896109068179], 
            [-66.9170775610805, 44.7951511752866], 
            [-66.9890233247665, 44.7560576459437], 
            [-67.0353024372576, 44.7348156592154], 
            [-67.2008406462787, 44.5939998132409], 
            [-67.4588291616365, 44.514328873179], 
            [-67.5198571556831, 44.446034357], 
            [-67.6120196789649, 44.4129662853659], 
            [-67.7966325085833, 44.4457735536067], 
            [-67.8230186174152, 44.3972191563391], 
            [-67.8454926753466, 44.3482600641507], 
            [-67.9770814771284, 44.3561021523925], 
            [-68.023234684533, 44.3044540872864], 
            [-68.1589513745063, 44.3125389924806], 
            [-68.1613165914874, 44.2728069444849], 
            [-68.1591312389155, 44.2362045372097], 
            [-68.2056891412408, 44.1946018993582], 
            [-68.2031800327323, 44.1523877225155], 
            [-68.2268591822054, 44.1258847018176], 
            [-68.2837592880607, 44.1152637084535], 
            [-68.3201548512653, 44.0714487383686], 
            [-68.4404481681484, 44.0837154910772], 
            [-68.521324199752, 44.0599823822812], 
            [-68.518221538693, 44.0295763039034], 
            [-68.6222101468807, 43.9700142047918], 
            [-68.6786605917129, 43.9904378084582], 
            [-68.7376651111559, 44.1479810444897], 
            [-68.748187179095, 44.1227280814359], 
            [-68.7428362129208, 44.0702526400474], 
            [-68.7462806163573, 44.0364920904377], 
            [-68.7396616060982, 43.971579025152], 
            [-68.940327334239, 44.0160774799918], 
            [-69.0072908537898, 44.1704910753029], 
            [-69.0397024203304, 44.126262417077], 
            [-68.9937380705554, 44.0880861962211], 
            [-69.0228041590846, 43.9491319468819], 
            [-69.0827259870146, 43.9430255501891], 
            [-69.152882099829, 43.9501751604554], 
            [-69.1942149410666, 43.900415671646], 
            [-69.2413124366196, 43.8799920679796], 
            [-69.277995782879, 43.8358263622969], 
            [-69.3614978348571, 43.827318775741], 
            [-69.4433721139318, 43.8580845829372], 
            [-69.4642903447236, 43.8328945724266], 
            [-69.5338888778693, 43.7899699311675], 
            [-69.5582155392157, 43.7338792151538], 
            [-69.7119456497718, 43.7495543984168], 
            [-69.7404091925301, 43.6839128822738], 
            [-69.8366816175625, 43.6741012787511], 
            [-70.0373113728215, 43.6945518620789], 
            [-70.0894180921712, 43.6318241493651], 
            [-70.1664899915198, 43.6092061999063], 
            [-70.1599249405835, 43.544769775305], 
            [-70.2069864632546, 43.5178081003636], 
            [-70.299589654339, 43.4776533710063], 
            [-70.2964600136187, 43.4469415231329], 
            [-70.3441060956197, 43.4073623598851], 
            [-70.4096756659991, 43.328428863901], 
            [-70.5426224440705, 43.2894162735423], 
            [-70.5467683187029, 43.2487759102801], 
            [-70.5407698406556, 43.1899782349077], 
            [-70.6426720216964, 43.0571843415842], 
            [-70.6884834867235, 43.0191250325943], 
            [-70.7871840812803, 42.8819784205677], 
            [-70.7343668975142, 42.7020150859275], 
            [-70.601285221136, 42.7155768623824], 
            [-70.5475057627806, 42.6709075363538], 
            [-70.5428382813615, 42.6251140577676], 
            [-70.6346051029431, 42.572557677395], 
            [-70.7699260912161, 42.5138679206681], 
            [-70.8146493765674, 42.4600255097695], 
            [-70.8617468721204, 42.4396019061032], 
            [-70.8719541773434, 42.40479814292], 
            [-70.83617015313, 42.3761367493116], 
            [-70.8451993464726, 42.3035254873115], 
            [-70.7469304264979, 42.2822655141422], 
            [-70.7169020633795, 42.2447727780413], 
            [-70.6794093272786, 42.2147444149229], 
            [-70.6593994117534, 42.1672422244492], 
            [-70.6118972212797, 42.1022122472975], 
            [-70.591878312534, 42.0547100568237], 
            [-70.5666253494802, 42.0117584359032], 
            [-70.5701596851213, 41.9833398592472], 
            [-70.5002733689208, 41.9273750483199], 
            [-70.4770348872502, 41.7938796838005], 
            [-70.288815776227, 41.7531583815542], 
            [-70.0292264676273, 41.8161109247794], 
            [-70.0958392515801, 41.8694587085527], 
            [-70.1211191942953, 42.0147531783166], 
            [-70.2254405516401, 42.0017849544122], 
            [-70.2517996808106, 42.0347001412986], 
            [-70.2942566746058, 42.0686945146402], 
            [-70.2093606734563, 42.1222311560431], 
            [-70.0460347966685, 42.0755923147336], 
            [-69.9309035883299, 41.9318176992275], 
            [-69.8817736249528, 41.7047658622548], 
            [-69.9392043308151, 41.6070815016101], 
            [-69.9592142463403, 41.5370692803231], 
            [-69.9899260942138, 41.5124818155834], 
            [-70.0374552643489, 41.5183903614261], 
            [-70.0224815522818, 41.6388275698366], 
            [-70.1765444119949, 41.6196630170347], 
            [-70.2749122573947, 41.5818555182176], 
            [-70.3601410077013, 41.5924495319205], 
            [-70.4543539852481, 41.5370692803231], 
            [-70.5962670041189, 41.5164208461452], 
            [-70.5376042270534, 41.4916984830986], 
            [-70.5018561757219, 41.4470471435109], 
            [-70.4318439544349, 41.4270282347653], 
            [-70.4118250456892, 41.3359898640411], 
            [-70.7139343006274, 41.3138035891644], 
            [-70.7694404573112, 41.2444928390734], 
            [-70.8048467662652, 41.2161372149606], 
            [-70.8819636317162, 41.2534590798727], 
            [-70.8359633090594, 41.2903043041005], 
            [-70.8719451841229, 41.3515121625563], 
            [-70.8369525633101, 41.3795260442916], 
            [-70.8269431089373, 41.392026620732], 
            [-70.976761168593, 41.4024137903642], 
            [-70.9694047142561, 41.4746293506641], 
            [-71.0407569253917, 41.4673628285318], 
            [-71.0863615463482, 41.4720033302896], 
            [-71.1718960661505, 41.4398705535833], 
            [-71.2665407182795, 41.4495112859172], 
            [-71.3169027528597, 41.4206700278996], 
            [-71.3862494758326, 41.4277386991817], 
            [-71.4657315582647, 41.3320508334793], 
            [-71.5798375394708, 41.3436880607555], 
            [-71.6923876935372, 41.3122117891429], 
            [-71.8643110890854, 41.2815808802535], 
            [-72.0326551828903, 41.2183225675325], 
            [-72.0844741191852, 41.2806995446484], 
            [-72.3964039708665, 41.2376040322004], 
            [-72.5486591932671, 41.2220817336851], 
            [-72.6135452788914, 41.2287007439443], 
            [-72.6449945708427, 41.1908392858045], 
            [-72.7958378576309, 41.2244199710049], 
            [-72.8637456653302, 41.2174951912502], 
            [-72.9320042086273, 41.2244559438868], 
            [-73.0877667870076, 41.1321675155185], 
            [-73.2804645218202, 41.0978313997994], 
            [-73.3641554314279, 41.0375948091532], 
            [-73.5219954437347, 40.9912797237803], 
            [-73.6074849974346, 40.9542006758206], 
            [-73.617701295878, 40.9419069434508], 
            [-73.5380933083594, 40.9523210927443], 
            [-73.3901818114414, 40.9791388761583], 
            [-73.2179976124997, 40.9320144009439], 
            [-73.179668506896, 40.9765038625633], 
            [-73.1460338623728, 41.0054800188878], 
            [-72.8975062149398, 40.9855150694649], 
            [-72.6264955163549, 41.0072876562004], 
            [-72.4594734259578, 41.1115370677815], 
            [-72.412789618546, 41.1323743595891], 
            [-72.3550081770857, 41.1646150549409], 
            [-72.1176950755672, 41.2292043642901], 
            [-72.0543648170826, 41.2129356284765], 
            [-72.1443869538948, 41.1565481361876], 
            [-72.1548011031883, 41.1444612478884], 
            [-72.0603183290276, 41.1264208476441], 
            [-72.0312792201598, 41.0648982264721], 
            [-71.9477501885203, 41.1090999050367], 
            [-71.8773332723126, 41.1118878033795], 
            [-71.8063857560977, 41.0784060436041], 
            [-71.8640772653534, 41.0318301548378], 
            [-72.4176459575948, 40.8278998876698], 
            [-72.7741552031001, 40.7285248015784], 
            [-73.1986082291864, 40.5962884879235], 
            [-73.2913643050186, 40.5926192539755], 
            [-73.3508004990437, 40.5949754777362], 
            [-73.4934869348741, 40.5701272096031], 
            [-73.8319377936942, 40.5484805279541], 
            [-73.9473477918671, 40.5182363275446], 
            [-74.0453199355665, 40.5525724432637], 
            [-74.0903310039726, 40.5367983345756], 
            [-74.0751054817325, 40.6586115057165], 
            [-74.1137853229342, 40.7043510249799], 
            [-74.1678525643443, 40.6368299257605], 
            [-74.2787479658459, 40.6128360135713], 
            [-74.302894762783, 40.5043687815941], 
            [-74.1846429069445, 40.4096791633628], 
            [-74.1328959164134, 40.4161183092127], 
            [-74.0903310039726, 40.4692772353562], 
            [-74.0006775891993, 40.502201415463], 
            [-73.9477704732287, 40.4706801777481], 
            [-73.9356206323862, 40.3195401146846], 
            [-74.0140684944654, 40.0329171853799], 
            [-74.0692958613149, 39.7301424321276], 
            [-74.3201257731859, 39.3997405056199], 
            [-74.4158316253292, 39.3318866572435], 
            [-74.4941985484242, 39.2969120228716], 
            [-74.6515169539442, 39.1613751973076], 
            [-74.6966899003186, 39.0601385145808], 
            [-74.7821075082549, 38.9609972522215], 
            [-74.8792073095696, 38.9068220921659], 
            [-74.9709471514898, 38.8994476513881], 
            [-75.0159582198959, 38.9382354112353], 
            [-74.969742059948, 39.0418193245023], 
            [-74.9126351100222, 39.1441621733457], 
            [-75.0690991595985, 39.1779137297349], 
            [-75.1558567573834, 39.1709439838779], 
            [-75.2485588738929, 39.243537259437], 
            [-75.2952426813046, 39.2643655580242], 
            [-75.3610820482978, 39.311049365436], 
            [-75.3956789674103, 39.32147250795], 
            [-75.3609831228728, 39.1981484757716], 
            [-75.3694457433263, 39.0928468573966], 
            [-75.2879401862905, 38.9887863034452], 
            [-75.2478214298151, 38.8988720852786], 
            [-75.1600296116772, 38.8366300064697], 
            [-75.0579205865657, 38.8448318235299], 
            [-75.0028281180232, 38.4383742315856], 
            [-75.0459955762348, 38.3416161726483], 
            [-75.1041007736317, 38.2374836729332], 
            [-75.165920171079, 38.0745624910662], 
            [-75.2727326504914, 37.9381803027788], 
            [-75.3287784004028, 37.8487067524148], 
            [-75.4631910734092, 37.8181747689505], 
            [-75.5624132747528, 37.6592016108658], 
            [-75.5662893527714, 37.6110069424166], 
            [-75.5631956849329, 37.5725339452854], 
            [-75.6103291533677, 37.4880606254976], 
            [-75.6311574519548, 37.4413768180858], 
            [-75.6778412593666, 37.3755284578721], 
            [-75.6986785511741, 37.3288446504603], 
            [-75.7678723893992, 37.2404952526539], 
            [-75.7939617219558, 37.1538185938531], 
            [-75.9796177651477, 37.0379409482163], 
            [-76.0644957798563, 37.2647769478979], 
            [-75.9635109073025, 37.6011054066893], 
            [-75.8610781262545, 37.7455725001709], 
            [-75.8284417292024, 37.8187053689577], 
            [-75.7477095891262, 37.8547322101235], 
            [-75.790373426992, 37.8914964953671], 
            [-75.8007875762855, 37.9035833836663], 
            [-75.8353844953981, 37.8931692343727], 
            [-75.9223219575922, 37.8612433017371], 
            [-75.9358297747243, 37.9936055204785], 
            [-75.9662718259839, 37.9673812896149], 
            [-75.9721174192834, 37.8945362038828], 
            [-75.9254156254307, 37.8108183146136], 
            [-75.997091592503, 37.7581360291545], 
            [-76.0390269795114, 37.8571963525297], 
            [-76.0361401557435, 37.8930613157272], 
            [-76.0787950003889, 37.9298166077504], 
            [-76.0839211360515, 37.9936055204785], 
            [-76.0777697732564, 38.0701917859222], 
            [-76.1054598990551, 38.0940507998047], 
            [-76.1262881976422, 38.1857456756225], 
            [-76.2022539308742, 38.2333288050804], 
            [-76.2388203652676, 38.2757768056551], 
            [-76.2832468743437, 38.3140519519361], 
            [-76.3249124647384, 38.4074195667597], 
            [-76.3409383835995, 38.421224160167], 
            [-76.3556153193914, 38.3318765148894], 
            [-76.3488614108254, 38.2861909549487], 
            [-76.3567664516104, 38.2326992796481], 
            [-76.2861247048912, 38.1374071156459], 
            [-76.3091743289321, 38.0063129409895], 
            [-76.3536368108901, 38.0259181615939], 
            [-76.418262093121, 38.0738340402089], 
            [-76.498481619631, 38.0836366505111], 
            [-76.4890837042495, 38.0480145042661], 
            [-76.4403584357931, 38.0292276667235], 
            [-76.3784131332594, 37.9899003136487], 
            [-76.2440454263553, 37.9380723841333], 
            [-76.1965072629997, 37.865497095015], 
            [-76.2781477183425, 37.7369030356466], 
            [-76.2554937960018, 37.6222574612129], 
            [-76.2713668301151, 37.5419480024984], 
            [-76.2378041313555, 37.4890768594096], 
            [-76.1991152969334, 37.3887664783903], 
            [-76.2705484470531, 37.2762433039854], 
            [-76.3184283527862, 37.2959204703535], 
            [-76.3292561902209, 37.2617372393822], 
            [-76.365229072064, 37.2283993711342], 
            [-76.24043015173, 37.1127735356702], 
            [-76.2391980805269, 37.081773904742], 
            [-76.2691185249999, 36.9964192493489], 
            [-76.1807151678706, 36.9496455097326], 
            [-76.0933730107558, 36.9461831198551], 
            [-75.9749772633899, 36.9508775809357], 
            [-75.8431276582148, 36.5747001622827], 
            [-75.7491485043999, 36.2375533204295], 
            [-75.525586036966, 35.8521218779224], 
            [-75.452588066486, 35.7141748692749], 
            [-75.4507624427325, 35.6681295805158], 
            [-75.4937140636531, 35.4214815161591], 
            [-75.5252802674703, 35.1904906486246], 
            [-75.6384779334098, 35.1949782656345], 
            [-75.8469048108083, 35.128995007114], 
            [-76.0926985192212, 34.9940517341003], 
            [-76.3902931774881, 34.7495080833315], 
            [-76.4651527446034, 34.6518866752299], 
            [-76.5232849216617, 34.5618645384178], 
            [-76.5596265255436, 34.5865329421417], 
            [-76.6192605704189, 34.6508884277588], 
            [-76.8920878995369, 34.6617072719731], 
            [-77.1681348015798, 34.595948843964], 
            [-77.5640613323645, 34.3821080478482], 
            [-77.8014104067648, 34.1621968279214], 
            [-77.9514892698139, 33.8055796637706], 
            [-78.0990860040158, 33.8836767902517], 
            [-78.1864371543512, 33.8871391801292], 
            [-78.2201977039608, 33.885808183501], 
            [-78.2559817281742, 33.8872201191133], 
            [-78.4686174327483, 33.8533516508581], 
            [-78.5348525014417, 33.8183050707225], 
            [-78.6952915544616, 33.7876741618332], 
            [-78.8795446552616, 33.6525330379694], 
            [-78.9431537035805, 33.5935914710696], 
            [-79.1155267601518, 33.3896162377992], 
            [-79.146877126678, 33.2397622052616], 
            [-79.1159674279544, 33.1813602315895], 
            [-79.2825218708876, 33.0738013148788], 
            [-79.3660149296452, 32.9836982390826], 
            [-79.452691588446, 32.9871336492986], 
            [-79.5259773419807, 32.9639311405098], 
            [-79.5620581424693, 32.8874797733729], 
            [-79.6385095096061, 32.8513989728844], 
            [-79.7276772904745, 32.7830235177212], 
            [-79.8410638140437, 32.7163657676661], 
            [-79.8627104956927, 32.6704913500958], 
            [-79.9310859508559, 32.6263346376335], 
            [-79.9977886670133, 32.5804332404018], 
            [-80.0378444709455, 32.5820250404233], 
            [-80.1111302244802, 32.5588225316346], 
            [-80.1552869369425, 32.5354581448776], 
            [-80.2236623921057, 32.5138114632285], 
            [-80.306660823738, 32.4698885744982], 
            [-80.4043451843827, 32.4389608893337], 
            [-80.4012784962056, 32.3614303357415], 
            [-80.4282401711469, 32.3042964061543], 
            [-80.6215584381713, 32.2290141576773], 
            [-80.7070479918713, 32.1367527089704], 
            [-80.8313612783003, 32.0636648062859], 
            [-80.8277909697774, 31.9736336762533], 
            [-80.8880275604235, 31.9178217500738], 
            [-80.9204930862869, 31.8827751699382], 
            [-80.9886437109384, 31.8196427623037], 
            [-81.1022820446806, 31.6799960349891], 
            [-81.099889848038, 31.6194536748473], 
            [-81.1640384895846, 31.4835121543625], 
            [-81.2338888329032, 31.382005675022], 
            [-81.2580895891631, 31.2301011882193], 
            [-81.3695875364356, 31.0930894744997], 
            [-81.3931227943814, 30.8475026101574], 
            [-81.4327739033928, 30.772562104058], 
            [-81.3697224347425, 30.7141511371654], 
            [-81.4156328251947, 30.6273935393804], 
            [-81.3869174722635, 30.4715770016773], 
            [-81.3480757530935, 30.3981743362767], 
            [-81.3535256446927, 30.2608568530614], 
            [-81.2814539759202, 29.9922653307805], 
            [-81.2380347075357, 29.868410698595], 
            [-81.1974303171554, 29.6979352115409], 
            [-80.9611064698876, 29.1971837030656], 
            [-80.7188021310135, 28.821950572561], 
            [-80.5177227147315, 28.5440960332054], 
            [-80.5136307994218, 28.4409707741819], 
            [-80.582905576631, 28.3767861597535], 
            [-80.5550895457459, 28.1390503768735], 
            [-80.4945921517064, 28.0108789988668], 
            [-80.3698831635771, 27.7751846770313], 
            [-80.238015571961, 27.4173264484569], 
            [-80.1678324794853, 27.2686055616974], 
            [-80.1327858993497, 27.2023704930039], 
            [-80.1111302244802, 27.1339950378408], 
            [-80.0223581453121, 26.9178609705075], 
            [-80.0097406570056, 26.5995279458581], 
            [-80.071290257839, 26.127473803873], 
            [-80.1245571026281, 25.6269471259092], 
            [-80.1786513236996, 25.6485938075583], 
            [-80.2234915209169, 25.6723179231337], 
            [-80.2453090737547, 25.6260927699654], 
            [-80.2901132980901, 25.5414215993274], 
            [-80.2937105862745, 25.4505540997919], 
            [-80.2546440365929, 25.4083848890515], 
            [-80.2228080361619, 25.4685495339339], 
            [-80.1871768966964, 25.5810727083389], 
            [-80.1336402552935, 25.544731104457], 
            [-80.1736870660052, 25.403789353396], 
            [-80.3768349229932, 25.0891975084583], 
            [-80.4037156589504, 25.0642952810025], 
            [-80.4253623405994, 25.0409308942454], 
            [-80.4487267273565, 25.0192842125964], 
            [-80.4988549382048, 24.9651720050841], 
            [-80.6504266758503, 24.8608776274007], 
            [-80.6962921002002, 24.8392309457516], 
            [-80.8214687357935, 24.7729958770582], 
            [-80.896175418161, 24.7700371075265], 
            [-80.9401522662141, 24.8107763962138], 
            [-80.852980980288, 24.8383765898079], 
            [-80.8088242678256, 24.8617409765649], 
            [-80.7629498502553, 24.883387658214], 
            [-80.7521310060411, 24.8950698515924]
          ], 
          [
            [-116.829379172511, 50.5745094060843], 
            [-116.818353484226, 50.5859847553922], 
            [-116.62637520705, 50.6482897867443], 
            [-116.445305706293, 50.726629730178], 
            [-116.207372072563, 50.9263601633909], 
            [-116.109076172927, 51.0762861416922], 
            [-116.075648372474, 51.2876358157404], 
            [-116.122691908705, 51.4711784521239], 
            [-116.194484787643, 51.6105463896043], 
            [-116.348538654136, 51.7585568119474], 
            [-116.463121276026, 51.8141439076153], 
            [-116.601598884681, 51.847904457225], 
            [-117.043633656768, 51.9019177393123], 
            [-117.259587859692, 51.9387539703196], 
            [-117.523475927672, 52.0290818766274], 
            [-117.619541508634, 52.0785625756025], 
            [-117.825881958885, 52.2184341334286], 
            [-117.97275024223, 52.3712919016], 
            [-118.108457938983, 52.5782888569453], 
            [-118.175466424636, 52.7164067367816], 
            [-118.262340934287, 52.9841169234573], 
            [-118.336840772584, 53.3657172540481], 
            [-118.37307445782, 53.5426228937316], 
            [-118.462458075979, 53.7161380893015], 
            [-118.599937437163, 53.8062681447591], 
            [-118.766617785183, 53.8603623658306], 
            [-119.247125554401, 53.9466972822539], 
            [-119.567509033315, 54.0123118187356], 
            [-119.997331012017, 54.159431912253], 
            [-120.542437083804, 54.4122493258458], 
            [-120.737482049157, 54.4891773336671], 
            [-120.931789570432, 54.5522377955379], 
            [-121.253827801911, 54.6141291387489], 
            [-121.395237200436, 54.5182704018576], 
            [-121.386423844385, 54.0864069621117], 
            [-121.314612979006, 53.6654343123437], 
            [-121.212890662374, 53.2685005408674], 
            [-121.014140490191, 52.6878352753777], 
            [-120.86655274921, 52.3356247892527], 
            [-120.729873784647, 52.1339967865226], 
            [-120.50838875114, 51.9887832557428], 
            [-119.805955280612, 51.7740611240217], 
            [-119.26214423257, 51.5787823349369], 
            [-118.827196118206, 51.4023623291582], 
            [-118.550348819542, 51.2475979982491], 
            [-118.069382396081, 50.8937687324411], 
            [-117.911020776987, 50.7899509954421], 
            [-117.683249482378, 50.6932558890481], 
            [-117.250738530759, 50.5878193723662], 
            [-116.829379172511, 50.5745094060843]
          ], 
          [
            [-109.222319754253, 50.5294983376782], 
            [-109.200268377683, 50.5524580295145], 
            [-109.041115355189, 50.7053607637883], 
            [-108.722413608501, 51.0715557077298], 
            [-108.16904276711, 51.5497702057305], 
            [-108.034090500876, 51.7199848893912], 
            [-107.947935448862, 51.8975650206093], 
            [-107.774744009229, 52.4799030251046], 
            [-107.629989132692, 52.8032632599915], 
            [-107.297824534974, 53.3312822129039], 
            [-107.204133164214, 53.4965506253112], 
            [-107.11212352568, 53.7298167776223], 
            [-107.118499718987, 54.0420613920197], 
            [-107.257103232728, 54.2137689502769], 
            [-107.488004168058, 54.3651518302928], 
            [-107.70958812699, 54.4592119230918], 
            [-107.926864333322, 54.5121819916057], 
            [-108.450431642107, 54.5014980456983], 
            [-108.668796028114, 54.4455332347711], 
            [-108.876260630923, 54.3197270737455], 
            [-109.288186100908, 53.7874093614529], 
            [-109.514095798882, 53.5703579856326], 
            [-109.718196937239, 53.436547858397], 
            [-109.875065681736, 53.3604382336376], 
            [-110.141795607381, 53.2613329441601], 
            [-110.855596508572, 53.09796210127], 
            [-111.394551217565, 52.9419836855987], 
            [-111.741365771413, 52.7867247275642], 
            [-111.966978693112, 52.6337950136291], 
            [-112.241442788354, 52.3481343589136], 
            [-112.342931281254, 52.1771642447342], 
            [-112.437234191005, 51.9380704855645], 
            [-112.488954201875, 51.6203669863474], 
            [-112.425183275588, 51.3090037075551], 
            [-112.262217127618, 51.1148760506892], 
            [-112.088423142214, 51.0117058255635], 
            [-111.899439607452, 50.965633557143], 
            [-111.701741642063, 50.9696715131299], 
            [-111.126310430882, 51.1361989764017], 
            [-110.775421948164, 51.1743212379349], 
            [-110.473141822037, 51.1462354104359], 
            [-110.225432557666, 51.0745504501432], 
            [-109.906820743183, 50.9104241767345], 
            [-109.408011770327, 50.5434738022743], 
            [-109.222319754253, 50.5294983376782]
          ], 
          [
            [-125.121254342414, 50.1085166946898], 
            [-125.141884790151, 50.0503125718678], 
            [-125.11161361008, 50.0343675919909], 
            [-125.121254342414, 50.1085166946898]
          ], 
          [
            [-124.278463680155, 49.7290837302301], 
            [-124.311819534844, 49.6752233328906], 
            [-124.233884286331, 49.6517600207085], 
            [-124.278463680155, 49.7290837302301]
          ], 
          [
            [-124.112206013497, 49.6178735660124], 
            [-124.233884286331, 49.6517600207085], 
            [-124.213820411483, 49.6257786067973], 
            [-124.098842087892, 49.539227853083], 
            [-124.112206013497, 49.6178735660124]
          ], 
          [
            [-124.098842087892, 49.539227853083], 
            [-124.079003043556, 49.4876067676383], 
            [-124.111342664332, 49.4617062927113], 
            [-124.161641746369, 49.3988976410134], 
            [-124.382740071397, 49.4467325806442], 
            [-124.446448045141, 49.497751120318], 
            [-124.426429136395, 49.5292183987102], 
            [-124.394692061389, 49.5546332397323], 
            [-124.536856890433, 49.6584779563926], 
            [-124.669758702402, 49.7144787402018], 
            [-124.694013417985, 49.7992938023672], 
            [-124.744303506801, 49.8395654435905], 
            [-124.696918228194, 49.9201716785802], 
            [-124.836924684327, 49.9027608037681], 
            [-124.925184149928, 49.9366832313461], 
            [-125.038345842986, 49.9225998481046], 
            [-125.027446059788, 50.0102927408174], 
            [-125.11161361008, 50.0343675919909], 
            [-125.121829908523, 49.9995638288077], 
            [-125.14870165126, 49.9526372044435], 
            [-125.011779869745, 49.8388999452764], 
            [-124.825242490948, 49.7238406827015], 
            [-124.832248209687, 49.6551054987199], 
            [-124.730444954071, 49.5705512399479], 
            [-124.672753444816, 49.5764328061292], 
            [-124.586868189415, 49.5676734094004], 
            [-124.516244429137, 49.5132914052742], 
            [-124.635800301942, 49.4614364960975], 
            [-124.580312131699, 49.4153462412361], 
            [-124.277555364888, 49.361395911692], 
            [-124.131721301896, 49.3762617051137], 
            [-124.088634782669, 49.3243798162756], 
            [-124.041537287116, 49.3039562126092], 
            [-124.02111368345, 49.2793687478695], 
            [-123.940444495917, 49.2556985916168], 
            [-123.90693575648, 49.2591160153919], 
            [-123.7285372422, 49.1893466110573], 
            [-123.644333719026, 49.1646332412312], 
            [-123.616005074575, 49.0993244742452], 
            [-123.591417609835, 49.0789008705788], 
            [-123.570994006168, 49.0543044126186], 
            [-123.484506204997, 48.9824755607985], 
            [-123.321342206178, 48.9213576345473], 
            [-123.120874328887, 48.8292490705882], 
            [-123.015248954576, 48.8058217312879], 
            [-122.950596692683, 48.8124137618857], 
            [-122.764230185075, 48.7559543238331], 
            [-122.738266757605, 48.7830149241994], 
            [-122.85451312528, 48.929901193985], 
            [-122.848514647233, 48.9887798083416], 
            [-122.895809993636, 49.0092933442126], 
            [-122.938743628116, 49.0338808089522], 
            [-122.990418672883, 49.0543044126186], 
            [-122.981326526998, 48.9650556927661], 
            [-123.047822399084, 48.9438586721401], 
            [-123.21306383183, 48.9900658388674], 
            [-123.204619197818, 49.0729743382952], 
            [-123.323428633325, 49.0993244742452], 
            [-123.343852236991, 49.1113124371193], 
            [-123.252391184905, 49.1677269090697], 
            [-123.30147618218, 49.2085021706387], 
            [-123.298733249939, 49.2354008930368], 
            [-123.30322986017, 49.2795306258378], 
            [-123.274091825877, 49.3037313820977], 
            [-123.480971869356, 49.3243798162756], 
            [-123.640664485078, 49.3924764816044], 
            [-123.875846193347, 49.4446281670564], 
            [-123.953151916428, 49.4367411127122], 
            [-124.047131070243, 49.4720574894616], 
            [-124.041330443045, 49.5289845749782], 
            [-124.098842087892, 49.539227853083]
          ], 
          [
            [-69.7503377079188, 47.7760620156496], 
            [-69.7322703280132, 47.7561330391085], 
            [-69.7241494499371, 47.783760212364], 
            [-69.7503377079188, 47.7760620156496]
          ], 
          [
            [-119.777680595483, 47.513684808707], 
            [-119.76767114111, 47.526176391927], 
            [-119.627655691757, 47.5662142094183], 
            [-119.43272763827, 47.6411367290769], 
            [-119.258483991843, 47.7519961576966], 
            [-119.161438149851, 47.8731798034053], 
            [-119.100778877843, 48.0372431242708], 
            [-119.137866919023, 48.2004970552949], 
            [-119.251505252765, 48.3356651588201], 
            [-119.431207784012, 48.4113880750997], 
            [-119.744171856046, 48.46585101821], 
            [-119.966718089568, 48.4381698856318], 
            [-120.154667403977, 48.3533098573641], 
            [-120.275284476797, 48.2026824078669], 
            [-120.324000752033, 47.9775371336319], 
            [-120.272856307273, 47.7524098458378], 
            [-120.185478177276, 47.6037519116215], 
            [-120.054734738218, 47.524341774953], 
            [-119.777680595483, 47.513684808707]
          ], 
          [
            [-69.8154666104956, 47.8605443286579], 
            [-69.8760719231806, 47.7592087205061], 
            [-69.9938111654529, 47.6719115294936], 
            [-70.1100125670263, 47.6243553796971], 
            [-70.1419564861029, 47.5713943044037], 
            [-70.17137331023, 47.4995294797018], 
            [-70.2769986845416, 47.4363610991855], 
            [-70.3438362990059, 47.3497653793688], 
            [-70.4105839812657, 47.3398998165234], 
            [-70.4938701959527, 47.3522025421137], 
            [-70.5245640573853, 47.3013278939672], 
            [-70.5441692779897, 47.2534120153523], 
            [-70.6595972626035, 47.1212746271224], 
            [-70.6693998729057, 47.0860661690186], 
            [-70.6055839805162, 47.103836772649], 
            [-70.4726282092244, 47.184038312718], 
            [-70.4798767449158, 47.2331323032133], 
            [-70.4590124734468, 47.2759220461656], 
            [-70.3271628682717, 47.2240851234298], 
            [-70.2094775853222, 47.32382893156], 
            [-70.088087095543, 47.3735164746057], 
            [-70.0973321261766, 47.4360643229103], 
            [-70.0715395698952, 47.4559663197899], 
            [-70.0519343492907, 47.5038821984048], 
            [-69.9365063646769, 47.5684984874153], 
            [-69.9089421439647, 47.6358487154459], 
            [-69.8014731594587, 47.6585206242275], 
            [-69.7818589456338, 47.7138019503998], 
            [-69.8405037362584, 47.7590648289788], 
            [-69.7789631286454, 47.8610749286651], 
            [-69.7691605183432, 47.896283386769], 
            [-69.8154666104956, 47.8605443286579]
          ], 
          [
            [-70.7144199345323, 47.0860661690186], 
            [-70.7144199345323, 47.0635651314258], 
            [-70.6693998729057, 47.0635651314258], 
            [-70.6693998729057, 47.0860661690186], 
            [-70.7144199345323, 47.0860661690186]
          ], 
          [
            [-70.7655643792926, 47.0545449313036], 
            [-70.7269295041932, 47.0343101852669], 
            [-70.7144199345323, 47.0635651314258], 
            [-70.7655643792926, 47.0545449313036]
          ], 
          [
            [-60.4553227549411, 46.3806829221792], 
            [-60.4372553750355, 46.3607629388586], 
            [-60.4291344969594, 46.3883811188936], 
            [-60.4553227549411, 46.3806829221792]
          ], 
          [
            [-60.365300618129, 46.3581728913659], 
            [-60.3472332382233, 46.3382529080454], 
            [-60.3391123601472, 46.3658710880803], 
            [-60.365300618129, 46.3581728913659]
          ], 
          [
            [-64.7144849854936, 45.5648449416408], 
            [-64.6510917744658, 45.6139838982384], 
            [-64.6019528178682, 45.6323660408602], 
            [-64.5305826202916, 45.6788430042014], 
            [-64.5710880852469, 45.7068029266139], 
            [-64.645066316757, 45.6902194280842], 
            [-64.6694739170875, 45.654867078453], 
            [-64.7360417349381, 45.6089117218986], 
            [-64.7728060201816, 45.5556538703299], 
            [-64.7144849854936, 45.5648449416408]
          ], 
          [
            [-106.611614834157, 45.3756006034852], 
            [-106.600795989943, 45.3872827968636], 
            [-106.357124681559, 45.4644356351965], 
            [-105.970623045817, 45.6348571629278], 
            [-105.768869138, 45.7197621572978], 
            [-105.497147974999, 45.8057823110049], 
            [-104.866948051212, 45.9358692449698], 
            [-104.745566554653, 46.0000988255005], 
            [-104.674376221485, 46.0769279078967], 
            [-104.638987898972, 46.2623141544747], 
            [-104.67660654016, 46.8770637255106], 
            [-104.638232468454, 47.3193143348887], 
            [-104.50601414124, 47.951267936666], 
            [-104.453142998151, 48.228196174314], 
            [-104.465175927127, 48.5318252835101], 
            [-104.594066762771, 48.7753976664692], 
            [-104.789804206099, 48.9293256278755], 
            [-105.092884728847, 49.0999360132365], 
            [-105.25239748016, 49.1976023874403], 
            [-105.504873151375, 49.3803176475415], 
            [-105.796046650233, 49.6945677501017], 
            [-106.037010999258, 50.007396923829], 
            [-106.171189848533, 50.1317192034786], 
            [-106.312320457223, 50.1577186038306], 
            [-106.439538553861, 50.0903953554614], 
            [-106.819852853926, 49.6799447736325], 
            [-107.026876788933, 49.4881193812046], 
            [-107.237524991785, 49.3520969217356], 
            [-107.432336133406, 49.2601502357448], 
            [-107.739814340959, 49.1744448447539], 
            [-108.193144597945, 49.1924132992344], 
            [-108.467464801659, 49.2885598191804], 
            [-108.64743712952, 49.3837890306393], 
            [-109.074183426824, 49.6926162212617], 
            [-109.237356418864, 49.7300999641421], 
            [-109.375780068196, 49.6348527662423], 
            [-109.729384503492, 49.2174234453358], 
            [-110.018921236226, 48.949146685771], 
            [-110.279104097376, 48.8026830973471], 
            [-110.601079376312, 48.7259889132578], 
            [-111.327075084448, 48.6956817603051], 
            [-111.462477011705, 48.6673531158537], 
            [-111.629409169897, 48.5524827109085], 
            [-111.66380823816, 48.3923044612819], 
            [-111.546060002667, 48.2387632083555], 
            [-111.338892176133, 48.0868137554505], 
            [-111.087396765948, 47.9452334857369], 
            [-110.843239823659, 47.8679367558767], 
            [-110.625145234265, 47.9135593632741], 
            [-110.223409083063, 48.1465826986327], 
            [-110.051377768869, 48.2277734929524], 
            [-109.815305731774, 48.2840081004935], 
            [-109.35126454922, 48.2656079714308], 
            [-109.069587891168, 48.1668893904331], 
            [-108.906163088955, 48.0804105824825], 
            [-108.693185642004, 47.9170936989151], 
            [-108.492411995217, 47.7004020519133], 
            [-108.198729387851, 47.2769382800777], 
            [-108.064208796199, 47.0910574063743], 
            [-107.69123296403, 46.6799593126722], 
            [-107.500127029239, 46.4369445093817], 
            [-107.327088474354, 46.1217501186731], 
            [-107.152476105888, 45.6733481464998], 
            [-107.05220169775, 45.4838430049508], 
            [-106.903453831329, 45.3877864172095], 
            [-106.611614834157, 45.3756006034852]
          ], 
          [
            [-66.0781629768398, 44.4078401497032], 
            [-66.0858611735542, 44.4340284076849], 
            [-66.1057811568749, 44.4159610277793], 
            [-66.0781629768398, 44.4078401497032]
          ], 
          [
            [-64.0755436514183, 44.4165635735501], 
            [-64.1520399846575, 44.3771822611525], 
            [-64.0976310008699, 44.3628290812971], 
            [-64.0755436514183, 44.4165635735501]
          ], 
          [
            [-114.736315028915, 44.3628290812971], 
            [-114.725487191481, 44.3745112746757], 
            [-114.61188483062, 44.4015718750421], 
            [-114.162835346574, 44.5995756099265], 
            [-113.972421889758, 44.6697407159614], 
            [-113.587341182849, 44.7310834727242], 
            [-113.201523031862, 44.6807753974667], 
            [-112.630246688534, 44.5135374697785], 
            [-112.477415900024, 44.4771329133533], 
            [-112.1728514959, 44.4892018152117], 
            [-111.970746852485, 44.6282729764168], 
            [-111.818518609746, 44.8986991156717], 
            [-111.771106351477, 45.0977640505706], 
            [-111.778597704121, 45.2867655717738], 
            [-111.943191624993, 45.4392815975677], 
            [-112.26399778527, 45.5574884873039], 
            [-112.762608907275, 45.6964787095249], 
            [-113.096725033833, 45.7240159505757], 
            [-113.57681911491, 45.6114927761708], 
            [-113.851031399979, 45.5519666499411], 
            [-114.503876252887, 45.5038079543737], 
            [-114.670664519552, 45.4689052657655], 
            [-114.868848118846, 45.3824264578149], 
            [-115.0920238778, 45.2112854724467], 
            [-115.226085815208, 45.0408009921721], 
            [-115.271330707346, 44.9449332620605], 
            [-115.264459886914, 44.7715799444589], 
            [-115.18181219088, 44.615394684717], 
            [-114.989150428949, 44.436879258571], 
            [-114.897410587029, 44.3935858952729], 
            [-114.736315028915, 44.3628290812971]
          ], 
          [
            [-68.2920600305459, 44.1811120686671], 
            [-68.3363336548742, 44.1418566613559], 
            [-68.2837592880607, 44.1152637084535], 
            [-68.2920600305459, 44.1811120686671]
          ], 
          [
            [-66.1006730076531, 43.6426340003589], 
            [-66.1083712043675, 43.6688222583406], 
            [-66.1282911876881, 43.650754878435], 
            [-66.1006730076531, 43.6426340003589]
          ], 
          [
            [-70.898142435325, 42.3970999462056], 
            [-70.8800750554194, 42.3771799628851], 
            [-70.8719541773434, 42.40479814292], 
            [-70.898142435325, 42.3970999462056]
          ], 
          [
            [-71.3445838854379, 41.8196452604205], 
            [-71.3522820821523, 41.8458245251818], 
            [-71.3722020654729, 41.8277661384966], 
            [-71.3445838854379, 41.8196452604205]
          ], 
          [
            [-72.6049297736901, 41.7746341920144], 
            [-72.6171515602962, 41.8032056534183], 
            [-72.6566857574417, 41.7837533175617], 
            [-72.6049297736901, 41.7746341920144]
          ], 
          [
            [-70.8719541773434, 41.4595477199514], 
            [-70.8627631060324, 41.4728576862333], 
            [-70.8136331426554, 41.4912488220755], 
            [-70.7502399316275, 41.5403787854527], 
            [-70.6847692866732, 41.5648763179877], 
            [-70.7056875174649, 41.6487920581071], 
            [-70.8136331426554, 41.5587609280744], 
            [-70.8852731368457, 41.5403787854527], 
            [-70.9468766970019, 41.5002600289773], 
            [-70.8719541773434, 41.4595477199514]
          ], 
          [
            [-70.7332427449567, 41.4222348482597], 
            [-70.7513101248623, 41.4421548315803], 
            [-70.7594310029384, 41.4145366515453], 
            [-70.7332427449567, 41.4222348482597]
          ], 
          [
            [-70.7594310029384, 41.392026620732], 
            [-70.7594310029384, 41.4145366515453], 
            [-70.8269431089373, 41.4145366515453], 
            [-70.8269431089373, 41.392026620732], 
            [-70.7594310029384, 41.392026620732]
          ], 
          [
            [-72.2242737312476, 41.1357018511596], 
            [-72.252386538408, 41.0896026030778], 
            [-72.1924557172575, 41.069385843482], 
            [-72.1548011031883, 41.1444612478884], 
            [-72.2242737312476, 41.1357018511596]
          ], 
          [
            [-73.6627123642841, 40.9419069434508], 
            [-73.6627123642841, 40.9193969126375], 
            [-73.617701295878, 40.9193969126375], 
            [-73.617701295878, 40.9419069434508], 
            [-73.6627123642841, 40.9419069434508]
          ], 
          [
            [-73.6889006222659, 40.9116987159231], 
            [-73.6708332423602, 40.8917787326025], 
            [-73.6627123642841, 40.9193969126375], 
            [-73.6889006222659, 40.9116987159231]
          ], 
          [
            [-122.455897621578, 40.6043194337949], 
            [-122.410886553172, 40.6043194337949], 
            [-122.028377907315, 40.5833742233418], 
            [-121.974643415062, 40.633169685033], 
            [-121.889405671534, 40.8406792539445], 
            [-121.792395802424, 41.1587514752005], 
            [-121.866149203423, 41.2671737410754], 
            [-122.18619093996, 41.279854181925], 
            [-122.757152520572, 41.1559186107553], 
            [-123.030987090382, 41.0751235181359], 
            [-123.311944290796, 40.9425274756625], 
            [-123.45546709613, 40.7661704224271], 
            [-123.460251489415, 40.6454094580801], 
            [-123.397200020764, 40.5117971816946], 
            [-123.312420931481, 40.4203091499474], 
            [-123.179150397473, 40.3497843150942], 
            [-122.992631005117, 40.3009151551104], 
            [-122.812433846745, 40.3406022370037], 
            [-122.714290831856, 40.4125839735716], 
            [-122.580111982582, 40.5259704971408], 
            [-122.466725459013, 40.5926372404164], 
            [-122.455897621578, 40.6043194337949]
          ], 
          [
            [-74.7655150165048, 39.9291354212627], 
            [-74.7550918739908, 39.941222309562], 
            [-74.7097840293094, 39.9802618795822], 
            [-74.6875797679918, 40.0496625618778], 
            [-74.7939695660426, 40.1855051569375], 
            [-74.9921261856749, 40.2096249742133], 
            [-75.023494538642, 40.147589739475], 
            [-74.909820232018, 39.943857323157], 
            [-74.7655150165048, 39.9291354212627]
          ], 
          [
            [-75.8457986446916, 39.6815700484191], 
            [-75.8534968414061, 39.7077493131803], 
            [-75.8734258179471, 39.6896819332747], 
            [-75.8457986446916, 39.6815700484191]
          ], 
          [
            [-75.4632000666297, 39.366483576356], 
            [-75.4708982633441, 39.3926628411173], 
            [-75.4908182466647, 39.3746044544321], 
            [-75.4632000666297, 39.366483576356]
          ], 
          [
            [-75.425887194938, 39.3701618035245], 
            [-75.4458071782586, 39.3520944236188], 
            [-75.4181889982236, 39.3439735455428], 
            [-75.425887194938, 39.3701618035245]
          ], 
          [
            [-75.3956789674103, 39.3439735455428], 
            [-75.4181889982236, 39.3439735455428], 
            [-75.4181889982236, 39.32147250795], 
            [-75.3956789674103, 39.32147250795], 
            [-75.3956789674103, 39.3439735455428]
          ], 
          [
            [-76.3822712248371, 38.946563133382], 
            [-76.4003386047427, 38.9664831167025], 
            [-76.4084594828188, 38.9388649366676], 
            [-76.3822712248371, 38.946563133382]
          ], 
          [
            [-76.7910580608807, 38.9388649366676], 
            [-76.7822716844906, 38.9525885910907], 
            [-76.7185007582034, 38.9934178119825], 
            [-76.7434929178638, 39.0823427758985], 
            [-76.8228670816504, 39.0600305959354], 
            [-76.844855505677, 38.9733089710323], 
            [-76.7910580608807, 38.9388649366676]
          ], 
          [
            [-76.228406215974, 38.6462884954178], 
            [-76.2697840233139, 38.6998880893639], 
            [-76.3057299254956, 38.6594185972905], 
            [-76.228406215974, 38.6462884954178]
          ], 
          [
            [-76.3698605806012, 38.4999957781827], 
            [-76.3220975867342, 38.6300557324861], 
            [-76.3863181740444, 38.6853910179812], 
            [-76.4272912864636, 38.7588206630432], 
            [-76.3962287029922, 38.8144976909158], 
            [-76.4084594828188, 38.9388649366676], 
            [-76.4334516424793, 38.9188460279219], 
            [-76.4634710123773, 38.8138411858221], 
            [-76.5002802637231, 38.7512303849743], 
            [-76.4691996938108, 38.5013357680314], 
            [-76.3848252994479, 38.4337697027097], 
            [-76.3409383835995, 38.421224160167], 
            [-76.3698605806012, 38.4999957781827]
          ], 
          [
            [-76.5061798163454, 38.1098159152724], 
            [-76.526099799666, 38.0917575285871], 
            [-76.498481619631, 38.0836366505111], 
            [-76.5061798163454, 38.1098159152724]
          ], 
          [
            [-75.9225108152219, 38.0028055850098], 
            [-75.9041286726001, 38.0741128300431], 
            [-75.9900319144413, 38.075632684301], 
            [-75.9358297747243, 37.9936055204785], 
            [-75.9225108152219, 38.0028055850098]
          ], 
          [
            [-75.752098280711, 37.933791611194], 
            [-75.7701656606167, 37.9537115945146], 
            [-75.7782865386927, 37.9260934144796], 
            [-75.752098280711, 37.933791611194]
          ], 
          [
            [-75.7782865386927, 37.9035833836663], 
            [-75.7782865386927, 37.9260934144796], 
            [-75.8007875762855, 37.9260934144796], 
            [-75.8007875762855, 37.9035833836663], 
            [-75.7782865386927, 37.9035833836663]
          ], 
          [
            [-116.109184091573, 37.8585723152602], 
            [-116.098158403288, 37.8700476645681], 
            [-115.975913557565, 37.893915671671], 
            [-115.792406894063, 37.9409412214602], 
            [-115.550992884014, 38.065308467212], 
            [-115.44336202154, 38.210504011551], 
            [-115.397001970065, 38.3533613185701], 
            [-115.352458549123, 38.9450972384469], 
            [-115.307294595969, 39.165637983806], 
            [-115.23842451368, 39.366834311954], 
            [-115.146981448035, 39.5443514906289], 
            [-115.002586300317, 39.7346480355785], 
            [-114.847210430417, 39.8839265020065], 
            [-114.575363362329, 40.0621541450978], 
            [-113.990929937467, 40.3018324635974], 
            [-113.814195168972, 40.4445009129868], 
            [-113.709657974336, 40.6205971628289], 
            [-113.627073230845, 40.9593897640265], 
            [-113.599985650817, 41.4092306514735], 
            [-113.647802604007, 41.6896122857784], 
            [-113.77102771076, 41.9744095913297], 
            [-114.038944741507, 42.2708441241571], 
            [-114.442155780865, 42.5994114336908], 
            [-114.688102374025, 42.7817309920917], 
            [-114.8261932742, 42.8487304845243], 
            [-115.101169983008, 42.8431187149568], 
            [-115.445034760546, 42.6858992348619], 
            [-115.614943674711, 42.6137736067666], 
            [-115.746379591745, 42.5711187621213], 
            [-115.992901751015, 42.5229960394358], 
            [-116.317314192696, 42.5296150496949], 
            [-116.559915307845, 42.599825121832], 
            [-116.755266042694, 42.7004592587879], 
            [-116.963872784501, 42.8755842408201], 
            [-117.141003254696, 43.1252630204721], 
            [-117.256305334224, 43.435583085691], 
            [-117.290533531297, 43.7957615651442], 
            [-117.243265164556, 44.1191847525744], 
            [-117.157298970171, 44.4546228825401], 
            [-117.123268623948, 44.6289564611718], 
            [-117.1633334211, 44.7853035988821], 
            [-117.321443230021, 44.8889684511332], 
            [-117.817877992675, 44.9140055768959], 
            [-118.273708364949, 44.8674206949092], 
            [-118.891992271626, 44.7619571985659], 
            [-119.212816418343, 44.7344109642946], 
            [-119.614039955979, 44.8028403787806], 
            [-119.855606850775, 44.9008305089209], 
            [-120.093171762467, 45.0336333954649], 
            [-120.466444370911, 45.3168658806559], 
            [-120.630094003635, 45.414010648073], 
            [-120.871750830636, 45.4090823632605], 
            [-120.974750184573, 45.3560223625421], 
            [-121.189265472224, 45.1327566713833], 
            [-121.355703003291, 44.8523750370784], 
            [-121.563680219666, 44.4236951973755], 
            [-121.684387224691, 44.0894801453925], 
            [-121.759786385034, 43.7801673208652], 
            [-121.796460738073, 43.4800455676489], 
            [-121.790102531207, 43.1684574583451], 
            [-121.717626167514, 42.8856656409566], 
            [-121.585650657252, 42.5251903852282], 
            [-121.360217599962, 42.0478931957145], 
            [-121.107975752479, 41.7154677946031], 
            [-120.603779840567, 41.2588550121492], 
            [-120.339657948855, 41.063063609498], 
            [-120.054941582288, 40.942203719726], 
            [-119.321598413036, 40.8154083044498], 
            [-119.100248277836, 40.7700734801071], 
            [-118.788003663438, 40.6797096009174], 
            [-118.529520520955, 40.5748666367859], 
            [-118.282953395583, 40.4328636857106], 
            [-118.029038809094, 40.2060906385722], 
            [-117.888969400417, 40.0171340834713], 
            [-117.782516649824, 39.7976995042288], 
            [-117.727370221958, 39.6277815968433], 
            [-117.681199028113, 39.3912688919459], 
            [-117.65108073279, 38.837358457327], 
            [-117.623336647668, 38.6747250585147], 
            [-117.528647029437, 38.4558840318227], 
            [-117.346561294768, 38.2389675543093], 
            [-117.256862913892, 38.1527855226339], 
            [-117.077538097905, 38.0198567310034], 
            [-116.900506553135, 37.9339714756032], 
            [-116.706531781017, 37.8710189323779], 
            [-116.109184091573, 37.8585723152602]
          ], 
          [
            [-76.3465771328284, 37.3472807524048], 
            [-76.3714074145205, 37.3073148806773], 
            [-76.3184283527862, 37.2959204703535], 
            [-76.3465771328284, 37.3472807524048]
          ], 
          [
            [-119.327551924981, 36.0130735445085], 
            [-119.113315427165, 36.2489567239737], 
            [-119.069167707923, 36.3230878402317], 
            [-119.117092579759, 36.459838750558], 
            [-119.255795018925, 36.5415421584439], 
            [-119.396359054727, 36.467159232013], 
            [-119.483647252519, 36.3729552476866], 
            [-119.469986550639, 36.0282361142054], 
            [-119.327551924981, 36.0130735445085]
          ], 
          [
            [-79.3567519125706, 35.9680624761025], 
            [-79.3255004714695, 36.0043321342207], 
            [-79.2321328566459, 36.0847764912422], 
            [-79.0117000299324, 36.1684314279681], 
            [-78.9120281675658, 36.2841202159753], 
            [-78.8697960042821, 36.4699831032377], 
            [-78.8771344721781, 36.5613002637962], 
            [-78.9507709613108, 36.6932757740578], 
            [-79.0543548745777, 36.7581528664617], 
            [-79.2177616903497, 36.7952768805237], 
            [-79.4020327775905, 36.7804740396453], 
            [-79.5381002031618, 36.7304987135449], 
            [-79.6257301433314, 36.668373546602], 
            [-79.6689965269681, 36.4778971372432], 
            [-79.6538339572713, 36.2891833990947], 
            [-79.6085890651332, 36.1659672855619], 
            [-79.4796712498282, 35.9841423542863], 
            [-79.3567519125706, 35.9680624761025]
          ], 
          [
            [-120.250301310357, 35.4054106311958], 
            [-120.233519960977, 35.4263648348693], 
            [-119.837098803067, 35.6649190008113], 
            [-119.812682209516, 35.7790069955765], 
            [-119.929369244995, 35.9387535706209], 
            [-120.135439898632, 36.0639212129936], 
            [-120.302731785643, 36.0431109008475], 
            [-120.393194590258, 35.9301470586399], 
            [-120.440364031575, 35.7563890461176], 
            [-120.414670400718, 35.5498597382364], 
            [-120.338812586132, 35.420816017845], 
            [-120.250301310357, 35.4054106311958]
          ], 
          [
            [-76.498481619631, 35.3378895319764], 
            [-76.5061798163454, 35.3640777899581], 
            [-76.526099799666, 35.3460104100525], 
            [-76.498481619631, 35.3378895319764]
          ], 
          [
            [-80.2795012979465, 35.3153884943836], 
            [-80.2694918435737, 35.3278800776036], 
            [-80.2194985310323, 35.3679178950949], 
            [-80.1695142117114, 35.4303488315334], 
            [-80.1307714179665, 35.5658316977747], 
            [-80.1374713672097, 35.6196920951142], 
            [-80.2031668426756, 35.7096332929422], 
            [-80.4051186013423, 35.7947271449419], 
            [-80.5897314309607, 35.7717674531055], 
            [-80.6270982619752, 35.6398009360644], 
            [-80.5339644708836, 35.4335324315765], 
            [-80.4012784962056, 35.3272775318327], 
            [-80.2795012979465, 35.3153884943836]
          ], 
          [
            [-118.854931210107, 35.2703774259775], 
            [-118.844921755734, 35.2828690091975], 
            [-118.757120944376, 35.3531780067597], 
            [-118.732389588109, 35.4434969198471], 
            [-118.901920787015, 35.6554761193275], 
            [-119.04664868389, 35.6374716919651], 
            [-119.135007074917, 35.4878334967186], 
            [-119.058321884048, 35.3828556342802], 
            [-118.933316119643, 35.3984049124568], 
            [-118.900427912418, 35.2833816227638], 
            [-118.854931210107, 35.2703774259775]
          ], 
          [
            [-76.1608851167547, 35.0228030599134], 
            [-76.129642668874, 35.0590727180316], 
            [-76.0812771292361, 35.1007383084263], 
            [-76.0197005487413, 35.1722164246484], 
            [-75.9238777847319, 35.164518227934], 
            [-75.6775534763118, 35.2600711953295], 
            [-75.6538743268387, 35.2581646325918], 
            [-75.6103291533677, 35.2824643142767], 
            [-75.5636363527354, 35.3032926128639], 
            [-75.5352627421818, 35.3669016611828], 
            [-75.5445077728154, 35.4819789101986], 
            [-75.5186252843293, 35.5283569481147], 
            [-75.4977969857422, 35.5858326200794], 
            [-75.5493461254233, 35.7262077982514], 
            [-75.6103291533677, 35.7534212833656], 
            [-75.6311574519548, 35.7775950599641], 
            [-75.6590364353831, 35.8016159518148], 
            [-75.702131947831, 35.7981535619374], 
            [-75.6946136155259, 35.7045251437205], 
            [-75.7249747278014, 35.5653370706494], 
            [-75.9148755710507, 35.5221965920991], 
            [-76.030762209908, 35.3608042577104], 
            [-76.1054598990551, 35.3274753826829], 
            [-76.1518379369712, 35.3016018874172], 
            [-76.2058961851608, 35.3059456128998], 
            [-76.2867632235439, 35.2994435145067], 
            [-76.4450439036532, 35.3281408809969], 
            [-76.4393511951015, 35.2572383308843], 
            [-76.5289776302134, 35.0965924337939], 
            [-76.6019126481501, 35.0337568024345], 
            [-76.549347274557, 35.0123889106198], 
            [-76.4698921717862, 35.1046233796653], 
            [-76.2802611251507, 35.0349798804172], 
            [-76.1608851167547, 35.0228030599134]
          ], 
          [
            [-119.282540856575, 34.7977477178829], 
            [-119.272738246273, 34.8104461451736], 
            [-119.142084739419, 34.8639198340332], 
            [-119.115195010241, 34.9881971475804], 
            [-119.187464529864, 35.1079958373381], 
            [-119.304448341618, 35.2460237849698], 
            [-119.591745762457, 35.3214409317537], 
            [-119.713540947157, 35.2479663205893], 
            [-119.742472137379, 35.0774818403148], 
            [-119.673089441524, 34.9187065330801], 
            [-119.51432312751, 34.8083057587039], 
            [-119.282540856575, 34.7977477178829]
          ], 
          [
            [-117.752128557887, 34.0100315377254], 
            [-117.717126943853, 34.0650520605043], 
            [-117.679814072162, 34.1955436893898], 
            [-117.746246991705, 34.3683664069842], 
            [-117.892602661484, 34.4026485633806], 
            [-117.986231079701, 34.2857187109498], 
            [-117.96221018785, 34.0926342676574], 
            [-117.873905756146, 34.0219205751745], 
            [-117.752128557887, 34.0100315377254]
          ], 
          [
            [-118.179747197575, 33.8524883016938], 
            [-118.148918437836, 33.9227793128151], 
            [-118.207194506421, 33.9600831912863], 
            [-118.2942129076, 33.9219249568713], 
            [-118.277674375172, 33.8630823153966], 
            [-118.179747197575, 33.8524883016938]
          ], 
          [
            [-117.211986743793, 33.7624661648817], 
            [-117.20197728942, 33.7749667413221], 
            [-117.125346057874, 33.8072524027763], 
            [-117.010988266495, 33.9955254731221], 
            [-116.976912954169, 34.1640404381158], 
            [-117.036052371919, 34.2113987370622], 
            [-117.16020378038, 34.1759474620059], 
            [-117.312378063797, 34.0647912571109], 
            [-117.37041131543, 34.0720038199204], 
            [-117.462789676003, 34.0364985855414], 
            [-117.443957872358, 33.885106712305], 
            [-117.312692826513, 33.7799939515597], 
            [-117.211986743793, 33.7624661648817]
          ], 
          [
            [-117.324509918198, 33.6499339972562], 
            [-117.33353011832, 33.7010784420166], 
            [-117.353764864357, 33.6624525601376], 
            [-117.324509918198, 33.6499339972562]
          ], 
          [
            [-79.5593062170083, 32.9522489471313], 
            [-79.5670044137227, 32.9784282118925], 
            [-79.5869243970432, 32.9603698252074], 
            [-79.5593062170083, 32.9522489471313]
          ], 
          [
            [-108.209548232065, 32.9072378787252], 
            [-108.19852254378, 32.9187132280331], 
            [-108.07690722349, 32.9581754794149], 
            [-107.941181540296, 33.0611658401315], 
            [-107.807884026626, 33.1999042521796], 
            [-107.66214888906, 33.4454011843173], 
            [-107.635870698874, 33.6662566923925], 
            [-107.7074387473, 33.8753580613255], 
            [-107.803810097758, 34.0624260401297], 
            [-108.026149487209, 34.4158685974579], 
            [-108.215996371136, 34.6660599906761], 
            [-108.849676671241, 35.2136751709725], 
            [-109.464597113466, 35.853695691503], 
            [-109.795970307783, 36.254271717266], 
            [-110.090327406684, 36.6768361670556], 
            [-110.341579999917, 36.998235879882], 
            [-110.70135378445, 37.2834738532358], 
            [-111.016539181938, 37.4901200729831], 
            [-111.14813697694, 37.5320104938893], 
            [-111.209947381167, 37.467672994713], 
            [-111.158730990643, 37.2678076631932], 
            [-110.869050366381, 36.7394559611238], 
            [-110.664571512765, 36.31797969101], 
            [-110.563991335132, 36.0629679316248], 
            [-110.44019965549, 35.681502499341], 
            [-110.292863724681, 34.9773872965865], 
            [-110.19348863859, 34.6489908582416], 
            [-109.837563952414, 33.8705017222767], 
            [-109.67449887902, 33.6015954372797], 
            [-109.521047558298, 33.4541695742665], 
            [-109.348476650877, 33.3410258676498], 
            [-108.895757932882, 33.143777563284], 
            [-108.592605464371, 33.0080608733107], 
            [-108.385410658175, 32.9263394789838], 
            [-108.209548232065, 32.9072378787252]
          ], 
          [
            [-114.74401322563, 31.6730802484548], 
            [-114.76393320895, 31.6550128685491], 
            [-114.736315028915, 31.6468919904731], 
            [-114.74401322563, 31.6730802484548]
          ], 
          [
            [-89.7770705553618, 30.1389897225977], 
            [-89.792475942011, 30.1928591131576], 
            [-89.8320910781407, 30.1547188651836], 
            [-89.7770705553618, 30.1389897225977]
          ], 
          [
            [-90.0696469966116, 30.0489585925651], 
            [-90.059232847318, 30.0610544740848], 
            [-89.9900390090929, 30.0818827726719], 
            [-89.8409763799559, 30.2051798251888], 
            [-89.9955878261172, 30.2403073443086], 
            [-90.035050077499, 30.2861098161152], 
            [-90.0790898780953, 30.3240612064596], 
            [-90.1808931337111, 30.3547101017899], 
            [-90.2217943003667, 30.3514185831012], 
            [-90.3017800031446, 30.2585815682849], 
            [-90.4155892080755, 30.1605284856012], 
            [-90.367214675217, 30.0738338403595], 
            [-90.0696469966116, 30.0489585925651]
          ], 
          [
            [-89.5069951517048, 29.5988389152838], 
            [-89.5146933484193, 29.6250271732655], 
            [-89.5346133317398, 29.6069597933599], 
            [-89.5069951517048, 29.5988389152838]
          ], 
          [
            [-80.6846099068217, 24.9400809199985], 
            [-80.6923081035361, 24.9662691779803], 
            [-80.7122280868567, 24.9482017980746], 
            [-80.6846099068217, 24.9400809199985]
          ], 
          [
            [-80.7235505514167, 24.9073006314191], 
            [-80.7430028872733, 24.9468258353441], 
            [-80.7521310060411, 24.8950698515924], 
            [-80.7235505514167, 24.9073006314191]
          ]
        ]
      }, 
      "properties" : {
        "OBJECTID" : 43, 
        "Id" : 43, 
        "gridcode" : 1, 
        "Timestamp" : 1790967600000, 
        "Unixtime" : 1790967600, 
        "Shape__Area" : 16328700331475.1, 
        "Shape__Length" : 59313381.641502351
      }
    }, 
    {
      "type" : "Feature", 
      "id" : 44, 
      "geometry" : 
      {
        "type" : "Polygon", 
        "coordinates" : 
        [
          [
            [-100.197380204932, 19.9887464834635], 
            [-102.092539539068, 19.9996552598824], 
            [-102.379279380239, 20.2653419719545], 
            [-102.542407406177, 20.5023942700796], 
            [-102.63635058711, 20.7311098528375], 
            [-102.683879757245, 20.9582696084557], 
            [-102.655101451771, 21.2407286766872], 
            [-102.553567992769, 21.5014691175059], 
            [-102.376518461558, 21.7266143917408], 
            [-102.207023235534, 21.8565934070602], 
            [-102.068392742131, 21.9299421131381], 
            [-101.86596434278, 22.000889629353], 
            [-101.591949908561, 22.0326356975794], 
            [-101.264236954971, 21.9878494596849], 
            [-100.926217770734, 21.8562246850213], 
            [-100.595168332353, 21.6424468414486], 
            [-100.256141907423, 21.3283226439749], 
            [-100.124067471736, 21.136380339681], 
            [-100.009278005775, 20.8733466276448], 
            [-99.9628370153159, 20.5619203963094], 
            [-100.024728358527, 20.3020972639776], 
            [-100.103886685022, 20.1343737023845], 
            [-100.197380204932, 19.9887464834635]
          ]
        ]
      }, 
      "properties" : {
        "OBJECTID" : 44, 
        "Id" : 44, 
        "gridcode" : 1, 
        "Timestamp" : 1790967600000, 
        "Unixtime" : 1790967600, 
        "Shape__Area" : 58886384462.052734, 
        "Shape__Length" : 891393.42681888922
      }
    }
  ]
}