{
  "type" : "FeatureCollection", 
  "features" : [
    {
      "type" : "Feature", 
      "id" : 1, 
      "geometry" : 
      {
        "type" : "Polygon", 
        "coordinates" : 
        [
          [
            [-113.430958072257, 59.3968946509674], 
            [-113.730531239025, 59.4079563121342], 
            [-113.916421105949, 59.4639211230615], 
            [-114.128652115603, 59.5968499146919], 
            [-114.295332463622, 59.831932697536], 
            [-114.351585057604, 60.0374817443871], 
            [-112.857892078057, 60.0163566695248], 
            [-112.891158000541, 59.834468785706], 
            [-112.998761883354, 59.6478414747044], 
            [-113.196235018231, 59.4844886182552], 
            [-113.316753165626, 59.4402329803679], 
            [-113.420543922964, 59.4089815392667], 
            [-113.430958072257, 59.3968946509674]
          ]
        ]
      }, 
      "properties" : {
        "OBJECTID" : 1, 
        "Id" : 1, 
        "gridcode" : 1, 
        "Timestamp" : 1790982000000, 
        "Unixtime" : 1790982000, 
        "Shape__Area" : 17758889498.039063, 
        "Shape__Length" : 521051.56895549956
      }
    }, 
    {
      "type" : "Feature", 
      "id" : 2, 
      "geometry" : 
      {
        "type" : "Polygon", 
        "coordinates" : 
        [
          [
            [-111.562958263913, 56.8987218984969], 
            [-111.708405618424, 56.9135517190367], 
            [-111.667072777187, 57.0420648394209], 
            [-111.508387402157, 57.0548172260342], 
            [-111.502469863094, 56.9812706691061], 
            [-111.562958263913, 56.8987218984969]
          ]
        ]
      }, 
      "properties" : {
        "OBJECTID" : 2, 
        "Id" : 2, 
        "gridcode" : 2, 
        "Timestamp" : 1790982000000, 
        "Unixtime" : 1790982000, 
        "Shape__Area" : 549348768.9375, 
        "Shape__Length" : 94174.112425651052
      }
    }, 
    {
      "type" : "Feature", 
      "id" : 3, 
      "geometry" : 
      {
        "type" : "Polygon", 
        "coordinates" : 
        [
          [
            [-113.138381631007, 53.5453118666494], 
            [-113.165999811042, 53.5534327447255], 
            [-113.146079827722, 53.5715001246311], 
            [-113.138381631007, 53.5453118666494]
          ]
        ]
      }, 
      "properties" : {
        "OBJECTID" : 3, 
        "Id" : 3, 
        "gridcode" : 2, 
        "Timestamp" : 1790982000000, 
        "Unixtime" : 1790982000, 
        "Shape__Area" : 6892449.625, 
        "Shape__Length" : 12460.150296706412
      }
    }, 
    {
      "type" : "Feature", 
      "id" : 4, 
      "geometry" : 
      {
        "type" : "Polygon", 
        "coordinates" : 
        [
          [
            [-113.52098920229, 53.320256524619], 
            [-113.614635606948, 53.3361655316141], 
            [-113.627828661364, 53.425441231128], 
            [-113.565559602893, 53.5775885348831], 
            [-113.497364012139, 53.6659379326895], 
            [-113.444564814814, 53.673735054829], 
            [-113.421155461955, 53.5153464560741], 
            [-113.463270713373, 53.3975712409201], 
            [-113.52098920229, 53.320256524619]
          ]
        ]
      }, 
      "properties" : {
        "OBJECTID" : 4, 
        "Id" : 4, 
        "gridcode" : 2, 
        "Timestamp" : 1790982000000, 
        "Unixtime" : 1790982000, 
        "Shape__Area" : 983391401.7890625, 
        "Shape__Length" : 149287.4976595098
      }
    }, 
    {
      "type" : "Feature", 
      "id" : 5, 
      "geometry" : 
      {
        "type" : "Polygon", 
        "coordinates" : 
        [
          [
            [-113.340935935445, 54.8056577549016], 
            [-113.267964944626, 54.8318370196628], 
            [-112.620740854507, 54.9181809293065], 
            [-112.609922010293, 54.8839976983352], 
            [-112.498289164713, 54.7384244387369], 
            [-112.347373932161, 54.3710333964742], 
            [-112.210865838787, 53.8784657186181], 
            [-112.159793339791, 53.4376270448523], 
            [-112.234050361135, 53.1827321973331], 
            [-112.334882348941, 53.1293754203394], 
            [-112.447531428433, 53.1630280513036], 
            [-112.496886222321, 53.3038259108372], 
            [-112.52672572781, 53.5842345248035], 
            [-112.667136878864, 53.7357792827877], 
            [-112.892444031067, 53.7447095507053], 
            [-112.960046069271, 53.6820627769757], 
            [-113.055077429879, 53.5795040908412], 
            [-113.116654010374, 53.6280315084475], 
            [-113.171710506035, 53.7320830691784], 
            [-113.149587183701, 53.8291648840523], 
            [-113.015030619168, 53.9538378992997], 
            [-113.047343260283, 54.066972612696], 
            [-113.23407848993, 54.2399931811405], 
            [-113.303317294258, 54.437529268561], 
            [-113.330117091231, 54.5914212570854], 
            [-113.340935935445, 54.8056577549016]
          ]
        ]
      }, 
      "properties" : {
        "OBJECTID" : 5, 
        "Id" : 5, 
        "gridcode" : 2, 
        "Timestamp" : 1790982000000, 
        "Unixtime" : 1790982000, 
        "Shape__Area" : 25527080619.945313, 
        "Shape__Length" : 869657.55685451
      }
    }, 
    {
      "type" : "Feature", 
      "id" : 6, 
      "geometry" : 
      {
        "type" : "Polygon", 
        "coordinates" : 
        [
          [
            [-77.5787742410383, 52.9826600217427], 
            [-77.9014869640521, 52.993694703248], 
            [-78.0795347427341, 53.0612607685697], 
            [-78.2792561827266, 53.2333280556454], 
            [-78.3693682517434, 53.3948462951205], 
            [-78.4219156388955, 53.5868335655167], 
            [-78.3931912927439, 53.8875668577244], 
            [-78.290740525255, 54.0652639008085], 
            [-78.2063751241126, 54.1631910784056], 
            [-78.0560444508906, 54.2697787273065], 
            [-77.8732932179076, 54.3368861383847], 
            [-77.7147877072868, 54.3496295317776], 
            [-77.4987885382604, 54.3102212397185], 
            [-77.3288886173158, 54.21226708246], 
            [-77.230970432939, 54.1279016813176], 
            [-77.1243827840382, 53.9775800013161], 
            [-77.0507193152441, 53.7769772257185], 
            [-77.0730135087663, 53.46783527238], 
            [-77.1539434996927, 53.2864689953479], 
            [-77.2566190976931, 53.1672998310225], 
            [-77.4072285607494, 53.0493447514592], 
            [-77.4991662535197, 53.0155842018495], 
            [-77.5683510985243, 52.994746910042], 
            [-77.5787742410383, 52.9826600217427]
          ]
        ]
      }, 
      "properties" : {
        "OBJECTID" : 6, 
        "Id" : 6, 
        "gridcode" : 1, 
        "Timestamp" : 1790982000000, 
        "Unixtime" : 1790982000, 
        "Shape__Area" : 30750911881.136719, 
        "Shape__Length" : 657154.97480662609
      }
    }, 
    {
      "type" : "Feature", 
      "id" : 7, 
      "geometry" : 
      {
        "type" : "Polygon", 
        "coordinates" : 
        [
          [
            [-66.7308369585587, 52.1274317355862], 
            [-67.0553483256646, 52.1409755256001], 
            [-67.227136822906, 52.2220494080538], 
            [-67.4097891304639, 52.3560214132577], 
            [-67.5497416272742, 52.5594030939777], 
            [-67.6175954756506, 52.7911853649127], 
            [-67.6238007977685, 52.9479102178823], 
            [-67.5837809667182, 53.1575601732634], 
            [-67.4440982665217, 53.3951610578366], 
            [-67.2266511890011, 53.5525154362385], 
            [-66.983663365372, 53.6236518100831], 
            [-66.6777409849584, 53.5934795554372], 
            [-66.4316864731521, 53.4488325975464], 
            [-66.275420274426, 53.2568093542683], 
            [-66.2028180056464, 53.0496775006163], 
            [-66.1913066834566, 52.7592324526157], 
            [-66.2632434539222, 52.5320097444542], 
            [-66.3973053913307, 52.3244102433381], 
            [-66.5499383289906, 52.219378421577], 
            [-66.7200181143444, 52.1391139289647], 
            [-66.7308369585587, 52.1274317355862]
          ]
        ]
      }, 
      "properties" : {
        "OBJECTID" : 7, 
        "Id" : 7, 
        "gridcode" : 1, 
        "Timestamp" : 1790982000000, 
        "Unixtime" : 1790982000, 
        "Shape__Area" : 34470871397.996094, 
        "Shape__Length" : 699591.26328883658
      }
    }, 
    {
      "type" : "Feature", 
      "id" : 8, 
      "geometry" : 
      {
        "type" : "Polygon", 
        "coordinates" : 
        [
          [
            [-120.85796422367, 51.6097909590856], 
            [-120.778769924293, 51.6206098032999], 
            [-120.10182324055, 51.7494646660615], 
            [-119.957724869107, 51.8123452635232], 
            [-119.860840905084, 51.7548336186766], 
            [-119.725672801559, 51.5319276563363], 
            [-119.676623777166, 51.2443964117651], 
            [-119.717623869246, 50.9400208652708], 
            [-119.763714124107, 50.7509653847448], 
            [-119.853988071093, 50.5220879240185], 
            [-120.05419514499, 50.2520215135821], 
            [-120.272829327611, 50.0947750538257], 
            [-120.481543988065, 50.0233329104855], 
            [-120.659187071826, 50.0565898397494], 
            [-120.835822914896, 50.1723955396225], 
            [-120.94949722152, 50.281609208898], 
            [-121.11053882031, 50.4811058183789], 
            [-121.205669106344, 50.7156400147749], 
            [-121.242910032272, 50.9339774211212], 
            [-121.197359370638, 51.1208205694138], 
            [-121.144209437715, 51.2303759810667], 
            [-121.053377911062, 51.3689165422647], 
            [-120.85796422367, 51.6097909590856]
          ]
        ]
      }, 
      "properties" : {
        "OBJECTID" : 8, 
        "Id" : 8, 
        "gridcode" : 2, 
        "Timestamp" : 1790982000000, 
        "Unixtime" : 1790982000, 
        "Shape__Area" : 40031001651.640625, 
        "Shape__Length" : 781677.56305129488
      }
    }, 
    {
      "type" : "Feature", 
      "id" : 9, 
      "geometry" : 
      {
        "type" : "Polygon", 
        "coordinates" : 
        [
          [
            [-67.0009123622157, 49.7867932259267], 
            [-67.0772288310457, 49.8007147311999], 
            [-67.145082679422, 49.9854894387867], 
            [-67.1688697475408, 50.2815372631343], 
            [-67.12688939443, 50.4881115371178], 
            [-67.0364355830357, 50.6908187263032], 
            [-66.8627764959385, 50.8923837764902], 
            [-66.6147974349536, 51.0307444732789], 
            [-66.3493445466135, 51.0520673989914], 
            [-66.1103407196484, 50.9801126420848], 
            [-65.9783652093868, 50.8974469596096], 
            [-65.8271262208983, 50.7671531815741], 
            [-65.6731083272874, 50.520379212131], 
            [-65.617629150265, 50.2660329510599], 
            [-65.6482960320362, 50.2385047032296], 
            [-65.8197967462228, 50.2247270894837], 
            [-65.9431297716216, 50.2584786458729], 
            [-66.0583778918262, 50.1682136921083], 
            [-66.2480898774458, 50.1834572007893], 
            [-66.2432785044993, 50.1236073186229], 
            [-66.31531420039, 50.0914655486962], 
            [-66.3932494489029, 50.0479833277685], 
            [-66.5488591425353, 50.1348038780966], 
            [-66.6577670423151, 50.0894420740925], 
            [-66.7225542025143, 50.0142407645997], 
            [-66.8972205303032, 49.9745626759268], 
            [-66.9663154431032, 49.8197174060335], 
            [-66.9904982129221, 49.7988891074464], 
            [-67.0009123622157, 49.7867932259267]
          ]
        ]
      }, 
      "properties" : {
        "OBJECTID" : 9, 
        "Id" : 9, 
        "gridcode" : 1, 
        "Timestamp" : 1790982000000, 
        "Unixtime" : 1790982000, 
        "Shape__Area" : 23231754430.601563, 
        "Shape__Length" : 664578.08199125947
      }
    }, 
    {
      "type" : "Feature", 
      "id" : 10, 
      "geometry" : 
      {
        "type" : "Polygon", 
        "coordinates" : 
        [
          [
            [-122.815995162047, 49.1791303126139], 
            [-122.960228431797, 49.1896703669939], 
            [-122.926108153369, 49.2783525139574], 
            [-122.85900074229, 49.2414083643047], 
            [-122.815995162047, 49.1791303126139]
          ]
        ]
      }, 
      "properties" : {
        "OBJECTID" : 10, 
        "Id" : 10, 
        "gridcode" : 2, 
        "Timestamp" : 1790982000000, 
        "Unixtime" : 1790982000, 
        "Shape__Area" : 149335908.5078125, 
        "Shape__Length" : 53159.768009775828
      }
    }, 
    {
      "type" : "Feature", 
      "id" : 11, 
      "geometry" : 
      {
        "type" : "Polygon", 
        "coordinates" : 
        [
          [
            [-124.121352118705, 49.3591835794587], 
            [-124.1064053863, 49.3516202810512], 
            [-124.091287782705, 49.3217268162397], 
            [-124.03888428708, 49.3066092126451], 
            [-124.023766683486, 49.2767157478336], 
            [-123.948862150268, 49.261598144239], 
            [-123.918797814268, 49.2466514118333], 
            [-123.966479869151, 49.1282556644674], 
            [-124.091008992871, 49.0793055654995], 
            [-124.195267397672, 49.1462870714913], 
            [-124.212273577564, 49.2613463340662], 
            [-124.159456393797, 49.3297667553316], 
            [-124.121352118705, 49.3591835794587]
          ]
        ]
      }, 
      "properties" : {
        "OBJECTID" : 11, 
        "Id" : 11, 
        "gridcode" : 2, 
        "Timestamp" : 1790982000000, 
        "Unixtime" : 1790982000, 
        "Shape__Area" : 962150294.6875, 
        "Shape__Length" : 124801.58491050224
      }
    }, 
    {
      "type" : "Feature", 
      "id" : 12, 
      "geometry" : 
      {
        "type" : "Polygon", 
        "coordinates" : 
        [
          [
            [-99.8823027260899, 48.9765760081763], 
            [-100.316153667558, 48.9874128388315], 
            [-100.505667802327, 49.0444658294346], 
            [-100.660342201032, 49.177727370222], 
            [-100.759384537966, 49.3552445488969], 
            [-100.812219708173, 49.6466248918254], 
            [-100.761587876979, 49.9241916481262], 
            [-100.646384722877, 50.1823510346726], 
            [-100.480046117234, 50.3754264847445], 
            [-100.269955494051, 50.5065566322829], 
            [-100.072311487985, 50.5606508533543], 
            [-99.901862980592, 50.574347528116], 
            [-99.6880851370194, 50.5257751444075], 
            [-99.5564783487967, 50.4670494147987], 
            [-99.3829091939042, 50.3327806333197], 
            [-99.272589358512, 50.1771799329077], 
            [-99.1986560931041, 50.0016412627342], 
            [-99.1741945334509, 49.6971667908148], 
            [-99.2610420634404, 49.4432072382235], 
            [-99.4162740418135, 49.2270282047879], 
            [-99.637525251589, 49.0701504670705], 
            [-99.8026947385713, 49.0095001882831], 
            [-99.8718795835759, 48.988671889696], 
            [-99.8823027260899, 48.9765760081763]
          ]
        ]
      }, 
      "properties" : {
        "OBJECTID" : 12, 
        "Id" : 12, 
        "gridcode" : 1, 
        "Timestamp" : 1790982000000, 
        "Unixtime" : 1790982000, 
        "Shape__Area" : 39363108665.992188, 
        "Shape__Length" : 732627.34491352737
      }
    }, 
    {
      "type" : "Feature", 
      "id" : 13, 
      "geometry" : 
      {
        "type" : "Polygon", 
        "coordinates" : 
        [
          [
            [-74.8780381909097, 48.9315649397702], 
            [-75.090521010736, 48.9433190789124], 
            [-75.2984622542296, 48.9821338184211], 
            [-75.4808177855123, 49.0658337212493], 
            [-75.6434152114428, 49.1985556688091], 
            [-75.7393458940977, 49.3359001316858], 
            [-75.8087735560547, 49.529389269899], 
            [-75.8220295630139, 49.751782618673], 
            [-75.7640053046011, 50.0011556288293], 
            [-75.7121503954244, 50.1141374574777], 
            [-75.629151963792, 50.2446470728042], 
            [-75.5422145015979, 50.3419537181896], 
            [-75.3879088249323, 50.4615275774358], 
            [-75.1538152963388, 50.5588971753644], 
            [-74.9130577913839, 50.5732413619994], 
            [-74.701168524108, 50.5239405274335], 
            [-74.5836361259064, 50.4699991911099], 
            [-74.4254094051199, 50.3693740473745], 
            [-74.2283679448248, 50.1434463629594], 
            [-74.1065098075815, 49.866590071075], 
            [-74.0571999797951, 49.5891402266402], 
            [-74.1262409332724, 49.3495428471248], 
            [-74.2844316811771, 49.1724933159139], 
            [-74.5234355081421, 49.0247347037437], 
            [-74.7338498872624, 48.9683831843366], 
            [-74.8674171975456, 48.9434539772193], 
            [-74.8780381909097, 48.9315649397702]
          ]
        ]
      }, 
      "properties" : {
        "OBJECTID" : 13, 
        "Id" : 13, 
        "gridcode" : 1, 
        "Timestamp" : 1790982000000, 
        "Unixtime" : 1790982000, 
        "Shape__Area" : 42923310732.523438, 
        "Shape__Length" : 758139.61353466276
      }
    }, 
    {
      "type" : "Feature", 
      "id" : 14, 
      "geometry" : 
      {
        "type" : "Polygon", 
        "coordinates" : 
        [
          [
            [-81.9224457642605, 48.5714673993011], 
            [-82.3251351968318, 48.5850651486378], 
            [-82.5672596712967, 48.7223466589712], 
            [-82.6900980695702, 48.8403646910777], 
            [-82.7864514335867, 48.9825115336804], 
            [-82.8559330548665, 49.153796410576], 
            [-82.8631995769988, 49.5100628391288], 
            [-82.7689416333496, 49.7490396864325], 
            [-82.533732945419, 49.9938441405947], 
            [-82.3114025491882, 50.0900446198634], 
            [-81.9302159067386, 50.0978237555619], 
            [-81.691688720458, 50.0037366831015], 
            [-81.4901056838302, 49.8100586872587], 
            [-81.3494157429421, 49.5369525683065], 
            [-81.3418614377551, 49.1668815463464], 
            [-81.39114428588, 49.0149950459847], 
            [-81.491526612663, 48.8458955216611], 
            [-81.5862072376738, 48.7473478118521], 
            [-81.7258179921066, 48.6527121529436], 
            [-81.8434493157333, 48.6050031183993], 
            [-81.9114200759757, 48.5829427486091], 
            [-81.9224457642605, 48.5714673993011]
          ]
        ]
      }, 
      "properties" : {
        "OBJECTID" : 14, 
        "Id" : 14, 
        "gridcode" : 1, 
        "Timestamp" : 1790982000000, 
        "Unixtime" : 1790982000, 
        "Shape__Area" : 35476797989.480469, 
        "Shape__Length" : 695787.35120310111
      }
    }, 
    {
      "type" : "Feature", 
      "id" : 15, 
      "geometry" : 
      {
        "type" : "Polygon", 
        "coordinates" : 
        [
          [
            [-123.176092702516, 48.5039463000818], 
            [-123.198602733329, 48.5039463000818], 
            [-123.198602733329, 48.526456330895], 
            [-123.176092702516, 48.526456330895], 
            [-123.176092702516, 48.5039463000818]
          ]
        ]
      }, 
      "properties" : {
        "OBJECTID" : 15, 
        "Id" : 15, 
        "gridcode" : 2, 
        "Timestamp" : 1790982000000, 
        "Unixtime" : 1790982000, 
        "Shape__Area" : 9478951.703125, 
        "Shape__Length" : 12577.203894207254
      }
    }, 
    {
      "type" : "Feature", 
      "id" : 16, 
      "geometry" : 
      {
        "type" : "Polygon", 
        "coordinates" : 
        [
          [
            [-123.446168106173, 48.3914231256768], 
            [-123.464109580992, 48.6072604167349], 
            [-123.375769176406, 48.6833610482739], 
            [-123.220842967529, 48.6709144311562], 
            [-123.198602733329, 48.5489663617083], 
            [-123.291925382051, 48.5215730121848], 
            [-123.165885397293, 48.4168739395807], 
            [-123.301853897439, 48.3685983321474], 
            [-123.446168106173, 48.3914231256768]
          ]
        ]
      }, 
      "properties" : {
        "OBJECTID" : 16, 
        "Id" : 16, 
        "gridcode" : 2, 
        "Timestamp" : 1790982000000, 
        "Unixtime" : 1790982000, 
        "Shape__Area" : 1262409154.859375, 
        "Shape__Length" : 158060.77936911222
      }
    }, 
    {
      "type" : "Feature", 
      "id" : 17, 
      "geometry" : 
      {
        "type" : "Polygon", 
        "coordinates" : 
        [
          [
            [-69.364051909468, 48.3239020264575], 
            [-69.3559310313919, 48.3515202064924], 
            [-69.3378636514863, 48.3316002231718], 
            [-69.364051909468, 48.3239020264575]
          ]
        ]
      }, 
      "properties" : {
        "OBJECTID" : 17, 
        "Id" : 17, 
        "gridcode" : 1, 
        "Timestamp" : 1790982000000, 
        "Unixtime" : 1790982000, 
        "Shape__Area" : 6159004.23046875, 
        "Shape__Length" : 11795.534589490311
      }
    }, 
    {
      "type" : "Feature", 
      "id" : 18, 
      "geometry" : 
      {
        "type" : "Polygon", 
        "coordinates" : 
        [
          [
            [-69.3865529470608, 48.3013919956442], 
            [-69.3865529470608, 48.3239020264575], 
            [-69.364051909468, 48.3239020264575], 
            [-69.364051909468, 48.3013919956442], 
            [-69.3865529470608, 48.3013919956442]
          ]
        ]
      }, 
      "properties" : {
        "OBJECTID" : 18, 
        "Id" : 18, 
        "gridcode" : 1, 
        "Timestamp" : 1790982000000, 
        "Unixtime" : 1790982000, 
        "Shape__Area" : 9437492.65625, 
        "Shape__Length" : 12545.121832000092
      }
    }, 
    {
      "type" : "Feature", 
      "id" : 19, 
      "geometry" : 
      {
        "type" : "Polygon", 
        "coordinates" : 
        [
          [
            [-69.4765840770934, 48.2338798896453], 
            [-69.4765840770934, 48.2563809272381], 
            [-69.4540740462801, 48.2563809272381], 
            [-69.4540740462801, 48.2338798896453], 
            [-69.4765840770934, 48.2338798896453]
          ]
        ]
      }, 
      "properties" : {
        "OBJECTID" : 19, 
        "Id" : 19, 
        "gridcode" : 1, 
        "Timestamp" : 1790982000000, 
        "Unixtime" : 1790982000, 
        "Shape__Area" : 9425028.1875, 
        "Shape__Length" : 12534.165007412434
      }
    }, 
    {
      "type" : "Feature", 
      "id" : 20, 
      "geometry" : 
      {
        "type" : "Polygon", 
        "coordinates" : 
        [
          [
            [-69.4540740462801, 48.2563809272381], 
            [-69.4363933748543, 48.2913375751691], 
            [-69.3865529470608, 48.3013919956442], 
            [-69.4042426117071, 48.2664443409337], 
            [-69.4540740462801, 48.2563809272381]
          ]
        ]
      }, 
      "properties" : {
        "OBJECTID" : 20, 
        "Id" : 20, 
        "gridcode" : 1, 
        "Timestamp" : 1790982000000, 
        "Unixtime" : 1790982000, 
        "Shape__Area" : 29122045.30859375, 
        "Shape__Length" : 23932.56716600151
      }
    }, 
    {
      "type" : "Feature", 
      "id" : 21, 
      "geometry" : 
      {
        "type" : "Polygon", 
        "coordinates" : 
        [
          [
            [-117.842150694699, 48.2338798896453], 
            [-118.131741386756, 48.2786121682171], 
            [-118.257124866419, 48.3906497087171], 
            [-118.267314185201, 48.5615388839124], 
            [-118.201762601263, 48.7043692112701], 
            [-118.02974028029, 48.896896074894], 
            [-117.904977332838, 48.9646959639476], 
            [-117.674598004294, 48.9302879024648], 
            [-117.520463198818, 48.8595472303205], 
            [-117.47191779477, 48.7702175714838], 
            [-117.469462645585, 48.7289836556712], 
            [-117.505840222348, 48.5340556021844], 
            [-117.616942467921, 48.3432284572276], 
            [-117.740239520437, 48.2670019206022], 
            [-117.831529701335, 48.245759933874], 
            [-117.842150694699, 48.2338798896453]
          ]
        ]
      }, 
      "properties" : {
        "OBJECTID" : 21, 
        "Id" : 21, 
        "gridcode" : 2, 
        "Timestamp" : 1790982000000, 
        "Unixtime" : 1790982000, 
        "Shape__Area" : 8181912438.65625, 
        "Shape__Length" : 335568.72903035453
      }
    }, 
    {
      "type" : "Feature", 
      "id" : 22, 
      "geometry" : 
      {
        "type" : "Polygon", 
        "coordinates" : 
        [
          [
            [-69.4765840770934, 48.2338798896453], 
            [-69.4891026399748, 48.2046249434864], 
            [-69.5277285218538, 48.2248596895232], 
            [-69.4765840770934, 48.2338798896453]
          ]
        ]
      }, 
      "properties" : {
        "OBJECTID" : 22, 
        "Id" : 22, 
        "gridcode" : 1, 
        "Timestamp" : 1790982000000, 
        "Unixtime" : 1790982000, 
        "Shape__Area" : 12863711.59375, 
        "Shape__Length" : 16441.630842107432
      }
    }, 
    {
      "type" : "Feature", 
      "id" : 23, 
      "geometry" : 
      {
        "type" : "Polygon", 
        "coordinates" : 
        [
          [
            [-69.7466504875299, 47.9863145168016], 
            [-69.7385386026743, 48.0139326968365], 
            [-69.7204712227687, 47.994012713516], 
            [-69.7466504875299, 47.9863145168016]
          ]
        ]
      }, 
      "properties" : {
        "OBJECTID" : 23, 
        "Id" : 23, 
        "gridcode" : 1, 
        "Timestamp" : 1790982000000, 
        "Unixtime" : 1790982000, 
        "Shape__Area" : 6116934.12890625, 
        "Shape__Length" : 11742.506115118271
      }
    }, 
    {
      "type" : "Feature", 
      "id" : 24, 
      "geometry" : 
      {
        "type" : "Polygon", 
        "coordinates" : 
        [
          [
            [-114.083641047197, 47.783760212364], 
            [-114.4081074482, 47.7950736837036], 
            [-114.580507484433, 47.8741960373173], 
            [-114.719218916819, 48.0531970973682], 
            [-114.790715019482, 48.2250845200347], 
            [-114.811624257054, 48.5759100502087], 
            [-114.736638784852, 48.770981995223], 
            [-114.638675634373, 48.8806183458601], 
            [-114.40926757364, 49.0224414325262], 
            [-114.134012074997, 49.1212049796262], 
            [-113.898767414185, 49.1352254103245], 
            [-113.700727706418, 49.0443309311277], 
            [-113.518686937852, 48.830337250264], 
            [-113.443872336839, 48.6218384271018], 
            [-113.427810445096, 48.3523835556567], 
            [-113.49815541554, 48.1693984989416], 
            [-113.647577773495, 48.0021785576944], 
            [-113.89048465814, 47.8520097624407], 
            [-114.073020053832, 47.7956402565927], 
            [-114.083641047197, 47.783760212364]
          ]
        ]
      }, 
      "properties" : {
        "OBJECTID" : 24, 
        "Id" : 24, 
        "gridcode" : 2, 
        "Timestamp" : 1790982000000, 
        "Unixtime" : 1790982000, 
        "Shape__Area" : 27340450158.296875, 
        "Shape__Length" : 608711.72495141707
      }
    }, 
    {
      "type" : "Feature", 
      "id" : 25, 
      "geometry" : 
      {
        "type" : "Polygon", 
        "coordinates" : 
        [
          [
            [-111.112838586631, 47.1760883058307], 
            [-111.32146331488, 47.1867003059744], 
            [-111.480904120429, 47.2759670122679], 
            [-111.572760874215, 47.4189772040348], 
            [-111.551114192566, 47.6120706405477], 
            [-111.483125445883, 47.7257539403921], 
            [-111.337992854087, 47.8333578232051], 
            [-111.150385282055, 47.8610749286651], 
            [-110.993831300274, 47.7751806800445], 
            [-110.908161882165, 47.669168597253], 
            [-110.871613434213, 47.5114724764737], 
            [-110.906785919435, 47.344810114895], 
            [-110.974576815268, 47.2569913170957], 
            [-111.055120097714, 47.2084009469462], 
            [-111.103026983109, 47.1887957263418], 
            [-111.112838586631, 47.1760883058307]
          ]
        ]
      }, 
      "properties" : {
        "OBJECTID" : 25, 
        "Id" : 25, 
        "gridcode" : 2, 
        "Timestamp" : 1790982000000, 
        "Unixtime" : 1790982000, 
        "Shape__Area" : 6753316784.0234375, 
        "Shape__Length" : 302896.83807926194
      }
    }, 
    {
      "type" : "Feature", 
      "id" : 26, 
      "geometry" : 
      {
        "type" : "Polygon", 
        "coordinates" : 
        [
          [
            [-117.144465644574, 46.298349988861], 
            [-117.215907787914, 46.3367960063307], 
            [-117.236592194974, 46.4188861226965], 
            [-117.180627384046, 46.5030536729887], 
            [-117.064129206198, 46.5324075445726], 
            [-117.022949249708, 46.4605607063116], 
            [-117.057159460341, 46.3402943690899], 
            [-117.135472424113, 46.311875792434], 
            [-117.144465644574, 46.298349988861]
          ]
        ]
      }, 
      "properties" : {
        "OBJECTID" : 26, 
        "Id" : 26, 
        "gridcode" : 2, 
        "Timestamp" : 1790982000000, 
        "Unixtime" : 1790982000, 
        "Shape__Area" : 612503143.59375, 
        "Shape__Length" : 96817.801779397516
      }
    }, 
    {
      "type" : "Feature", 
      "id" : 27, 
      "geometry" : 
      {
        "type" : "Polygon", 
        "coordinates" : 
        [
          [
            [-115.43400007904, 45.9382614416123], 
            [-115.74492269003, 45.9512386587372], 
            [-116.176012712816, 46.1036107930038], 
            [-116.277555165039, 46.336274399544], 
            [-116.245854062915, 46.4955803067858], 
            [-116.132980152912, 46.6174024711472], 
            [-115.950678580952, 46.7138637538093], 
            [-115.740704869634, 46.7221824827355], 
            [-115.586138389575, 46.6732503702085], 
            [-115.40257776675, 46.5386128666905], 
            [-115.311467450263, 46.3298262604736], 
            [-115.303274626423, 46.1231080949627], 
            [-115.350516013503, 46.0230135512345], 
            [-115.377306817256, 45.9940913542327], 
            [-115.412353397391, 45.9616168351489], 
            [-115.43400007904, 45.9382614416123]
          ]
        ]
      }, 
      "properties" : {
        "OBJECTID" : 27, 
        "Id" : 27, 
        "gridcode" : 2, 
        "Timestamp" : 1790982000000, 
        "Unixtime" : 1790982000, 
        "Shape__Area" : 10583782749.601563, 
        "Shape__Length" : 376710.07215617743
      }
    }, 
    {
      "type" : "Feature", 
      "id" : 28, 
      "geometry" : 
      {
        "type" : "Polygon", 
        "coordinates" : 
        [
          [
            [-63.0398394170554, 46.0957956844234], 
            [-63.09653267884, 46.1291335526714], 
            [-63.1186110350711, 46.1529565936719], 
            [-63.1815995511783, 46.0849768402091], 
            [-63.3441070449041, 46.1291335526714], 
            [-63.5007869317714, 46.1749989770212], 
            [-63.6745449442937, 46.1987500722581], 
            [-63.7708623354284, 46.2650211138334], 
            [-63.8392377905915, 46.3091778262958], 
            [-63.8608844722405, 46.355052243866], 
            [-64.175179540903, 46.3801613153925], 
            [-64.1768612731292, 46.4225103905422], 
            [-64.1329923437216, 46.5054098967494], 
            [-64.1303213572448, 46.5728590502051], 
            [-64.4452999106623, 46.6063767828623], 
            [-64.4496436361449, 46.7159142080743], 
            [-64.3317964752271, 46.8251008976883], 
            [-64.2081486871122, 46.9585512961055], 
            [-64.1467609642471, 46.9875274524301], 
            [-63.9878237790441, 47.0968940064533], 
            [-63.9483255547805, 47.0496436261525], 
            [-63.9517879446578, 46.9622834825967], 
            [-63.9483885073237, 46.8765960780466], 
            [-63.9959176774588, 46.7867627988642], 
            [-63.8430689025078, 46.6721801769737], 
            [-63.68169455456, 46.6017542675455], 
            [-63.5102477996961, 46.5609160534332], 
            [-63.4341291817163, 46.5342421615466], 
            [-63.2982326273339, 46.5125954798976], 
            [-63.2078687481442, 46.4504163536319], 
            [-63.0082012674745, 46.442493326406], 
            [-62.7805918508332, 46.4667210623272], 
            [-62.5220907219092, 46.5117321307333], 
            [-61.9262179206205, 46.4873605032847], 
            [-61.9633779075643, 46.4133103260108], 
            [-62.1504189067071, 46.331687857109], 
            [-62.301801786723, 46.2956250430614], 
            [-62.3538365603089, 46.2200100454273], 
            [-62.3863380590541, 46.1511399631389], 
            [-62.4222839612357, 46.1525608919717], 
            [-62.4200356561206, 46.0957956844234], 
            [-62.4218163137718, 46.0507846160173], 
            [-62.4190553950904, 45.9811411167692], 
            [-62.5542234986155, 45.9337648313819], 
            [-62.7731724439531, 45.9250863736373], 
            [-62.8717651198643, 45.9562928486362], 
            [-62.960645117678, 46.0174557409898], 
            [-63.0949408788184, 46.0430954125234], 
            [-63.0506672544901, 46.0841134910448], 
            [-63.0398394170554, 46.0957956844234]
          ], 
          [
            [-62.9896212740025, 46.1066055354172], 
            [-63.0108003081876, 46.1487837393781], 
            [-63.0398394170554, 46.0957956844234], 
            [-62.9896212740025, 46.1066055354172]
          ]
        ]
      }, 
      "properties" : {
        "OBJECTID" : 28, 
        "Id" : 28, 
        "gridcode" : 1, 
        "Timestamp" : 1790982000000, 
        "Unixtime" : 1790982000, 
        "Shape__Area" : 17274665559.972656, 
        "Shape__Length" : 848714.19933822076
      }
    }, 
    {
      "type" : "Feature", 
      "id" : 29, 
      "geometry" : 
      {
        "type" : "Polygon", 
        "coordinates" : 
        [
          [
            [-62.6347308081802, 45.7807182055808], 
            [-62.6150446485916, 45.8574213828906], 
            [-62.4679965008378, 45.8364132198943], 
            [-62.5033128775872, 45.7903139718125], 
            [-62.6347308081802, 45.7807182055808]
          ]
        ]
      }, 
      "properties" : {
        "OBJECTID" : 29, 
        "Id" : 29, 
        "gridcode" : 1, 
        "Timestamp" : 1790982000000, 
        "Unixtime" : 1790982000, 
        "Shape__Area" : 154799387.72265625, 
        "Shape__Length" : 52212.124598305687
      }
    }, 
    {
      "type" : "Feature", 
      "id" : 30, 
      "geometry" : 
      {
        "type" : "Polygon", 
        "coordinates" : 
        [
          [
            [-64.7728060201816, 45.5331438395166], 
            [-64.7728060201816, 45.5556538703299], 
            [-64.7277949517755, 45.5556538703299], 
            [-64.7277949517755, 45.5331438395166], 
            [-64.7728060201816, 45.5331438395166]
          ]
        ]
      }, 
      "properties" : {
        "OBJECTID" : 30, 
        "Id" : 30, 
        "gridcode" : 1, 
        "Timestamp" : 1790982000000, 
        "Unixtime" : 1790982000, 
        "Shape__Area" : 17927460.328125, 
        "Shape__Length" : 17177.01907733269
      }
    }, 
    {
      "type" : "Feature", 
      "id" : 31, 
      "geometry" : 
      {
        "type" : "Polygon", 
        "coordinates" : 
        [
          [
            [-66.5732937225272, 45.0830241622354], 
            [-66.5881685091693, 45.2431484525391], 
            [-66.5840316277573, 45.4460624857952], 
            [-66.3367540379684, 45.656701695427], 
            [-65.9172832560174, 46.0524663482434], 
            [-65.8151472512446, 46.0856063656414], 
            [-65.7244776025593, 46.0837627554469], 
            [-65.5677887224715, 46.0030396085912], 
            [-65.3694432452095, 45.7467328254596], 
            [-65.1971511276224, 45.5508694770448], 
            [-64.9978703554325, 45.5331438395166], 
            [-65.0084913487967, 45.521263795288], 
            [-65.2909144441462, 45.4340475432596], 
            [-65.4013332049634, 45.3833707459632], 
            [-65.5261321252973, 45.2961994600371], 
            [-65.6293113436435, 45.2643364799447], 
            [-65.7286864297349, 45.2286783608177], 
            [-65.7974665798187, 45.20744536731], 
            [-65.9229220052463, 45.1624342989039], 
            [-66.0000208842563, 45.1836672924117], 
            [-66.0444473933325, 45.2078050961284], 
            [-66.1889864325777, 45.1184574508508], 
            [-66.3151073563194, 45.0949131996845], 
            [-66.476517677149, 45.0277788089449], 
            [-66.5164026098925, 45.0724031688712], 
            [-66.5732937225272, 45.0830241622354]
          ]
        ]
      }, 
      "properties" : {
        "OBJECTID" : 31, 
        "Id" : 31, 
        "gridcode" : 2, 
        "Timestamp" : 1790982000000, 
        "Unixtime" : 1790982000, 
        "Shape__Area" : 15273919237.679688, 
        "Shape__Length" : 536285.61427399784
      }
    }, 
    {
      "type" : "Feature", 
      "id" : 32, 
      "geometry" : 
      {
        "type" : "Polygon", 
        "coordinates" : 
        [
          [
            [-66.7308369585587, 44.5428823481419], 
            [-66.7891669864672, 44.5520734194528], 
            [-66.8539991127688, 44.579304891008], 
            [-66.9384724325566, 44.5603651687176], 
            [-66.9526457480028, 44.6235785153363], 
            [-66.8582708924876, 44.7972376024335], 
            [-66.7576187690909, 44.8395147318195], 
            [-66.6792968120981, 44.7384669067225], 
            [-66.6317406623016, 44.6252332679011], 
            [-66.712454815937, 44.5695112739262], 
            [-66.7308369585587, 44.5428823481419]
          ]
        ]
      }, 
      "properties" : {
        "OBJECTID" : 32, 
        "Id" : 32, 
        "gridcode" : 1, 
        "Timestamp" : 1790982000000, 
        "Unixtime" : 1790982000, 
        "Shape__Area" : 1046768806.1679688, 
        "Shape__Length" : 130816.75088607866
      }
    }, 
    {
      "type" : "Feature", 
      "id" : 33, 
      "geometry" : 
      {
        "type" : "Polygon", 
        "coordinates" : 
        [
          [
            [-66.3932494489029, 44.2728069444849], 
            [-66.3707394180896, 44.2728069444849], 
            [-66.3707394180896, 44.2502969136717], 
            [-66.4312278189087, 44.2202325776714], 
            [-66.4306972189015, 44.2652436460775], 
            [-66.3932494489029, 44.2728069444849]
          ]
        ]
      }, 
      "properties" : {
        "OBJECTID" : 33, 
        "Id" : 33, 
        "gridcode" : 1, 
        "Timestamp" : 1790982000000, 
        "Unixtime" : 1790982000, 
        "Shape__Area" : 36559983.30078125, 
        "Shape__Length" : 25525.644358344456
      }
    }, 
    {
      "type" : "Feature", 
      "id" : 34, 
      "geometry" : 
      {
        "type" : "Polygon", 
        "coordinates" : 
        [
          [
            [-66.3707394180896, 44.2502969136717], 
            [-66.3707394180896, 44.2728069444849], 
            [-66.3932494489029, 44.2728069444849], 
            [-66.3716027672538, 44.296171331242], 
            [-66.3248739937397, 44.3394646945401], 
            [-66.2627578200173, 44.406509153075], 
            [-66.0472083120139, 44.5890985080898], 
            [-65.9314475782431, 44.6437323223889], 
            [-65.6847365613432, 44.7796198835509], 
            [-65.2562635657109, 44.9813198320447], 
            [-65.1900284970175, 45.0163664121803], 
            [-65.1212213672722, 45.0488409312641], 
            [-65.0770736480304, 45.0722053180211], 
            [-64.9028120151623, 45.1544483191347], 
            [-64.4664609584065, 45.2744718394039], 
            [-64.5387214848086, 45.3414263657343], 
            [-64.4897444061793, 45.3645389423184], 
            [-64.6085448484659, 45.3864284409199], 
            [-64.6906709377135, 45.2977912600587], 
            [-64.7669154607798, 45.2618093849952], 
            [-64.851199922938, 45.3197976705262], 
            [-64.9632464566586, 45.315364012839], 
            [-64.986188162054, 45.3783345425052], 
            [-64.909422032201, 45.4898954423209], 
            [-64.7728060201816, 45.5331438395166], 
            [-64.7277949517755, 45.5331438395166], 
            [-64.7277949517755, 45.5556538703299], 
            [-64.7052939141827, 45.5556538703299], 
            [-64.6033827399215, 45.5662748636941], 
            [-64.245758335079, 45.6334722069769], 
            [-63.9519678090671, 45.5887759012869], 
            [-63.7256444229517, 45.5675429077791], 
            [-63.4617203820899, 45.5324513615412], 
            [-63.2183548432014, 45.4253331126331], 
            [-62.9629653685569, 45.2274193099533], 
            [-62.7628032607618, 45.1001112811108], 
            [-62.496010382573, 44.9776595913171], 
            [-62.1277110250437, 44.8698488644336], 
            [-62.1170900316795, 44.857968820205], 
            [-62.2426983418549, 44.8467992403927], 
            [-62.3332690651152, 44.8001424126423], 
            [-62.438840480104, 44.8022917923324], 
            [-62.5786940514892, 44.7569120018875], 
            [-62.6457564964651, 44.7339523100512], 
            [-62.7137272567075, 44.7119009334814], 
            [-62.8129314716101, 44.6446586240963], 
            [-62.8597951434311, 44.643696349507], 
            [-62.9273072494299, 44.6450723122375], 
            [-63.0060788674457, 44.6434715189955], 
            [-63.1823999477993, 44.6470688071798], 
            [-63.2547504064061, 44.5980197827868], 
            [-63.3659425841828, 44.6002860743429], 
            [-63.4560006938768, 44.5538990432063], 
            [-63.501461423306, 44.5548253449138], 
            [-63.4996717724343, 44.4670964793191], 
            [-63.5671928716536, 44.3968144614183], 
            [-63.7940198781148, 44.4188748312086], 
            [-63.8803637877585, 44.463346306387], 
            [-64.0406229763692, 44.4666198386347], 
            [-64.041594244179, 44.418883824429], 
            [-63.9977702808737, 44.3767685730113], 
            [-64.0976310008699, 44.3628290812971], 
            [-64.1305461877563, 44.3057311245918], 
            [-64.2065119209883, 44.2581479951339], 
            [-64.2430783553817, 44.2157089877796], 
            [-64.2897621627935, 44.1948716959721], 
            [-64.313135542771, 44.1677481430624], 
            [-64.4473053988251, 44.1273505967527], 
            [-64.5013636470146, 44.0971963285478], 
            [-65.032467274545, 44.2157089877796], 
            [-65.408060133868, 44.3050386466163], 
            [-65.7155653210826, 44.3352828470258], 
            [-66.1533552931122, 44.295838582085], 
            [-66.1790399307482, 44.3533861998134], 
            [-66.2924264543174, 44.2645871409838], 
            [-66.3707394180896, 44.2502969136717]
          ], 
          [
            [-66.0781629768398, 44.4078401497032], 
            [-66.0858611735542, 44.4340284076849], 
            [-66.1057811568749, 44.4159610277793], 
            [-66.0781629768398, 44.4078401497032]
          ], 
          [
            [-64.0755436514183, 44.4165635735501], 
            [-64.1520399846575, 44.3771822611525], 
            [-64.0976310008699, 44.3628290812971], 
            [-64.0755436514183, 44.4165635735501]
          ]
        ]
      }, 
      "properties" : {
        "OBJECTID" : 34, 
        "Id" : 34, 
        "gridcode" : 2, 
        "Timestamp" : 1790982000000, 
        "Unixtime" : 1790982000, 
        "Shape__Area" : 55146015447.746094, 
        "Shape__Length" : 1353291.51086666
      }
    }, 
    {
      "type" : "Feature", 
      "id" : 35, 
      "geometry" : 
      {
        "type" : "Polygon", 
        "coordinates" : 
        [
          [
            [-68.8239011021541, 43.7551661679843], 
            [-68.8826358249833, 43.7639525443745], 
            [-68.9002085777636, 43.7913908600003], 
            [-68.9452196461697, 43.820214131577], 
            [-68.916261476286, 43.9210910854853], 
            [-68.8126505833577, 43.8919710376334], 
            [-68.7088148599178, 43.921145044808], 
            [-68.6937961817483, 43.8677073288303], 
            [-68.7451294841383, 43.8532822032112], 
            [-68.7812102846269, 43.8634175626705], 
            [-68.8151237189844, 43.8139008908135], 
            [-68.8239011021541, 43.7551661679843]
          ]
        ]
      }, 
      "properties" : {
        "OBJECTID" : 35, 
        "Id" : 35, 
        "gridcode" : 1, 
        "Timestamp" : 1790982000000, 
        "Unixtime" : 1790982000, 
        "Shape__Area" : 372669349.6171875, 
        "Shape__Length" : 95229.682972250972
      }
    }, 
    {
      "type" : "Feature", 
      "id" : 36, 
      "geometry" : 
      {
        "type" : "Polygon", 
        "coordinates" : 
        [
          [
            [-116.401760532822, 43.5976229319528], 
            [-116.478472703353, 43.6173090915414], 
            [-116.447796828361, 43.7193461708891], 
            [-116.380734383385, 43.6477061766988], 
            [-116.401760532822, 43.5976229319528]
          ]
        ]
      }, 
      "properties" : {
        "OBJECTID" : 36, 
        "Id" : 36, 
        "gridcode" : 2, 
        "Timestamp" : 1790982000000, 
        "Unixtime" : 1790982000, 
        "Shape__Area" : 113869572.54296875, 
        "Shape__Length" : 46496.546443751
      }
    }, 
    {
      "type" : "Feature", 
      "id" : 37, 
      "geometry" : 
      {
        "type" : "Polygon", 
        "coordinates" : 
        [
          [
            [-70.0842469904062, 41.9546784656388], 
            [-70.097359105838, 41.9640763810203], 
            [-70.1335298385312, 42.014546334246], 
            [-70.2235519753433, 41.9967577441747], 
            [-70.2511881418192, 42.0353116802899], 
            [-70.2961992102253, 42.0675703620826], 
            [-70.2165372633839, 42.1216196170517], 
            [-70.0534991696509, 42.0822832707564], 
            [-70.0842469904062, 41.9546784656388]
          ]
        ]
      }, 
      "properties" : {
        "OBJECTID" : 37, 
        "Id" : 37, 
        "gridcode" : 2, 
        "Timestamp" : 1790982000000, 
        "Unixtime" : 1790982000, 
        "Shape__Area" : 354487288.8203125, 
        "Shape__Length" : 84994.721892800328
      }
    }, 
    {
      "type" : "Feature", 
      "id" : 38, 
      "geometry" : 
      {
        "type" : "Polygon", 
        "coordinates" : 
        [
          [
            [-115.388989010634, 42.359787074514], 
            [-115.376902122335, 42.370210217028], 
            [-115.345650681234, 42.4739919811451], 
            [-115.294317378844, 42.6137825999871], 
            [-115.213063631981, 42.7594098189081], 
            [-115.093031118491, 42.9045244242628], 
            [-114.903436044738, 43.0138370189633], 
            [-114.645897190403, 43.0453852363396], 
            [-114.332717281078, 43.0202222054905], 
            [-114.049853517925, 42.9428085637643], 
            [-113.810579894347, 42.8093042060244], 
            [-113.695709489401, 42.6100683999368], 
            [-113.668109295807, 42.2809884768368], 
            [-113.736853473009, 42.0298258158089], 
            [-113.81356564354, 41.8646563288266], 
            [-113.937150479111, 41.8192675451611], 
            [-114.29274241613, 41.7417100119076], 
            [-114.588745274375, 41.764085144414], 
            [-114.827632189474, 41.8360039284386], 
            [-115.008701690231, 41.9403972315471], 
            [-115.213306448933, 42.1166733457983], 
            [-115.378574861341, 42.3251901554015], 
            [-115.388989010634, 42.359787074514]
          ]
        ]
      }, 
      "properties" : {
        "OBJECTID" : 38, 
        "Id" : 38, 
        "gridcode" : 2, 
        "Timestamp" : 1790982000000, 
        "Unixtime" : 1790982000, 
        "Shape__Area" : 29180712610.453125, 
        "Shape__Length" : 615283.51448983443
      }
    }, 
    {
      "type" : "Feature", 
      "id" : 39, 
      "geometry" : 
      {
        "type" : "Polygon", 
        "coordinates" : 
        [
          [
            [-71.5246371522827, 41.1219512170751], 
            [-71.6461535471484, 41.1325002646756], 
            [-71.6121142077045, 41.2659776427541], 
            [-71.5318317286513, 41.2402030729136], 
            [-71.5104008842933, 41.1551272073548], 
            [-71.5246371522827, 41.1219512170751]
          ]
        ]
      }, 
      "properties" : {
        "OBJECTID" : 39, 
        "Id" : 39, 
        "gridcode" : 2, 
        "Timestamp" : 1790982000000, 
        "Unixtime" : 1790982000, 
        "Shape__Area" : 228968524.27734375, 
        "Shape__Length" : 61406.514683192785
      }
    }, 
    {
      "type" : "Feature", 
      "id" : 40, 
      "geometry" : 
      {
        "type" : "Polygon", 
        "coordinates" : 
        [
          [
            [-74.0228099047532, 40.6943415706071], 
            [-74.0903310039726, 40.6943415706071], 
            [-74.0903310039726, 40.7393526390131], 
            [-74.0228099047532, 40.7393526390131], 
            [-74.0228099047532, 40.6943415706071]
          ]
        ]
      }, 
      "properties" : {
        "OBJECTID" : 40, 
        "Id" : 40, 
        "gridcode" : 1, 
        "Timestamp" : 1790982000000, 
        "Unixtime" : 1790982000, 
        "Shape__Area" : 49689540.4140625, 
        "Shape__Length" : 28254.436273951083
      }
    }, 
    {
      "type" : "Feature", 
      "id" : 41, 
      "geometry" : 
      {
        "type" : "Polygon", 
        "coordinates" : 
        [
          [
            [-74.2703752775969, 40.5367983345756], 
            [-74.3706137128525, 40.5546588704106], 
            [-74.3360347801809, 40.6595378074239], 
            [-74.2378467991904, 40.6233670747308], 
            [-74.2703752775969, 40.5367983345756]
          ]
        ]
      }, 
      "properties" : {
        "OBJECTID" : 41, 
        "Id" : 41, 
        "gridcode" : 1, 
        "Timestamp" : 1790982000000, 
        "Unixtime" : 1790982000, 
        "Shape__Area" : 169786092.31640625, 
        "Shape__Length" : 52659.087432482505
      }
    }, 
    {
      "type" : "Feature", 
      "id" : 42, 
      "geometry" : 
      {
        "type" : "Polygon", 
        "coordinates" : 
        [
          [
            [-76.6110137872564, 39.3889846139489], 
            [-76.8000692677824, 39.4001182208793], 
            [-76.8910896520657, 39.5247282835835], 
            [-76.8463214006121, 39.6014404541137], 
            [-76.6896684934062, 39.6690694719786], 
            [-76.4909542941054, 39.6439963733341], 
            [-76.4706386090845, 39.4806704965463], 
            [-76.6010043328836, 39.4014851903893], 
            [-76.6110137872564, 39.3889846139489]
          ]
        ]
      }, 
      "properties" : {
        "OBJECTID" : 42, 
        "Id" : 42, 
        "gridcode" : 1, 
        "Timestamp" : 1790982000000, 
        "Unixtime" : 1790982000, 
        "Shape__Area" : 1421382326.4140625, 
        "Shape__Length" : 140560.47230476048
      }
    }, 
    {
      "type" : "Feature", 
      "id" : 43, 
      "geometry" : 
      {
        "type" : "Polygon", 
        "coordinates" : 
        [
          [
            [-119.530106229419, 39.2764524463234], 
            [-119.855202155855, 39.2877928973244], 
            [-119.920510922841, 39.3461499048943], 
            [-119.843573921799, 39.4671267065324], 
            [-119.475625299868, 39.44131616381], 
            [-119.469186154018, 39.3332895996354], 
            [-119.519485236055, 39.2883414837725], 
            [-119.530106229419, 39.2764524463234]
          ]
        ]
      }, 
      "properties" : {
        "OBJECTID" : 43, 
        "Id" : 43, 
        "gridcode" : 2, 
        "Timestamp" : 1790982000000, 
        "Unixtime" : 1790982000, 
        "Shape__Area" : 1119818130, 
        "Shape__Length" : 134090.59329027083
      }
    }, 
    {
      "type" : "Feature", 
      "id" : 44, 
      "geometry" : 
      {
        "type" : "Polygon", 
        "coordinates" : 
        [
          [
            [-75.0580914577545, 39.1864303095112], 
            [-74.9905703585351, 39.1864303095112], 
            [-74.9905703585351, 39.1639292719184], 
            [-75.0580914577545, 39.1639292719184], 
            [-75.0580914577545, 39.1864303095112]
          ]
        ]
      }, 
      "properties" : {
        "OBJECTID" : 44, 
        "Id" : 44, 
        "gridcode" : 2, 
        "Timestamp" : 1790982000000, 
        "Unixtime" : 1790982000, 
        "Shape__Area" : 24286252.9140625, 
        "Shape__Length" : 21495.019824588671
      }
    }, 
    {
      "type" : "Feature", 
      "id" : 45, 
      "geometry" : 
      {
        "type" : "Polygon", 
        "coordinates" : 
        [
          [
            [-75.0580914577545, 39.1864303095112], 
            [-75.0681009121273, 39.1989308859517], 
            [-75.1745176898394, 39.2841506430378], 
            [-75.2031341173456, 39.4416039468647], 
            [-75.1234991501656, 39.55061976529], 
            [-74.9446060087602, 39.5790473351665], 
            [-74.847731037957, 39.5220932699885], 
            [-74.8230176681308, 39.3610426779773], 
            [-74.8744678823868, 39.2271965778598], 
            [-74.9580598665695, 39.1764208551384], 
            [-74.9680693209423, 39.1639292719184], 
            [-74.9905703585351, 39.1639292719184], 
            [-74.9905703585351, 39.1864303095112], 
            [-75.0580914577545, 39.1864303095112]
          ]
        ]
      }, 
      "properties" : {
        "OBJECTID" : 45, 
        "Id" : 45, 
        "gridcode" : 1, 
        "Timestamp" : 1790982000000, 
        "Unixtime" : 1790982000, 
        "Shape__Area" : 1872650807.4765625, 
        "Shape__Length" : 164644.70291527023
      }
    }, 
    {
      "type" : "Feature", 
      "id" : 46, 
      "geometry" : 
      {
        "type" : "Polygon", 
        "coordinates" : 
        [
          [
            [-75.8683086755049, 39.1189182035124], 
            [-75.9898340635911, 39.1682999770624], 
            [-76.0110940367603, 39.3391891522576], 
            [-75.8984179776075, 39.4215040991349], 
            [-75.6831922255407, 39.3937330343521], 
            [-75.6692167609447, 39.2813267718131], 
            [-75.7396696500343, 39.1653322143103], 
            [-75.8582992211321, 39.1314097867324], 
            [-75.8683086755049, 39.1189182035124]
          ]
        ]
      }, 
      "properties" : {
        "OBJECTID" : 46, 
        "Id" : 46, 
        "gridcode" : 1, 
        "Timestamp" : 1790982000000, 
        "Unixtime" : 1790982000, 
        "Shape__Area" : 1246563591.2226563, 
        "Shape__Length" : 132362.17574454073
      }
    }, 
    {
      "type" : "Feature", 
      "id" : 47, 
      "geometry" : 
      {
        "type" : "Polygon", 
        "coordinates" : 
        [
          [
            [-76.9486012969123, 38.8713438374482], 
            [-76.9778562430711, 38.8838624003296], 
            [-76.9576125038139, 38.922497275429], 
            [-76.9486012969123, 38.8713438374482]
          ]
        ]
      }, 
      "properties" : {
        "OBJECTID" : 47, 
        "Id" : 47, 
        "gridcode" : 1, 
        "Timestamp" : 1790982000000, 
        "Unixtime" : 1790982000, 
        "Shape__Area" : 11016021.6015625, 
        "Shape__Length" : 17069.641210273807
      }
    }, 
    {
      "type" : "Feature", 
      "id" : 48, 
      "geometry" : 
      {
        "type" : "Polygon", 
        "coordinates" : 
        [
          [
            [-76.8585791601001, 38.6687895330106], 
            [-76.9931627042953, 38.6828189569294], 
            [-77.0717544579019, 38.8274299419384], 
            [-77.0086850028106, 38.8594637932196], 
            [-76.8492441972618, 38.7909984058518], 
            [-76.8455839565343, 38.7296106829867], 
            [-76.8585791601001, 38.6687895330106]
          ]
        ]
      }, 
      "properties" : {
        "OBJECTID" : 48, 
        "Id" : 48, 
        "gridcode" : 1, 
        "Timestamp" : 1790982000000, 
        "Unixtime" : 1790982000, 
        "Shape__Area" : 447647567.88671875, 
        "Shape__Length" : 83751.694531208675
      }
    }, 
    {
      "type" : "Feature", 
      "id" : 49, 
      "geometry" : 
      {
        "type" : "Polygon", 
        "coordinates" : 
        [
          [
            [-122.523418720797, 37.6560180108226], 
            [-122.523418720797, 37.7010290792287], 
            [-122.507374815495, 37.7954938669485], 
            [-122.408188587034, 37.8458738879696], 
            [-122.34526302347, 37.7643503444929], 
            [-122.358806813484, 37.6727274144387], 
            [-122.444386299388, 37.6377078139645], 
            [-122.523418720797, 37.6560180108226]
          ]
        ]
      }, 
      "properties" : {
        "OBJECTID" : 49, 
        "Id" : 49, 
        "gridcode" : 1, 
        "Timestamp" : 1790982000000, 
        "Unixtime" : 1790982000, 
        "Shape__Area" : 425260507.6484375, 
        "Shape__Length" : 79202.455511430613
      }
    }, 
    {
      "type" : "Feature", 
      "id" : 50, 
      "geometry" : 
      {
        "type" : "Polygon", 
        "coordinates" : 
        [
          [
            [-84.6006717835759, 36.710767587854], 
            [-84.7925871082084, 36.7303368355765], 
            [-84.9127814996664, 36.8338847759617], 
            [-84.9703021377334, 36.9369920485443], 
            [-84.9817954734822, 37.0800022403112], 
            [-84.9362178321871, 37.1821472383045], 
            [-84.8601441803096, 37.2704426767882], 
            [-84.7570459009475, 37.3279633148552], 
            [-84.5105507213386, 37.3477753795302], 
            [-84.3380247800195, 37.2483013680138], 
            [-84.2751711622193, 37.1356343020815], 
            [-84.3080863491057, 36.9430624723553], 
            [-84.4400708525877, 36.7898629618063], 
            [-84.5902486410619, 36.7228544761533], 
            [-84.6006717835759, 36.710767587854]
          ]
        ]
      }, 
      "properties" : {
        "OBJECTID" : 50, 
        "Id" : 50, 
        "gridcode" : 2, 
        "Timestamp" : 1790982000000, 
        "Unixtime" : 1790982000, 
        "Shape__Area" : 5324587834.1757813, 
        "Shape__Length" : 263702.21189885866
      }
    }, 
    {
      "type" : "Feature", 
      "id" : 51, 
      "geometry" : 
      {
        "type" : "Polygon", 
        "coordinates" : 
        [
          [
            [-121.960766875891, 36.6432464886346], 
            [-121.960766875891, 36.6657475262275], 
            [-121.938256845077, 36.6657475262275], 
            [-121.938256845077, 36.6432464886346], 
            [-121.960766875891, 36.6432464886346]
          ]
        ]
      }, 
      "properties" : {
        "OBJECTID" : 51, 
        "Id" : 51, 
        "gridcode" : 1, 
        "Timestamp" : 1790982000000, 
        "Unixtime" : 1790982000, 
        "Shape__Area" : 7823684.5390625, 
        "Shape__Length" : 11256.057939654216
      }
    }, 
    {
      "type" : "Feature", 
      "id" : 52, 
      "geometry" : 
      {
        "type" : "Polygon", 
        "coordinates" : 
        [
          [
            [-121.960766875891, 36.6432464886346], 
            [-121.938256845077, 36.6432464886346], 
            [-121.938256845077, 36.6657475262275], 
            [-121.881455664647, 36.6517990412928], 
            [-121.848234708265, 36.6657475262275], 
            [-121.834430114858, 36.6497306005869], 
            [-121.722779282838, 36.5999081592342], 
            [-121.553005266979, 36.5051825681211], 
            [-121.438755394246, 36.415709017757], 
            [-121.410201919283, 36.3030779247065], 
            [-121.510647198609, 35.9680624761025], 
            [-121.60239603375, 36.0053393749123], 
            [-121.676554129669, 36.1274313358875], 
            [-121.861868430484, 36.2399994763948], 
            [-121.928256383925, 36.2931584025383], 
            [-121.94826629945, 36.3856716614181], 
            [-122.006947062957, 36.5911667489464], 
            [-121.973267452331, 36.6332370342618], 
            [-121.960766875891, 36.6432464886346]
          ]
        ]
      }, 
      "properties" : {
        "OBJECTID" : 52, 
        "Id" : 52, 
        "gridcode" : 2, 
        "Timestamp" : 1790982000000, 
        "Unixtime" : 1790982000, 
        "Shape__Area" : 3590738743.3867188, 
        "Shape__Length" : 254967.93394832048
      }
    }, 
    {
      "type" : "Feature", 
      "id" : 53, 
      "geometry" : 
      {
        "type" : "Polygon", 
        "coordinates" : 
        [
          [
            [-70.8719541773434, 42.4273081737333], 
            [-70.8719541773434, 42.40479814292], 
            [-70.8345963395494, 42.3780253256083], 
            [-70.8493182414437, 42.3035254873115], 
            [-70.7463188875066, 42.2828770531336], 
            [-70.7181251413621, 42.2435497000587], 
            [-70.6787977882872, 42.2153559539142], 
            [-70.6600109507447, 42.1666306854578], 
            [-70.6112856822883, 42.1028237862888], 
            [-70.5924898515254, 42.0540985178324], 
            [-70.5657080409932, 42.0119203138715], 
            [-70.5717334987019, 41.9814602761709], 
            [-70.4999136401024, 41.929992075474], 
            [-70.4777093787848, 41.792602646495], 
            [-70.2871969965441, 41.7544084391982], 
            [-70.1653928186236, 41.7784742971511], 
            [-70.2583647317469, 41.5777096435853], 
            [-70.3578117636019, 41.597359830292], 
            [-70.4537424462569, 41.5364577413318], 
            [-70.5996124821303, 41.5166996359795], 
            [-70.5349512270175, 41.4917614356418], 
            [-70.5024677147132, 41.4464356045196], 
            [-70.4312324154436, 41.4276397737566], 
            [-70.4124365846806, 41.3351984606405], 
            [-70.7184309108578, 41.3141902976442], 
            [-70.7688289183199, 41.243881300082], 
            [-70.814406559615, 41.2112089301481], 
            [-70.8813520927249, 41.2566336866953], 
            [-70.8347222446358, 41.2900524939275], 
            [-70.8740046316084, 41.3519258506975], 
            [-70.8363410243188, 41.3789145053003], 
            [-70.8269431089373, 41.392026620732], 
            [-70.976761168593, 41.4024137903642], 
            [-70.9694047142561, 41.4746293506641], 
            [-71.0407569253917, 41.4673628285318], 
            [-71.0863615463482, 41.4720033302896], 
            [-71.1718960661505, 41.4398705535833], 
            [-71.2665407182795, 41.4495112859172], 
            [-71.3169027528597, 41.4206700278996], 
            [-71.3862494758326, 41.4277386991817], 
            [-71.4657315582647, 41.3320508334793], 
            [-71.5798375394708, 41.3436880607555], 
            [-71.6923876935372, 41.3122117891429], 
            [-71.8643110890854, 41.2815808802535], 
            [-72.0326551828903, 41.2183225675325], 
            [-72.0844741191852, 41.2806995446484], 
            [-72.3964039708665, 41.2376040322004], 
            [-72.5486591932671, 41.2220817336851], 
            [-72.6135452788914, 41.2287007439443], 
            [-72.6449945708427, 41.1908392858045], 
            [-72.7958378576309, 41.2244199710049], 
            [-72.8637456653302, 41.2174951912502], 
            [-72.9320042086273, 41.2244559438868], 
            [-73.0877667870076, 41.1321675155185], 
            [-73.2804645218202, 41.0978313997994], 
            [-73.3641554314279, 41.0375948091532], 
            [-73.5219954437347, 40.9912797237803], 
            [-73.6074849974346, 40.9542006758206], 
            [-73.617701295878, 40.9419069434508], 
            [-73.5380933083594, 40.9523210927443], 
            [-73.3901818114414, 40.9791388761583], 
            [-73.2179976124997, 40.9320144009439], 
            [-73.179668506896, 40.9765038625633], 
            [-73.1460338623728, 41.0054800188878], 
            [-72.8975062149398, 40.9855150694649], 
            [-72.6264955163549, 41.0072876562004], 
            [-72.4594734259578, 41.1115370677815], 
            [-72.412789618546, 41.1323743595891], 
            [-72.3550081770857, 41.1646150549409], 
            [-72.1176950755672, 41.2292043642901], 
            [-72.0543648170826, 41.2129356284765], 
            [-72.1443869538948, 41.1565481361876], 
            [-72.1548011031883, 41.1444612478884], 
            [-72.0603183290276, 41.1264208476441], 
            [-72.0312792201598, 41.0648982264721], 
            [-71.9477501885203, 41.1090999050367], 
            [-71.8773332723126, 41.1118878033795], 
            [-71.8063857560977, 41.0784060436041], 
            [-71.8640772653534, 41.0318301548378], 
            [-72.4176459575948, 40.8278998876698], 
            [-72.7741552031001, 40.7285248015784], 
            [-73.1986082291864, 40.5962884879235], 
            [-73.2913643050186, 40.5926192539755], 
            [-73.3508004990437, 40.5949754777362], 
            [-73.4934869348741, 40.5701272096031], 
            [-73.8319377936942, 40.5484805279541], 
            [-73.9473477918671, 40.5182363275446], 
            [-74.0643226104001, 40.5592364196252], 
            [-74.146160916593, 40.4834055847], 
            [-74.0939192989364, 40.4794935337996], 
            [-73.9464574630414, 40.4853391270991], 
            [-73.939559662948, 40.3113652772858], 
            [-74.0128454164827, 40.0316941073972], 
            [-74.0710495393047, 39.7268149405571], 
            [-74.323992857984, 39.3957655021763], 
            [-74.4162363202499, 39.3322913521643], 
            [-74.5007096400378, 39.2924244058617], 
            [-74.6563463133317, 39.1482181157735], 
            [-74.7028142834524, 39.0497603381692], 
            [-74.7899675829375, 38.9556912521497], 
            [-74.8843604248937, 38.9057518989311], 
            [-74.9752279244291, 38.9021456175263], 
            [-75.0164348605803, 38.9403218383822], 
            [-74.9689236768861, 39.0410009414404], 
            [-74.9249917949354, 39.1240173595136], 
            [-74.9680693209423, 39.1639292719184], 
            [-74.9580598665695, 39.1764208551384], 
            [-74.8744678823868, 39.2271965778598], 
            [-74.8230176681308, 39.3610426779773], 
            [-74.847731037957, 39.5220932699885], 
            [-74.9446060087602, 39.5790473351665], 
            [-75.1234991501656, 39.55061976529], 
            [-75.2031341173456, 39.4416039468647], 
            [-75.1745176898394, 39.2841506430378], 
            [-75.0681009121273, 39.1989308859517], 
            [-75.0580914577545, 39.1864303095112], 
            [-75.1502539810363, 39.1637943736116], 
            [-75.2473268026897, 39.2447603374197], 
            [-75.2964657592873, 39.2631424800415], 
            [-75.3598589703151, 39.3122724434186], 
            [-75.3956789674103, 39.32147250795], 
            [-75.3609831228728, 39.1981484757716], 
            [-75.3694457433263, 39.0928468573966], 
            [-75.2879401862905, 38.9887863034452], 
            [-75.2478214298151, 38.8988720852786], 
            [-75.1600296116772, 38.8366300064697], 
            [-75.0579205865657, 38.8448318235299], 
            [-75.0028281180232, 38.4383742315856], 
            [-75.0459955762348, 38.3416161726483], 
            [-75.1041007736317, 38.2374836729332], 
            [-75.165920171079, 38.0745624910662], 
            [-75.2727326504914, 37.9381803027788], 
            [-75.3287784004028, 37.8487067524148], 
            [-75.4631910734092, 37.8181747689505], 
            [-75.5624132747528, 37.6592016108658], 
            [-75.5662893527714, 37.6110069424166], 
            [-75.5631956849329, 37.5725339452854], 
            [-75.6103291533677, 37.4880606254976], 
            [-75.6311574519548, 37.4413768180858], 
            [-75.6778412593666, 37.3755284578721], 
            [-75.6986785511741, 37.3288446504603], 
            [-75.7678723893992, 37.2404952526539], 
            [-75.7939617219558, 37.1538185938531], 
            [-75.9796177651477, 37.0379409482163], 
            [-76.0644957798563, 37.2647769478979], 
            [-75.9635109073025, 37.6011054066893], 
            [-75.8610781262545, 37.7455725001709], 
            [-75.8284417292024, 37.8187053689577], 
            [-75.7477095891262, 37.8547322101235], 
            [-75.790373426992, 37.8914964953671], 
            [-75.8007875762855, 37.9035833836663], 
            [-75.8353844953981, 37.8931692343727], 
            [-75.9223219575922, 37.8612433017371], 
            [-75.9358297747243, 37.9936055204785], 
            [-75.9662718259839, 37.9673812896149], 
            [-75.9721174192834, 37.8945362038828], 
            [-75.9254156254307, 37.8108183146136], 
            [-75.997091592503, 37.7581360291545], 
            [-76.0390269795114, 37.8571963525297], 
            [-76.0361401557435, 37.8930613157272], 
            [-76.0787950003889, 37.9298166077504], 
            [-76.0839211360515, 37.9936055204785], 
            [-76.0777697732564, 38.0701917859222], 
            [-76.1054598990551, 38.0940507998047], 
            [-76.1262881976422, 38.1857456756225], 
            [-76.2022539308742, 38.2333288050804], 
            [-76.2388203652676, 38.2757768056551], 
            [-76.2832468743437, 38.3140519519361], 
            [-76.3249124647384, 38.4074195667597], 
            [-76.3409383835995, 38.421224160167], 
            [-76.3556153193914, 38.3318765148894], 
            [-76.3488614108254, 38.2861909549487], 
            [-76.3567664516104, 38.2326992796481], 
            [-76.2861247048912, 38.1374071156459], 
            [-76.3091743289321, 38.0063129409895], 
            [-76.3536368108901, 38.0259181615939], 
            [-76.418262093121, 38.0738340402089], 
            [-76.498481619631, 38.0836366505111], 
            [-76.4890837042495, 38.0480145042661], 
            [-76.4403584357931, 38.0292276667235], 
            [-76.3784131332594, 37.9899003136487], 
            [-76.2440454263553, 37.9380723841333], 
            [-76.1965072629997, 37.865497095015], 
            [-76.2781477183425, 37.7369030356466], 
            [-76.2554937960018, 37.6222574612129], 
            [-76.2713668301151, 37.5419480024984], 
            [-76.2378041313555, 37.4890768594096], 
            [-76.1991152969334, 37.3887664783903], 
            [-76.2705484470531, 37.2762433039854], 
            [-76.3184283527862, 37.2959204703535], 
            [-76.3290493461503, 37.2615303953116], 
            [-76.36612839411, 37.2283993711342], 
            [-76.2410506839419, 37.1166496136888], 
            [-76.2389642567949, 37.081656992876], 
            [-76.2693523487318, 36.9969678357971], 
            [-76.1851308391169, 36.9512013368723], 
            [-76.0933730107558, 36.9457334588321], 
            [-75.9776032837645, 36.9526312589255], 
            [-75.8452860311254, 36.5838822403732], 
            [-75.778799152259, 36.342513196427], 
            [-75.7181668599126, 36.1735305839694], 
            [-75.9239407372751, 36.0236945378727], 
            [-76.2003293816956, 35.832849406475], 
            [-76.3515593769636, 35.6635969974036], 
            [-76.3634394211923, 35.6529760040394], 
            [-76.3978744623365, 35.6860620621146], 
            [-76.6404935639268, 35.9385826994321], 
            [-76.8902712690038, 36.1785667874274], 
            [-77.0783374952791, 36.2491635680443], 
            [-77.3422345564795, 36.2041524996382], 
            [-77.651826170841, 36.1808510654244], 
            [-77.9163617506942, 36.104291779642], 
            [-78.1134032109894, 36.1613177905837], 
            [-78.2226708395875, 36.1590874719094], 
            [-78.291540921876, 36.0874025116167], 
            [-78.3953136927726, 35.8734987629576], 
            [-78.4548578054433, 35.7856619787174], 
            [-78.6605867167036, 35.7045161505], 
            [-79.0832860648, 35.1828194315716], 
            [-79.2367193990809, 35.1468195700672], 
            [-79.3782636959128, 35.219736601563], 
            [-79.5030446298058, 35.3496076982368], 
            [-79.5259863352011, 35.325721704693], 
            [-79.5783178850623, 35.3801846478033], 
            [-79.7145022224995, 35.7572523952819], 
            [-79.7820862742621, 35.8569512373098], 
            [-80.1983105036268, 35.9483223571911], 
            [-80.4030591538568, 35.8890660275752], 
            [-80.5191166639029, 35.8670056577849], 
            [-80.65588556067, 35.9138243635036], 
            [-80.7929961998147, 36.0565287857749], 
            [-80.9225705202133, 36.4052319159202], 
            [-80.920690937137, 36.4969537713995], 
            [-80.921158584601, 36.519643666622], 
            [-80.8955998520515, 36.644424600515], 
            [-80.7687774571139, 36.8115636027781], 
            [-80.600999936198, 36.8343254437643], 
            [-79.8495803938201, 36.6719978144476], 
            [-79.5757098511287, 36.6775915975742], 
            [-79.3738210450052, 36.8000163077065], 
            [-79.205998557987, 36.9746916287158], 
            [-79.1038445667732, 37.1304991731984], 
            [-79.0747964646851, 37.2200086964443], 
            [-79.0757677324948, 37.2675648462408], 
            [-79.1642340421673, 37.5260389955033], 
            [-79.3232161934725, 37.8020858975462], 
            [-79.3563022515476, 37.8702724950797], 
            [-79.4126267912933, 37.979621062662], 
            [-79.4391028323298, 38.0882141997256], 
            [-79.434696154304, 38.3042763212953], 
            [-79.3620219397607, 38.5166062563737], 
            [-79.243239483915, 38.6731422517136], 
            [-79.0529609254063, 38.8081214976091], 
            [-78.8704525093758, 38.837358457327], 
            [-78.7808170810434, 38.7911872634815], 
            [-78.681909642416, 38.6403259902523], 
            [-78.6390119808182, 38.3768066443113], 
            [-78.5749892443581, 38.3152930163597], 
            [-78.1843597204247, 38.2607671207061], 
            [-78.0208449860073, 38.3026755280533], 
            [-77.947235476536, 38.4149378990649], 
            [-77.9509137037044, 38.5948562676027], 
            [-78.0394969252429, 38.7668156360328], 
            [-78.4302523542627, 38.9763037134457], 
            [-78.5484772304398, 39.0993489557898], 
            [-78.5108585892525, 39.3198897011489], 
            [-78.3752228382633, 39.5831752233579], 
            [-78.2397669516834, 39.6488976784851], 
            [-78.1659146252597, 39.6473868174477], 
            [-78.0138122876069, 39.5319768192748], 
            [-77.8378149631899, 39.3099881654216], 
            [-77.7650058503397, 39.2204156896324], 
            [-77.4819352431169, 39.3172996536562], 
            [-77.3323420139727, 39.4308210755323], 
            [-77.2976731490965, 39.5317340023224], 
            [-77.5600773357004, 39.8443203590974], 
            [-77.6722587677279, 40.0333038938597], 
            [-77.626177506087, 40.1679503905981], 
            [-77.504031585789, 40.2102365132046], 
            [-77.2526620806904, 40.0977043455792], 
            [-77.1365955774239, 40.0531429381961], 
            [-77.0460608270455, 40.1473739021839], 
            [-77.050188715237, 40.3494065998348], 
            [-77.1635752388062, 40.5695156706118], 
            [-77.1619834387846, 40.6474599123451], 
            [-76.7932254270118, 40.8451578777339], 
            [-76.556685742453, 40.9384535467938], 
            [-76.3219896680886, 40.9766567473111], 
            [-76.2621667655837, 40.9754336693285], 
            [-76.2171556971777, 40.9763509778154], 
            [-76.1686102931305, 40.9753617235648], 
            [-76.0373272608443, 40.9304315941428], 
            [-75.9622068903357, 40.9060509734737], 
            [-75.7902115490237, 40.8174497654944], 
            [-75.6810428458506, 40.7644796969805], 
            [-75.4971854467509, 40.7958390567272], 
            [-75.2701695826601, 40.8275311656309], 
            [-75.1400286893725, 41.0467589008027], 
            [-74.8991992386539, 41.2781454700375], 
            [-74.8173069731382, 41.3633742203441], 
            [-74.7168077344893, 41.5166726563181], 
            [-74.5969370989679, 41.718588442103], 
            [-74.5739864003521, 41.7406488118932], 
            [-74.5408913490564, 41.8088623890881], 
            [-74.4032501099046, 41.8060475110839], 
            [-74.3493717261242, 41.5605955450484], 
            [-74.3241637291727, 41.4869590559158], 
            [-74.1982046833994, 41.3659372881754], 
            [-73.9177870762126, 41.3359898640411], 
            [-73.7091803344048, 41.4434498553267], 
            [-73.5941300650504, 41.2882628430559], 
            [-73.4901684365241, 41.2234576964157], 
            [-73.3568529364138, 41.2921389210744], 
            [-73.2610391656249, 41.4382877467822], 
            [-73.0889898649902, 41.4030523090169], 
            [-73.039877888054, 41.4040505564881], 
            [-72.8171158172411, 41.5550467280241], 
            [-72.5938950921847, 41.4705734082363], 
            [-72.4751935753232, 41.4485220316665], 
            [-72.3200695155956, 41.609968325378], 
            [-72.1871856900675, 41.8338185758666], 
            [-72.1429750182824, 42.0602948467299], 
            [-72.0977660990262, 42.1923692824165], 
            [-71.8459289464636, 42.3145511755963], 
            [-71.5660239528431, 42.40538270225], 
            [-70.8719541773434, 42.4273081737333]
          ], 
          [
            [-70.898142435325, 42.3970999462056], 
            [-70.8800750554194, 42.3771799628851], 
            [-70.8719541773434, 42.40479814292], 
            [-70.898142435325, 42.3970999462056]
          ], 
          [
            [-70.8719541773434, 41.4595477199514], 
            [-70.8627631060324, 41.4728576862333], 
            [-70.8136331426554, 41.4912488220755], 
            [-70.7502399316275, 41.5403787854527], 
            [-70.6847692866732, 41.5648763179877], 
            [-70.7056875174649, 41.6487920581071], 
            [-70.8136331426554, 41.5587609280744], 
            [-70.8852731368457, 41.5403787854527], 
            [-70.9468766970019, 41.5002600289773], 
            [-70.8719541773434, 41.4595477199514]
          ], 
          [
            [-70.7332427449567, 41.4222348482597], 
            [-70.7513101248623, 41.4421548315803], 
            [-70.7594310029384, 41.4145366515453], 
            [-70.7332427449567, 41.4222348482597]
          ], 
          [
            [-70.7594310029384, 41.392026620732], 
            [-70.7594310029384, 41.4145366515453], 
            [-70.8269431089373, 41.4145366515453], 
            [-70.8269431089373, 41.392026620732], 
            [-70.7594310029384, 41.392026620732]
          ], 
          [
            [-72.2242737312476, 41.1357018511596], 
            [-72.252386538408, 41.0896026030778], 
            [-72.1924557172575, 41.069385843482], 
            [-72.1548011031883, 41.1444612478884], 
            [-72.2242737312476, 41.1357018511596]
          ], 
          [
            [-73.6627123642841, 40.9419069434508], 
            [-73.6627123642841, 40.9193969126375], 
            [-73.617701295878, 40.9193969126375], 
            [-73.617701295878, 40.9419069434508], 
            [-73.6627123642841, 40.9419069434508]
          ], 
          [
            [-73.6889006222659, 40.9116987159231], 
            [-73.6708332423602, 40.8917787326025], 
            [-73.6627123642841, 40.9193969126375], 
            [-73.6889006222659, 40.9116987159231]
          ], 
          [
            [-74.0228099047532, 40.6943415706071], 
            [-74.0228099047532, 40.7393526390131], 
            [-74.0903310039726, 40.7393526390131], 
            [-74.0903310039726, 40.6943415706071], 
            [-74.0228099047532, 40.6943415706071]
          ], 
          [
            [-74.2703752775969, 40.5367983345756], 
            [-74.2378467991904, 40.6233670747308], 
            [-74.3360347801809, 40.6595378074239], 
            [-74.3706137128525, 40.5546588704106], 
            [-74.2703752775969, 40.5367983345756]
          ], 
          [
            [-76.6110137872564, 39.3889846139489], 
            [-76.6010043328836, 39.4014851903893], 
            [-76.4706386090845, 39.4806704965463], 
            [-76.4909542941054, 39.6439963733341], 
            [-76.6896684934062, 39.6690694719786], 
            [-76.8463214006121, 39.6014404541137], 
            [-76.8910896520657, 39.5247282835835], 
            [-76.8000692677824, 39.4001182208793], 
            [-76.6110137872564, 39.3889846139489]
          ], 
          [
            [-75.4632000666297, 39.366483576356], 
            [-75.4708982633441, 39.3926628411173], 
            [-75.4908182466647, 39.3746044544321], 
            [-75.4632000666297, 39.366483576356]
          ], 
          [
            [-75.425887194938, 39.3701618035245], 
            [-75.4458071782586, 39.3520944236188], 
            [-75.4181889982236, 39.3439735455428], 
            [-75.425887194938, 39.3701618035245]
          ], 
          [
            [-75.3956789674103, 39.3439735455428], 
            [-75.4181889982236, 39.3439735455428], 
            [-75.4181889982236, 39.32147250795], 
            [-75.3956789674103, 39.32147250795], 
            [-75.3956789674103, 39.3439735455428]
          ], 
          [
            [-75.8683086755049, 39.1189182035124], 
            [-75.8582992211321, 39.1314097867324], 
            [-75.7396696500343, 39.1653322143103], 
            [-75.6692167609447, 39.2813267718131], 
            [-75.6831922255407, 39.3937330343521], 
            [-75.8984179776075, 39.4215040991349], 
            [-76.0110940367603, 39.3391891522576], 
            [-75.9898340635911, 39.1682999770624], 
            [-75.8683086755049, 39.1189182035124]
          ], 
          [
            [-76.3822712248371, 38.946563133382], 
            [-76.4003386047427, 38.9664831167025], 
            [-76.4084594828188, 38.9388649366676], 
            [-76.3822712248371, 38.946563133382]
          ], 
          [
            [-76.9486012969123, 38.8713438374482], 
            [-76.9576125038139, 38.922497275429], 
            [-76.9778562430711, 38.8838624003296], 
            [-76.9486012969123, 38.8713438374482]
          ], 
          [
            [-76.8585791601001, 38.6687895330106], 
            [-76.8455839565343, 38.7296106829867], 
            [-76.8492441972618, 38.7909984058518], 
            [-77.0086850028106, 38.8594637932196], 
            [-77.0717544579019, 38.8274299419384], 
            [-76.9931627042953, 38.6828189569294], 
            [-76.8585791601001, 38.6687895330106]
          ], 
          [
            [-76.228406215974, 38.6462884954178], 
            [-76.2697840233139, 38.6998880893639], 
            [-76.3057299254956, 38.6594185972905], 
            [-76.228406215974, 38.6462884954178]
          ], 
          [
            [-76.3698605806012, 38.4999957781827], 
            [-76.3220975867342, 38.6300557324861], 
            [-76.3863181740444, 38.6853910179812], 
            [-76.4272912864636, 38.7588206630432], 
            [-76.3962287029922, 38.8144976909158], 
            [-76.4084594828188, 38.9388649366676], 
            [-76.4334516424793, 38.9188460279219], 
            [-76.4634710123773, 38.8138411858221], 
            [-76.5002802637231, 38.7512303849743], 
            [-76.4691996938108, 38.5013357680314], 
            [-76.3848252994479, 38.4337697027097], 
            [-76.3409383835995, 38.421224160167], 
            [-76.3698605806012, 38.4999957781827]
          ], 
          [
            [-76.5061798163454, 38.1098159152724], 
            [-76.526099799666, 38.0917575285871], 
            [-76.498481619631, 38.0836366505111], 
            [-76.5061798163454, 38.1098159152724]
          ], 
          [
            [-75.9225108152219, 38.0028055850098], 
            [-75.9041286726001, 38.0741128300431], 
            [-75.9900319144413, 38.075632684301], 
            [-75.9358297747243, 37.9936055204785], 
            [-75.9225108152219, 38.0028055850098]
          ], 
          [
            [-75.752098280711, 37.933791611194], 
            [-75.7701656606167, 37.9537115945146], 
            [-75.7782865386927, 37.9260934144796], 
            [-75.752098280711, 37.933791611194]
          ], 
          [
            [-75.7782865386927, 37.9035833836663], 
            [-75.7782865386927, 37.9260934144796], 
            [-75.8007875762855, 37.9260934144796], 
            [-75.8007875762855, 37.9035833836663], 
            [-75.7782865386927, 37.9035833836663]
          ], 
          [
            [-76.3465771328284, 37.3472807524048], 
            [-76.3714074145205, 37.3073148806773], 
            [-76.3184283527862, 37.2959204703535], 
            [-76.3465771328284, 37.3472807524048]
          ]
        ]
      }, 
      "properties" : {
        "OBJECTID" : 53, 
        "Id" : 53, 
        "gridcode" : 2, 
        "Timestamp" : 1790982000000, 
        "Unixtime" : 1790982000, 
        "Shape__Area" : 346117071365.88672, 
        "Shape__Length" : 7065819.728022038
      }
    }, 
    {
      "type" : "Feature", 
      "id" : 54, 
      "geometry" : 
      {
        "type" : "Polygon", 
        "coordinates" : 
        [
          [
            [-122.275853347954, 37.0483550975099], 
            [-122.288551775244, 37.058157707812], 
            [-122.308462765344, 37.0839502640935], 
            [-122.342484118347, 37.0789140606355], 
            [-122.398188125881, 37.151084654833], 
            [-122.437731316247, 37.1816076450768], 
            [-122.447974594352, 37.2509094019474], 
            [-122.435276167061, 37.3368306302295], 
            [-122.488210262693, 37.4661621336756], 
            [-122.555398612756, 37.5180260360728], 
            [-122.523418720797, 37.6560180108226], 
            [-122.444386299388, 37.6377078139645], 
            [-122.358806813484, 37.6727274144387], 
            [-122.34526302347, 37.7643503444929], 
            [-122.408188587034, 37.8458738879696], 
            [-122.507374815495, 37.7954938669485], 
            [-122.523418720797, 37.7010290792287], 
            [-122.536728687079, 37.7102201505396], 
            [-122.562377351833, 37.810143823079], 
            [-122.660925061642, 37.874319444287], 
            [-122.712006553859, 37.86286208142], 
            [-122.797613019425, 37.9219745195085], 
            [-122.825186233358, 37.9619134115747], 
            [-122.883516261266, 37.9936055204785], 
            [-122.8263913249, 38.0552630399574], 
            [-122.568411802762, 38.2371329373353], 
            [-122.484064388061, 38.276945924315], 
            [-122.420428360081, 38.2744188293656], 
            [-122.377557678144, 38.0944554947254], 
            [-122.352475586279, 38.0229054327396], 
            [-122.304604673767, 37.9785418762067], 
            [-122.192360289196, 37.9829935203348], 
            [-122.054116504273, 38.1321910477787], 
            [-121.802899883922, 38.0884480234576], 
            [-121.733049540604, 38.1254101595513], 
            [-121.702373665612, 38.3261298470149], 
            [-121.850806769317, 38.4636631675212], 
            [-121.936656051835, 38.556311324708], 
            [-121.974049862511, 38.7132969810709], 
            [-122.028602737826, 38.8689426475852], 
            [-121.926574651699, 39.0172048801012], 
            [-121.859916901644, 39.1396565698948], 
            [-121.930675560229, 39.3415273895774], 
            [-121.925873180503, 39.4626390895224], 
            [-121.785462029449, 39.5533087382078], 
            [-121.291383490556, 39.5337215040442], 
            [-121.252253988331, 39.43741310613], 
            [-121.308569534856, 39.2224841303384], 
            [-121.42808943478, 39.0487980635798], 
            [-121.717140533609, 38.7809799582586], 
            [-121.679009278855, 38.6354606579831], 
            [-121.634861559613, 38.4320519976017], 
            [-121.581576728383, 38.4104053159526], 
            [-121.387332159651, 38.4612979505401], 
            [-121.432298261955, 38.5895952336332], 
            [-121.468289130239, 38.7032695402572], 
            [-121.229375235479, 38.8507493625931], 
            [-121.139721820705, 38.8010977924292], 
            [-121.207242919925, 38.7029817572024], 
            [-121.251399632387, 38.6219888137328], 
            [-121.110601772853, 38.590449589577], 
            [-120.975775411706, 38.6377089630982], 
            [-120.756259893479, 38.6796173704454], 
            [-120.581566586029, 38.7513742765017], 
            [-120.397025702174, 38.9505471300461], 
            [-120.266075419045, 39.0465947245669], 
            [-120.239482466143, 39.1306003968909], 
            [-120.214274469191, 39.2025011944746], 
            [-119.981619855872, 39.1932831435023], 
            [-119.816405402787, 39.0149745614269], 
            [-119.880239281617, 38.7713572123656], 
            [-119.931158895866, 38.5576063484543], 
            [-119.923397746609, 38.3619588373306], 
            [-119.858322803355, 38.3016592941412], 
            [-119.653466234479, 38.2528620799211], 
            [-119.579461023308, 38.2269166388919], 
            [-119.503837032453, 38.1453031632105], 
            [-119.349567328669, 37.8184175859029], 
            [-119.196062048625, 37.468239567602], 
            [-119.152876603972, 37.3318214064328], 
            [-119.160008227797, 37.1519210243359], 
            [-119.260687330856, 36.9212179398561], 
            [-119.315869731603, 36.715003394691], 
            [-119.244922215388, 36.5809234708416], 
            [-119.15986433627, 36.5021068867235], 
            [-118.953694757207, 36.3689802442429], 
            [-118.96293079462, 36.1359299292229], 
            [-118.818580613005, 35.8631385729868], 
            [-118.618184681478, 35.7996914026362], 
            [-118.541139761791, 35.7466763680201], 
            [-118.551778741596, 35.4780848457391], 
            [-118.643122881815, 35.255709483406], 
            [-118.786879510881, 35.1628724685896], 
            [-119.085625301367, 35.0682907690039], 
            [-119.287792897324, 35.0344852532919], 
            [-119.544792158431, 35.1097225356665], 
            [-119.760323679994, 35.2966556161638], 
            [-119.799327277132, 35.3387528811406], 
            [-119.893917969938, 35.4263918145307], 
            [-119.946042675729, 35.5071149613864], 
            [-120.136276268135, 35.7192200659534], 
            [-120.352014633768, 35.8888591835046], 
            [-120.486184489822, 36.0022547002943], 
            [-120.710277557263, 36.1602296109079], 
            [-120.911222075239, 36.5020349409599], 
            [-120.937716102716, 36.8061137111789], 
            [-121.011262659644, 36.9851687305526], 
            [-121.14527963095, 37.1093381254542], 
            [-121.234915059283, 37.1516422345016], 
            [-121.31839912482, 37.148332729372], 
            [-121.528291897153, 36.8506121660187], 
            [-121.749390222181, 36.859380555968], 
            [-121.79349297532, 36.9986945341255], 
            [-121.840248728496, 37.087043931932], 
            [-122.007243839232, 37.1492050717567], 
            [-122.060753500973, 37.0358185481875], 
            [-122.10929890502, 36.9908434526633], 
            [-122.156998946344, 36.9927320289601], 
            [-122.241661123762, 37.0375272600751], 
            [-122.275853347954, 37.0483550975099]
          ]
        ]
      }, 
      "properties" : {
        "OBJECTID" : 54, 
        "Id" : 54, 
        "gridcode" : 2, 
        "Timestamp" : 1790982000000, 
        "Unixtime" : 1790982000, 
        "Shape__Area" : 129867239239.17188, 
        "Shape__Length" : 2480947.7370309858
      }
    }, 
    {
      "type" : "Feature", 
      "id" : 55, 
      "geometry" : 
      {
        "type" : "Polygon", 
        "coordinates" : 
        [
          [
            [-119.777680595483, 33.9200094009132], 
            [-119.888153315623, 33.9387782520148], 
            [-119.922516411004, 34.0227389582364], 
            [-119.96752747941, 34.0574797688763], 
            [-119.937589048496, 34.1075180475199], 
            [-119.655156959926, 34.0611220231629], 
            [-119.500626452749, 34.0839558099128], 
            [-119.489034191575, 34.0055169410541], 
            [-119.539917832942, 33.9748230796215], 
            [-119.764856263106, 33.9366108858837], 
            [-119.777680595483, 33.9200094009132]
          ]
        ]
      }, 
      "properties" : {
        "OBJECTID" : 55, 
        "Id" : 55, 
        "gridcode" : 1, 
        "Timestamp" : 1790982000000, 
        "Unixtime" : 1790982000, 
        "Shape__Area" : 837962710.890625, 
        "Shape__Length" : 134162.34887225911
      }
    }, 
    {
      "type" : "Feature", 
      "id" : 56, 
      "geometry" : 
      {
        "type" : "Polygon", 
        "coordinates" : 
        [
          [
            [-120.04774700592, 33.8749983325071], 
            [-120.181368275525, 33.8886230615051], 
            [-120.238214422058, 33.9546063200257], 
            [-120.262397191877, 33.9754346186128], 
            [-120.28333340911, 33.9997432935182], 
            [-120.427467753434, 33.9881600255648], 
            [-120.485779794902, 34.0383961550586], 
            [-120.451803408001, 34.0852688201001], 
            [-120.352536240555, 34.0932458066487], 
            [-120.250849896805, 34.0365165719823], 
            [-120.022008408961, 34.0548987146041], 
            [-119.99232178822, 34.0204456870189], 
            [-119.947850313041, 33.9821345678561], 
            [-119.943758397732, 33.9312599197096], 
            [-120.033942412512, 33.8910152581477], 
            [-120.04774700592, 33.8749983325071]
          ]
        ]
      }, 
      "properties" : {
        "OBJECTID" : 56, 
        "Id" : 56, 
        "gridcode" : 1, 
        "Timestamp" : 1790982000000, 
        "Unixtime" : 1790982000, 
        "Shape__Area" : 898198303.94921875, 
        "Shape__Length" : 150640.42077548828
      }
    }, 
    {
      "type" : "Feature", 
      "id" : 57, 
      "geometry" : 
      {
        "type" : "Polygon", 
        "coordinates" : 
        [
          [
            [-81.179740652509, 33.6949450656624], 
            [-81.2708959350992, 33.7060876658132], 
            [-81.3292889155509, 33.7511616867625], 
            [-81.4226295507131, 33.8770487867721], 
            [-81.4989280331022, 34.0516521620177], 
            [-81.5238662334399, 34.2204099439638], 
            [-81.4693583242272, 34.3535995389876], 
            [-81.3451259767824, 34.40244171931], 
            [-81.1818450660969, 34.3734835494263], 
            [-81.0845024478297, 34.2421915239198], 
            [-81.0349048369886, 34.0281348905129], 
            [-81.0644565594227, 33.846031169403], 
            [-81.1277328585845, 33.7402259306822], 
            [-81.1699380422068, 33.7076524861734], 
            [-81.179740652509, 33.6949450656624]
          ]
        ]
      }, 
      "properties" : {
        "OBJECTID" : 57, 
        "Id" : 57, 
        "gridcode" : 2, 
        "Timestamp" : 1790982000000, 
        "Unixtime" : 1790982000, 
        "Shape__Area" : 3769404920.3671875, 
        "Shape__Length" : 238552.80754784655
      }
    }, 
    {
      "type" : "Feature", 
      "id" : 58, 
      "geometry" : 
      {
        "type" : "Polygon", 
        "coordinates" : 
        [
          [
            [-118.427312570419, 33.8524883016938], 
            [-118.349988860897, 33.910206790611], 
            [-118.234560876283, 33.9748230796215], 
            [-118.214955655679, 34.0002289274232], 
            [-118.144538739471, 34.0423441788408], 
            [-118.07093822322, 34.1376903021658], 
            [-118.021790273402, 34.130432773254], 
            [-117.912567610906, 33.9733751711273], 
            [-117.786995273613, 33.8982727870596], 
            [-117.764826985177, 33.8065689180212], 
            [-117.8968294751, 33.6285211393392], 
            [-117.909671793918, 33.5824218912574], 
            [-117.985008001718, 33.6017483220275], 
            [-118.035513927825, 33.6366240309743], 
            [-118.064040423127, 33.677938885771], 
            [-118.168487685558, 33.7013572318509], 
            [-118.290462734667, 33.6740088484297], 
            [-118.456828319971, 33.7323298831177], 
            [-118.427312570419, 33.8524883016938]
          ]
        ]
      }, 
      "properties" : {
        "OBJECTID" : 58, 
        "Id" : 58, 
        "gridcode" : 2, 
        "Timestamp" : 1790982000000, 
        "Unixtime" : 1790982000, 
        "Shape__Area" : 3116024548.7265625, 
        "Shape__Length" : 235085.24253861664
      }
    }, 
    {
      "type" : "Feature", 
      "id" : 59, 
      "geometry" : 
      {
        "type" : "Polygon", 
        "coordinates" : 
        [
          [
            [-118.58485580645, 33.4923907612247], 
            [-118.58485580645, 33.4248786552258], 
            [-118.639876329229, 33.4689364422631], 
            [-118.609605149158, 33.5233004599484], 
            [-118.58485580645, 33.4923907612247]
          ]
        ]
      }, 
      "properties" : {
        "OBJECTID" : 59, 
        "Id" : 59, 
        "gridcode" : 1, 
        "Timestamp" : 1790982000000, 
        "Unixtime" : 1790982000, 
        "Shape__Area" : 44536793.6796875, 
        "Shape__Length" : 30460.28064440273
      }
    }, 
    {
      "type" : "Feature", 
      "id" : 60, 
      "geometry" : 
      {
        "type" : "Polygon", 
        "coordinates" : 
        [
          [
            [-118.58485580645, 33.4248786552258], 
            [-118.58485580645, 33.4923907612247], 
            [-118.527757849745, 33.5061503885297], 
            [-118.456783353869, 33.4610943540213], 
            [-118.361329311898, 33.4359133367312], 
            [-118.327892518225, 33.3892565089808], 
            [-118.26962544286, 33.3475009863815], 
            [-118.286145988846, 33.2639000089783], 
            [-118.492873147578, 33.3051788908932], 
            [-118.526732622612, 33.3929707090311], 
            [-118.575457891069, 33.411766539794], 
            [-118.58485580645, 33.4248786552258]
          ]
        ]
      }, 
      "properties" : {
        "OBJECTID" : 60, 
        "Id" : 60, 
        "gridcode" : 2, 
        "Timestamp" : 1790982000000, 
        "Unixtime" : 1790982000, 
        "Shape__Area" : 618450794.43359375, 
        "Shape__Length" : 107746.09333488587
      }
    }, 
    {
      "type" : "Feature", 
      "id" : 61, 
      "geometry" : 
      {
        "type" : "Polygon", 
        "coordinates" : 
        [
          [
            [-109.604927325536, 33.2223243507882], 
            [-109.758648442871, 33.2428828527615], 
            [-109.974638618677, 33.2931369686962], 
            [-110.262295768335, 33.398240736221], 
            [-110.484824015416, 33.539767046612], 
            [-110.668492556886, 33.7465391714457], 
            [-110.736175534074, 33.8710772883862], 
            [-110.803552741766, 34.0986147592638], 
            [-110.813166494438, 34.2599441411093], 
            [-110.776348249872, 34.4962320154952], 
            [-110.728477337359, 34.6512661430182], 
            [-110.638994793775, 34.8462211761664], 
            [-110.517559337893, 35.0371562397687], 
            [-110.37013347488, 35.2478673951642], 
            [-110.335941250688, 35.2370395577295], 
            [-110.049309328163, 35.1619371736617], 
            [-109.813920775823, 35.0930221252709], 
            [-109.59096085416, 34.9750490592668], 
            [-109.402148190586, 34.8213908944743], 
            [-109.225143625478, 34.5472775348305], 
            [-109.132234664898, 34.2538197579755], 
            [-109.070819962371, 33.7405946527211], 
            [-108.964744927037, 33.642316739526], 
            [-108.704687970973, 33.6724440280695], 
            [-108.724661913616, 33.5654247045865], 
            [-108.939303106353, 33.3251977996388], 
            [-109.150742712606, 33.2372530967531], 
            [-109.357361952692, 33.2223243507882], 
            [-109.43032395029, 33.2510037308376], 
            [-109.604927325536, 33.2223243507882]
          ]
        ]
      }, 
      "properties" : {
        "OBJECTID" : 61, 
        "Id" : 61, 
        "gridcode" : 2, 
        "Timestamp" : 1790982000000, 
        "Unixtime" : 1790982000, 
        "Shape__Area" : 41424508760.152344, 
        "Shape__Length" : 814830.82705370768
      }
    }, 
    {
      "type" : "Feature", 
      "id" : 62, 
      "geometry" : 
      {
        "type" : "Polygon", 
        "coordinates" : 
        [
          [
            [-93.4905691344579, 33.0422710839434], 
            [-94.0522047454526, 33.0528650976462], 
            [-94.3394302205282, 33.0904477659517], 
            [-94.620666210777, 33.1543356041049], 
            [-94.7271639274732, 33.20186477424], 
            [-94.8429876137873, 33.3016445552521], 
            [-94.8927650890376, 33.4372083604775], 
            [-94.9016054247505, 33.5472404128149], 
            [-94.8573587800836, 33.7420065883335], 
            [-94.7294571986907, 33.9201353059997], 
            [-94.5527584030778, 34.0585139892293], 
            [-94.3346368340226, 34.1503707430155], 
            [-94.1048420648094, 34.2004989538637], 
            [-93.7957001114709, 34.178195767121], 
            [-93.6535083027659, 34.1147485967704], 
            [-93.5101653618419, 33.9912536934033], 
            [-93.3945035534961, 33.8435670269968], 
            [-93.3151743558118, 33.7013752182918], 
            [-93.2586879380978, 33.5475731619719], 
            [-93.2437771785739, 33.3620070509847], 
            [-93.2917380232911, 33.2027281234042], 
            [-93.3721284209898, 33.1094144679034], 
            [-93.4334711777526, 33.0751952640503], 
            [-93.4801549851644, 33.0543579722427], 
            [-93.4905691344579, 33.0422710839434]
          ]
        ]
      }, 
      "properties" : {
        "OBJECTID" : 62, 
        "Id" : 62, 
        "gridcode" : 2, 
        "Timestamp" : 1790982000000, 
        "Unixtime" : 1790982000, 
        "Shape__Area" : 22668595000.011719, 
        "Shape__Length" : 547679.62282423361
      }
    }, 
    {
      "type" : "Feature", 
      "id" : 63, 
      "geometry" : 
      {
        "type" : "Polygon", 
        "coordinates" : 
        [
          [
            [-117.639596390261, 33.4023686244126], 
            [-117.472079672739, 33.4488006216515], 
            [-117.335634531908, 33.4130435770995], 
            [-117.178648875545, 33.2265601576253], 
            [-117.253031801976, 33.0859961218236], 
            [-117.324509918198, 33.0197700463506], 
            [-117.34523029814, 33.0941709592225], 
            [-117.40183362772, 33.1675016788595], 
            [-117.427239475521, 33.1871158926844], 
            [-117.514365795345, 33.3025438772982], 
            [-117.618372389974, 33.3748673562435], 
            [-117.639596390261, 33.4023686244126]
          ]
        ]
      }, 
      "properties" : {
        "OBJECTID" : 63, 
        "Id" : 63, 
        "gridcode" : 2, 
        "Timestamp" : 1790982000000, 
        "Unixtime" : 1790982000, 
        "Shape__Area" : 1289430411.171875, 
        "Shape__Length" : 161443.94185122481
      }
    }, 
    {
      "type" : "Feature", 
      "id" : 64, 
      "geometry" : 
      {
        "type" : "Polygon", 
        "coordinates" : 
        [
          [
            [-116.109184091573, 32.9972600155374], 
            [-116.277735029448, 33.0122517140454], 
            [-116.471736781227, 33.1986362080946], 
            [-116.547558622932, 33.3104938841855], 
            [-116.551866375533, 33.5217266463677], 
            [-116.482762469512, 33.5936544236129], 
            [-116.213694306547, 33.6265336376173], 
            [-116.013757029263, 33.723534513507], 
            [-115.916306492351, 33.8171539385036], 
            [-115.704830913216, 34.0372630092805], 
            [-115.605329922038, 34.0885243659068], 
            [-115.492824734074, 34.0908176371244], 
            [-115.40101294639, 34.0026031376248], 
            [-115.397856326009, 33.8480816236681], 
            [-115.471124093102, 33.6623176618307], 
            [-115.659981722778, 33.4340247604345], 
            [-115.97406095415, 33.107121196686], 
            [-116.098158403288, 33.0087353648453], 
            [-116.109184091573, 32.9972600155374]
          ]
        ]
      }, 
      "properties" : {
        "OBJECTID" : 64, 
        "Id" : 64, 
        "gridcode" : 2, 
        "Timestamp" : 1790982000000, 
        "Unixtime" : 1790982000, 
        "Shape__Area" : 9553808354.8007813, 
        "Shape__Length" : 421678.95384438551
      }
    }, 
    {
      "type" : "Feature", 
      "id" : 65, 
      "geometry" : 
      {
        "type" : "Polygon", 
        "coordinates" : 
        [
          [
            [-118.539844738044, 33.0197700463506], 
            [-118.607356844043, 32.9747499847241], 
            [-118.638194597003, 33.0481616433452], 
            [-118.577265528381, 33.0739721860676], 
            [-118.539844738044, 33.0197700463506]
          ]
        ]
      }, 
      "properties" : {
        "OBJECTID" : 65, 
        "Id" : 65, 
        "gridcode" : 1, 
        "Timestamp" : 1790982000000, 
        "Unixtime" : 1790982000, 
        "Shape__Area" : 78428896.94921875, 
        "Shape__Length" : 35850.312095239
      }
    }, 
    {
      "type" : "Feature", 
      "id" : 66, 
      "geometry" : 
      {
        "type" : "Polygon", 
        "coordinates" : 
        [
          [
            [-118.607356844043, 32.9747499847241], 
            [-118.539844738044, 33.0197700463506], 
            [-118.3043662535, 32.8178542605657], 
            [-118.359278857633, 32.7842915618062], 
            [-118.469526747262, 32.8241495148883], 
            [-118.570871348634, 32.9114556991213], 
            [-118.607356844043, 32.9747499847241]
          ]
        ]
      }, 
      "properties" : {
        "OBJECTID" : 66, 
        "Id" : 66, 
        "gridcode" : 2, 
        "Timestamp" : 1790982000000, 
        "Unixtime" : 1790982000, 
        "Shape__Area" : 423361996.76953125, 
        "Shape__Length" : 93478.120049464662
      }
    }, 
    {
      "type" : "Feature", 
      "id" : 67, 
      "geometry" : 
      {
        "type" : "Polygon", 
        "coordinates" : 
        [
          [
            [-115.569042277479, 32.7271846118804], 
            [-115.623001600244, 32.7406474629101], 
            [-115.668048641532, 32.8081056095863], 
            [-115.59540140665, 32.8487010067461], 
            [-115.492815740854, 32.8191402910916], 
            [-115.533015436313, 32.758678869934], 
            [-115.560049057018, 32.7407014222329], 
            [-115.569042277479, 32.7271846118804]
          ]
        ]
      }, 
      "properties" : {
        "OBJECTID" : 67, 
        "Id" : 67, 
        "gridcode" : 2, 
        "Timestamp" : 1790982000000, 
        "Unixtime" : 1790982000, 
        "Shape__Area" : 186667676.70703125, 
        "Shape__Length" : 53350.87357703624
      }
    }, 
    {
      "type" : "Feature", 
      "id" : 68, 
      "geometry" : 
      {
        "type" : "Polygon", 
        "coordinates" : 
        [
          [
            [-117.234487781386, 32.6371624750682], 
            [-117.26677344284, 32.7292800322477], 
            [-117.126371285007, 32.760513486908], 
            [-117.088626738733, 32.709746757407], 
            [-117.166966682167, 32.6371624750682], 
            [-117.200727231776, 32.653943824448], 
            [-117.234487781386, 32.6371624750682]
          ]
        ]
      }, 
      "properties" : {
        "OBJECTID" : 68, 
        "Id" : 68, 
        "gridcode" : 2, 
        "Timestamp" : 1790982000000, 
        "Unixtime" : 1790982000, 
        "Shape__Area" : 205086105.09765625, 
        "Shape__Length" : 58490.797105598875
      }
    }, 
    {
      "type" : "Feature", 
      "id" : 69, 
      "geometry" : 
      {
        "type" : "Polygon", 
        "coordinates" : 
        [
          [
            [-93.7381345073016, 32.50212926985], 
            [-93.7673894534605, 32.5146388395109], 
            [-93.7471547074238, 32.5532737146103], 
            [-93.7381345073016, 32.50212926985]
          ]
        ]
      }, 
      "properties" : {
        "OBJECTID" : 69, 
        "Id" : 69, 
        "gridcode" : 2, 
        "Timestamp" : 1790982000000, 
        "Unixtime" : 1790982000, 
        "Shape__Area" : 10166444.23046875, 
        "Shape__Length" : 16054.802686146666
      }
    }, 
    {
      "type" : "Feature", 
      "id" : 70, 
      "geometry" : 
      {
        "type" : "Polygon", 
        "coordinates" : 
        [
          [
            [-117.166966682167, 32.5471403382561], 
            [-117.032778839672, 32.5998945694789], 
            [-116.980447289811, 32.5320946804252], 
            [-117.003047252828, 32.3791200003878], 
            [-117.076944545354, 32.3220760030052], 
            [-117.097664925296, 32.3380659489844], 
            [-117.157164071864, 32.489421849339], 
            [-117.166966682167, 32.5471403382561]
          ]
        ]
      }, 
      "properties" : {
        "OBJECTID" : 70, 
        "Id" : 70, 
        "gridcode" : 2, 
        "Timestamp" : 1790982000000, 
        "Unixtime" : 1790982000, 
        "Shape__Area" : 496984336.75390625, 
        "Shape__Length" : 90497.598285830245
      }
    }, 
    {
      "type" : "Feature", 
      "id" : 71, 
      "geometry" : 
      {
        "type" : "Polygon", 
        "coordinates" : 
        [
          [
            [-102.267943310935, 30.9942180087542], 
            [-102.595458413675, 31.0070423411312], 
            [-102.85710716976, 31.1339816479348], 
            [-103.114466159685, 31.3812502445032], 
            [-103.370620058069, 31.6908958181875], 
            [-103.710662716911, 32.071650786055], 
            [-103.852521776459, 32.3055734434597], 
            [-103.942319082759, 32.5679056842999], 
            [-103.945619594669, 32.7296577475071], 
            [-103.914080370513, 32.9555314725995], 
            [-103.793634168882, 33.20381630308], 
            [-103.562571355584, 33.4443040114211], 
            [-103.42723238087, 33.5263761413459], 
            [-102.950483777804, 33.7796701956231], 
            [-102.829453016843, 33.8959525361807], 
            [-102.686352892872, 34.0845493624632], 
            [-102.595215596722, 34.3092179960138], 
            [-102.56374831833, 34.5245876396079], 
            [-102.594055471283, 34.7417019679715], 
            [-102.639066539689, 35.0497287619729], 
            [-102.61214083763, 35.4156089431983], 
            [-102.511146971855, 35.6716549229364], 
            [-102.343540322128, 35.8830585563074], 
            [-102.117981359752, 36.0359612905811], 
            [-101.812967294605, 36.1141303628261], 
            [-101.567092647208, 36.0810892708532], 
            [-101.315435359055, 35.9818310966279], 
            [-101.073095047299, 35.7489966188989], 
            [-100.953817964328, 35.5174481716958], 
            [-100.906549597586, 35.2867001211138], 
            [-100.930318679264, 34.9656511438853], 
            [-101.039721206169, 34.4954406120946], 
            [-101.042733935023, 34.348023742302], 
            [-101.01670755501, 34.16158528893], 
            [-100.951560665992, 33.7796701956231], 
            [-100.977569059564, 33.4274057501753], 
            [-101.03798551462, 33.2412191069763], 
            [-101.12132568863, 33.0694306097349], 
            [-101.220736747603, 32.917813905987], 
            [-101.398919424592, 32.6549420719192], 
            [-101.468976611981, 32.4502833538937], 
            [-101.502782127693, 31.828644975985], 
            [-101.598982606962, 31.532201449937], 
            [-101.701990954119, 31.3586772611467], 
            [-101.85659340706, 31.197752574222], 
            [-102.003803432782, 31.0979727932099], 
            [-102.128782217525, 31.0472780094726], 
            [-102.25691762265, 31.0056933580621], 
            [-102.267943310935, 30.9942180087542]
          ]
        ]
      }, 
      "properties" : {
        "OBJECTID" : 71, 
        "Id" : 71, 
        "gridcode" : 1, 
        "Timestamp" : 1790982000000, 
        "Unixtime" : 1790982000, 
        "Shape__Area" : 141531653172.49609, 
        "Shape__Length" : 1667933.5361165404
      }
    }, 
    {
      "type" : "Feature", 
      "id" : 72, 
      "geometry" : 
      {
        "type" : "Polygon", 
        "coordinates" : 
        [
          [
            [-109.357361952692, 33.2223243507882], 
            [-109.150742712606, 33.2372530967531], 
            [-108.939303106353, 33.3251977996388], 
            [-108.724661913616, 33.5654247045865], 
            [-108.704687970973, 33.6724440280695], 
            [-108.494102720664, 33.703839360698], 
            [-108.193810096259, 33.715746384588], 
            [-107.870647712222, 33.6642601974502], 
            [-107.637984105682, 33.5785368200183], 
            [-107.25050220891, 33.4039334447727], 
            [-106.669072519681, 33.2654468428976], 
            [-106.435347713126, 33.1670789974978], 
            [-106.21076901178, 33.0220633175681], 
            [-105.885807983651, 32.7209613033216], 
            [-105.621254417357, 32.3365101218448], 
            [-105.524766155034, 32.1016161966302], 
            [-105.476931215403, 31.919035834836], 
            [-105.46711061866, 31.6712636179217], 
            [-105.528633239832, 31.4129513466274], 
            [-105.637262349778, 31.2281856322612], 
            [-105.76321240233, 31.0922531049969], 
            [-105.915170848456, 30.9876799374792], 
            [-106.141746044744, 30.8946180921513], 
            [-106.53905753148, 30.8788709631245], 
            [-106.765929504043, 30.9329112248732], 
            [-106.997208154633, 31.0229693345672], 
            [-107.295720121386, 31.2300022627943], 
            [-107.707555659166, 31.6744831908467], 
            [-107.875063383468, 31.7897492974922], 
            [-108.057131131696, 31.8535651898817], 
            [-108.471655642394, 31.9647933405403], 
            [-108.736416052759, 32.089745145622], 
            [-108.977830062807, 32.2795830363281], 
            [-109.158755672037, 32.5425178229393], 
            [-109.229712181472, 32.7449732019518], 
            [-109.268194171823, 32.9288845603742], 
            [-109.309203257125, 33.143660651418], 
            [-109.357361952692, 33.2223243507882]
          ]
        ]
      }, 
      "properties" : {
        "OBJECTID" : 72, 
        "Id" : 72, 
        "gridcode" : 1, 
        "Timestamp" : 1790982000000, 
        "Unixtime" : 1790982000, 
        "Shape__Area" : 99838942830.070313, 
        "Shape__Length" : 1252539.4311488224
      }
    }, 
    {
      "type" : "Feature", 
      "id" : 73, 
      "geometry" : 
      {
        "type" : "Polygon", 
        "coordinates" : 
        [
          [
            [-88.899332238392, 30.1840007910038], 
            [-89.0204439383371, 30.1939922589357], 
            [-88.9966748566592, 30.2306036594314], 
            [-88.8385740409591, 30.2826024601355], 
            [-88.8407504003106, 30.2287330695756], 
            [-88.8907527060725, 30.1979222962771], 
            [-88.899332238392, 30.1840007910038]
          ]
        ]
      }, 
      "properties" : {
        "OBJECTID" : 73, 
        "Id" : 73, 
        "gridcode" : 1, 
        "Timestamp" : 1790982000000, 
        "Unixtime" : 1790982000, 
        "Shape__Area" : 141471738.75, 
        "Shape__Length" : 53597.839668067973
      }
    }, 
    {
      "type" : "Feature", 
      "id" : 74, 
      "geometry" : 
      {
        "type" : "Polygon", 
        "coordinates" : 
        [
          [
            [-88.8768222075788, 29.7113710829092], 
            [-88.936123503297, 29.7214434898253], 
            [-88.8834322246174, 29.8087946401606], 
            [-88.9246031878868, 29.8770441902373], 
            [-88.8634313023127, 29.9242585976563], 
            [-88.9091348486943, 30.0810014370667], 
            [-88.8085097049589, 30.05217816549], 
            [-88.7827081554569, 29.8776287495672], 
            [-88.8191127118821, 29.7886947924308], 
            [-88.8768222075788, 29.7113710829092]
          ]
        ]
      }, 
      "properties" : {
        "OBJECTID" : 74, 
        "Id" : 74, 
        "gridcode" : 1, 
        "Timestamp" : 1790982000000, 
        "Unixtime" : 1790982000, 
        "Shape__Area" : 443183903.47851563, 
        "Shape__Length" : 117490.46346089442
      }
    }, 
    {
      "type" : "Feature", 
      "id" : 75, 
      "geometry" : 
      {
        "type" : "Polygon", 
        "coordinates" : 
        [
          [
            [-95.6511543772726, 29.621348946097], 
            [-95.7482182057056, 29.6378335192016], 
            [-95.7700897178661, 29.7858709212061], 
            [-95.6028967562802, 29.8105752978118], 
            [-95.5855308475705, 29.6930608860511], 
            [-95.6159459191688, 29.6536615872126], 
            [-95.6413517669704, 29.6340473733877], 
            [-95.6511543772726, 29.621348946097]
          ]
        ]
      }, 
      "properties" : {
        "OBJECTID" : 75, 
        "Id" : 75, 
        "gridcode" : 2, 
        "Timestamp" : 1790982000000, 
        "Unixtime" : 1790982000, 
        "Shape__Area" : 383006540.2890625, 
        "Shape__Length" : 76029.46972905274
      }
    }, 
    {
      "type" : "Feature", 
      "id" : 76, 
      "geometry" : 
      {
        "type" : "Polygon", 
        "coordinates" : 
        [
          [
            [-94.0082099109586, 29.6438499836898], 
            [-94.0529601759713, 29.7421189036646], 
            [-94.100462366445, 29.9127202958051], 
            [-94.0826108238304, 30.0335621991363], 
            [-94.0074814601012, 30.0587701960878], 
            [-93.743197690421, 30.0079585004845], 
            [-93.6232641023564, 29.8525736373635], 
            [-93.6031013020834, 29.7338811137225], 
            [-93.7890811012118, 29.6922604894301], 
            [-93.8182191355046, 29.6269607156645], 
            [-93.9662835171706, 29.6592553703392], 
            [-94.0082099109586, 29.6438499836898]
          ]
        ]
      }, 
      "properties" : {
        "OBJECTID" : 76, 
        "Id" : 76, 
        "gridcode" : 2, 
        "Timestamp" : 1790982000000, 
        "Unixtime" : 1790982000, 
        "Shape__Area" : 2170894323.1757813, 
        "Shape__Length" : 182639.94917008909
      }
    }, 
    {
      "type" : "Feature", 
      "id" : 77, 
      "geometry" : 
      {
        "type" : "Polygon", 
        "coordinates" : 
        [
          [
            [-103.055659491093, 28.5410563246897], 
            [-103.311030979296, 28.5570642571099], 
            [-103.525789083899, 28.6396220209396], 
            [-103.736563191838, 28.7925787145361], 
            [-103.870831973317, 29.0097739818838], 
            [-103.920825285858, 29.1491059464823], 
            [-103.939432258992, 29.4613775405411], 
            [-103.883548387048, 29.6423571090934], 
            [-103.749396517435, 29.8727814037389], 
            [-103.542633385822, 30.0486708095103], 
            [-103.301399240183, 30.149008170191], 
            [-102.980674018891, 30.1681277568906], 
            [-102.753829025989, 30.0809204980826], 
            [-102.510238656589, 29.8632665764914], 
            [-102.379351326003, 29.6224101461114], 
            [-102.327487423606, 29.4287681231505], 
            [-102.31742400991, 29.2599923547634], 
            [-102.363523257992, 29.0618627147925], 
            [-102.425981174092, 28.9257862960009], 
            [-102.612446607125, 28.717098615209], 
            [-102.77630308392, 28.6280567394271], 
            [-102.921246818086, 28.5760489455025], 
            [-103.045038497728, 28.5529453621388], 
            [-103.055659491093, 28.5410563246897]
          ]
        ]
      }, 
      "properties" : {
        "OBJECTID" : 77, 
        "Id" : 77, 
        "gridcode" : 1, 
        "Timestamp" : 1790982000000, 
        "Unixtime" : 1790982000, 
        "Shape__Area" : 29128735121.800781, 
        "Shape__Length" : 610654.10727748857
      }
    }, 
    {
      "type" : "Feature", 
      "id" : 78, 
      "geometry" : 
      {
        "type" : "Polygon", 
        "coordinates" : 
        [
          [
            [-80.7521310060411, 24.8950698515924], 
            [-80.8547616379392, 24.9059876212318], 
            [-80.8521536040055, 24.9716021577135], 
            [-80.8754820178808, 24.9967741817832], 
            [-80.9213564354511, 25.0184208634322], 
            [-80.965504154693, 25.0867963185953], 
            [-81.1645780828122, 25.1185154071604], 
            [-81.2016751172129, 25.2601046700945], 
            [-81.1639035912776, 25.3678884173167], 
            [-81.2011265307647, 25.4467589607575], 
            [-81.3182452408252, 25.6459767804042], 
            [-81.3714761127324, 25.6711038383715], 
            [-81.4266675067, 25.7565664124101], 
            [-81.4840082803578, 25.7836270127765], 
            [-81.632234539992, 25.8620658816352], 
            [-81.6832530796659, 25.8069913995336], 
            [-81.7678073384379, 25.9134441501275], 
            [-81.7982314032566, 26.0095457039711], 
            [-81.8332779833922, 26.1095413222743], 
            [-81.8818143942188, 26.3637616782589], 
            [-81.9582747545762, 26.4163810111748], 
            [-82.1541740758728, 26.4086108686967], 
            [-82.2155528055175, 26.4978236156674], 
            [-82.2725788164591, 26.6605109738025], 
            [-82.3230847425668, 26.8200507047763], 
            [-82.4239706896955, 26.966667177948], 
            [-82.5747690103815, 27.2458437207112], 
            [-82.7876115590262, 27.5399580026598], 
            [-82.7898238912595, 27.5957969085006], 
            [-82.7846348030537, 27.7266932323069], 
            [-82.884342638302, 27.8715920003706], 
            [-82.855942048087, 28.0346660669855], 
            [-82.8900713197356, 28.2306823001481], 
            [-82.8343133528789, 28.2601890564799], 
            [-82.7844729250854, 28.2582105479785], 
            [-82.6996308832586, 28.5002720699002], 
            [-82.6952511848942, 28.6107447900401], 
            [-82.7209807886324, 28.6652706856937], 
            [-82.7657850129679, 28.7499328631112], 
            [-82.7684290197834, 28.816779470796], 
            [-82.7432839753751, 28.9127731059941], 
            [-82.8118662746088, 28.9344827401864], 
            [-82.8501414208898, 29.134986590359], 
            [-82.9658122224561, 29.1395731327939], 
            [-82.9919105482331, 29.1153903629749], 
            [-83.0544763829786, 29.0478692637556], 
            [-83.1061963938484, 29.0935728101372], 
            [-83.1028329293961, 29.178630689255], 
            [-83.1333109535376, 29.2432110053837], 
            [-83.2097623206745, 29.2792918058722], 
            [-83.241391477035, 29.3463272711867], 
            [-83.3186792136747, 29.4179312924952], 
            [-83.3511537327585, 29.4529778726308], 
            [-83.4174787336566, 29.4842832730547], 
            [-83.4411758695707, 29.6330311394756], 
            [-83.5932062614597, 29.7312011340252], 
            [-83.6394404078485, 29.8291732777247], 
            [-83.7248220429029, 29.9213178145655], 
            [-83.8013633422444, 29.9481445912], 
            [-83.8463204513277, 29.9463639335487], 
            [-83.8832825874214, 29.9862578595127], 
            [-84.044009423496, 30.0713157386305], 
            [-84.2942457828166, 30.031448792328], 
            [-84.3240313289826, 29.8754433969953], 
            [-84.5437986573821, 29.8841578276217], 
            [-84.544850864176, 29.8576638001443], 
            [-84.5425575929585, 29.7997384671566], 
            [-84.6573650453605, 29.745563307101], 
            [-84.7656883858103, 29.662492929705], 
            [-85.0001146635608, 29.5662025182317], 
            [-85.0608458813323, 29.5637923351482], 
            [-85.106630366698, 29.5880200710695], 
            [-85.1524957910478, 29.6096667527186], 
            [-85.2353413379324, 29.6534997092443], 
            [-85.2871063149044, 29.6555501635093], 
            [-85.3976779604694, 29.651170465145], 
            [-85.4439211000786, 29.7831189957452], 
            [-85.4459086018005, 29.8332112337116], 
            [-85.4210783201083, 29.9040598245014], 
            [-85.512593331517, 29.9472542623744], 
            [-85.6017611123854, 30.0156297175375], 
            [-85.7151476359546, 30.0822964608131], 
            [-85.9296449371641, 30.2136244592015], 
            [-86.2490301686074, 30.325572067497], 
            [-86.579665918847, 30.3748729020628], 
            [-86.840451325768, 30.3532262204138], 
            [-87.132173411074, 30.3073518028435], 
            [-87.3355910646758, 30.2857051211944], 
            [-87.7699636129303, 30.2079047709885], 
            [-88.1007072818156, 30.1947926555567], 
            [-88.18687132705, 30.2249918898639], 
            [-88.3708636244567, 30.1956829843823], 
            [-88.4475218356641, 30.1688112416456], 
            [-88.5531292235348, 30.1964833810033], 
            [-88.6076461259679, 30.1943250080927], 
            [-88.8201289457942, 30.2233641169605], 
            [-88.7894890436843, 30.279742616029], 
            [-88.4013416485981, 30.2291377644963], 
            [-88.165458469133, 30.2853274059351], 
            [-88.2808414876445, 30.3073518028435], 
            [-88.322426139055, 30.3522279729427], 
            [-88.3482996343206, 30.3532532000752], 
            [-88.46988797495, 30.2889157008989], 
            [-88.5966923834467, 30.2838884906614], 
            [-88.6409120484522, 30.3316065184261], 
            [-88.7407907548893, 30.3276495014234], 
            [-88.9898939684318, 30.3710238037057], 
            [-89.0676943186379, 30.3298618336568], 
            [-89.1585798046142, 30.3082151520077], 
            [-89.2477475854826, 30.2848507652507], 
            [-89.3750016550024, 30.2545346190775], 
            [-89.4070085266221, 30.1940552114789], 
            [-89.4048231740502, 30.1389897225977], 
            [-89.4079348283296, 30.0606407859436], 
            [-89.360279753108, 30.0822964608131], 
            [-89.2297071852383, 30.1721387332161], 
            [-89.1586877232598, 30.1749536112202], 
            [-89.1576894757886, 30.1498715193552], 
            [-89.1813866117027, 30.1050852814607], 
            [-89.1496855095785, 30.0757044302153], 
            [-89.1811168150889, 29.9254726824184], 
            [-89.1793361574377, 29.8805695326579], 
            [-89.2035908730203, 29.858086481506], 
            [-89.2252375546694, 29.8122210571561], 
            [-89.2486019414264, 29.7905743755071], 
            [-89.2702486230754, 29.7446999579368], 
            [-89.361215048036, 29.7017753166776], 
            [-89.3599380107306, 29.6694267026802], 
            [-89.4946114871304, 29.5824622608247], 
            [-89.4996476905884, 29.4552711438483], 
            [-89.4416863847188, 29.4246042620771], 
            [-89.2911938335286, 29.4305667672426], 
            [-89.2276657241937, 29.3620024544498], 
            [-89.1586877232598, 29.3647363934698], 
            [-89.1565203571287, 29.3101025791707], 
            [-89.5166358840387, 29.1979121539229], 
            [-89.6086994818955, 29.2270591814362], 
            [-89.693361659313, 29.2718634057716], 
            [-89.8701503871306, 29.2788691245105], 
            [-89.9454326356076, 29.2270591814362], 
            [-90.0138080907707, 29.1829114621943], 
            [-90.1306210313355, 29.1025300577161], 
            [-90.2316868428734, 29.0490473756359], 
            [-90.3489764241226, 29.0443978806578], 
            [-90.38074047879, 29.0786710438337], 
            [-90.4678128392911, 29.0325987754132], 
            [-90.5761181932999, 29.0705591589781], 
            [-90.6593054825619, 29.0265373448227], 
            [-90.8433157664094, 29.019243843029], 
            [-90.9521876933073, 29.1367492615693], 
            [-91.0715996745852, 29.1595470754373], 
            [-91.1382574246404, 29.1829114621943], 
            [-91.2953869725307, 29.2203322525315], 
            [-91.3858227974841, 29.3179446674126], 
            [-91.4308338658901, 29.3596462306891], 
            [-91.4091871842411, 29.4079668042247], 
            [-91.3657679158566, 29.4482024725661], 
            [-91.4767082834605, 29.4746245542798], 
            [-91.5208649959228, 29.4979889410369], 
            [-91.5667304202726, 29.5196446159064], 
            [-91.5883771019217, 29.5880200710695], 
            [-91.6585512011769, 29.6102333256076], 
            [-91.6542254621353, 29.7194200152216], 
            [-91.7466937549128, 29.7230802559491], 
            [-91.875206875297, 29.6780422078817], 
            [-91.9069529435235, 29.7016494115912], 
            [-91.9025732451591, 29.8122210571561], 
            [-91.949337991555, 29.7905743755071], 
            [-91.9934857107968, 29.76720998875], 
            [-92.0844521357574, 29.7242763542704], 
            [-92.0830491933655, 29.6888610520959], 
            [-92.0844431425369, 29.6537515194171], 
            [-92.0276779349887, 29.6559998245323], 
            [-91.9714073545657, 29.6537695058581], 
            [-91.8422826951902, 29.6588866483003], 
            [-91.7697163992923, 29.6204855969328], 
            [-91.6591267672864, 29.5682979385991], 
            [-91.7649949585505, 29.4540390726452], 
            [-91.8348542950896, 29.4512691607433], 
            [-92.0946684342008, 29.5646556843125], 
            [-92.1743933335854, 29.5430090026634], 
            [-92.302816521765, 29.4979889410369], 
            [-92.6755945030838, 29.5690353826769], 
            [-92.992461632798, 29.6899492317717], 
            [-93.2531750939553, 29.758270727612], 
            [-93.3231873152424, 29.7212186593138], 
            [-93.6031013020834, 29.7338811137225], 
            [-93.6232641023564, 29.8525736373635], 
            [-93.743197690421, 30.0079585004845], 
            [-94.0074814601012, 30.0587701960878], 
            [-94.0826108238304, 30.0335621991363], 
            [-94.100462366445, 29.9127202958051], 
            [-94.0529601759713, 29.7421189036646], 
            [-94.0082099109586, 29.6438499836898], 
            [-94.0994101596511, 29.6311245767379], 
            [-94.6718736080805, 29.4093787398371], 
            [-94.6723772284263, 29.3848272479792], 
            [-94.6444532788956, 29.3306161150418], 
            [-94.7921849114045, 29.2589401479696], 
            [-95.0547509759767, 29.0959020542365], 
            [-95.2575211177054, 28.93513924528], 
            [-95.2974779962125, 28.8935545938695], 
            [-95.3696036243078, 28.8446584542244], 
            [-95.4590322085695, 28.8156373317975], 
            [-95.7574182702369, 28.6619252076823], 
            [-96.3766104921804, 28.888626309057], 
            [-96.5353947926355, 28.8918728616433], 
            [-96.6744479673997, 28.8244057217467], 
            [-96.6796370556056, 28.5702663047463], 
            [-96.597259156185, 28.2162122084268], 
            [-96.8952944822545, 27.9952847545878], 
            [-97.0168828228839, 27.8446573050907], 
            [-97.058458481074, 27.7639431514553], 
            [-97.0573163420755, 27.7078884083235], 
            [-97.1564576044348, 27.6597926652993], 
            [-97.3269780575912, 27.2788758194636], 
            [-97.335836379745, 26.8448360203661], 
            [-97.2835228163249, 26.6836325436071], 
            [-97.2191583374872, 26.4955753105522], 
            [-97.1502882551987, 26.2268488899644], 
            [-97.103019888457, 25.9034257025342], 
            [-97.1555852620501, 25.6561840856271], 
            [-97.3280842237079, 25.3566738714021], 
            [-97.4523435508141, 25.1316095361512], 
            [-97.8174233354185, 25.1602799229801], 
            [-98.1755603538272, 25.2764993109945], 
            [-98.5157469041962, 25.4209034519328], 
            [-98.825266572794, 25.6365249056999], 
            [-99.0108326837813, 25.8664006138973], 
            [-99.1163591326678, 26.0712391963319], 
            [-99.2702421279717, 26.4199872925795], 
            [-99.4472736727417, 26.6042493866], 
            [-99.9228081910451, 26.873857142793], 
            [-100.135398929517, 27.0549446299908], 
            [-100.303077525008, 27.2626700361933], 
            [-100.488526724129, 27.5455158129045], 
            [-100.611571966473, 27.7007298048367], 
            [-101.066916704842, 28.1382050141502], 
            [-101.21931581877, 28.3895115667055], 
            [-101.288590595979, 28.5919129863953], 
            [-101.294813904538, 28.8967022210307], 
            [-101.201428303274, 29.1334667361011], 
            [-100.989350178368, 29.3541963390899], 
            [-100.688769770908, 29.5090416089831], 
            [-100.455701469447, 29.5567776231888], 
            [-99.8338292678064, 29.5906011253417], 
            [-99.6735970588571, 29.6956509335438], 
            [-99.610725454616, 29.7560673885992], 
            [-99.4386761539812, 29.9691887270782], 
            [-98.9979184191996, 30.5658889046493], 
            [-98.4647823238451, 31.3238195386409], 
            [-98.3484370307443, 31.5496662840718], 
            [-98.2517509175707, 31.7880225991637], 
            [-98.2058225406777, 32.0573065994201], 
            [-98.2278739172475, 32.3110503147203], 
            [-98.2702319856176, 32.6839452079051], 
            [-98.3130217285699, 33.1214743765413], 
            [-98.361117471594, 33.3187316741275], 
            [-98.4257157741636, 33.4518942894899], 
            [-98.5448849384891, 33.602206976271], 
            [-98.9915871919953, 33.9827281204065], 
            [-99.1710289198487, 34.2192138456426], 
            [-99.2793882331804, 34.4696390625928], 
            [-99.3131307963491, 34.60133578302], 
            [-99.4110939468281, 35.1031394982893], 
            [-99.5176905889494, 35.322852867366], 
            [-99.7775856670448, 35.7663805140496], 
            [-99.8600894715518, 36.0390279787583], 
            [-99.9543204355396, 36.4823577745917], 
            [-100.003603283665, 36.5839451929164], 
            [-100.146136834747, 36.7322883644165], 
            [-100.230915924031, 36.7897550431608], 
            [-100.491224690267, 36.9604193878446], 
            [-100.798118338491, 37.2552891003118], 
            [-100.884048559993, 37.396977288671], 
            [-101.186949218332, 37.9790095236706], 
            [-101.332279660978, 38.0162504495987], 
            [-101.487043991887, 37.9411750451923], 
            [-101.571607243879, 37.8599212983293], 
            [-101.973397354404, 37.4417275536837], 
            [-102.213804123761, 37.2959384567944], 
            [-102.520374016048, 37.2173736828492], 
            [-102.864589529183, 37.244811998475], 
            [-103.140753343092, 37.3537378846957], 
            [-103.572814633688, 37.5763200910994], 
            [-103.755080232766, 37.5800342911497], 
            [-103.894169380412, 37.5349063108776], 
            [-104.243960690234, 37.3417858947034], 
            [-104.463566140665, 37.1676771465831], 
            [-104.551519836771, 36.9969318629152], 
            [-104.557446369055, 36.7068285572922], 
            [-104.485014971464, 36.2112121776999], 
            [-104.510663636218, 35.8366715251709], 
            [-104.571439820092, 35.6493697226347], 
            [-104.654779994101, 35.4775812253933], 
            [-104.748624249609, 35.3344631149808], 
            [-105.016190544758, 35.020356903948], 
            [-105.445347025145, 34.6502229294447], 
            [-105.723129618737, 34.4619318726579], 
            [-106.175911289275, 34.2011554589574], 
            [-106.496492619039, 34.0914291761156], 
            [-106.774464070261, 34.0440169178465], 
            [-107.044071826454, 34.108534281432], 
            [-107.178781275735, 34.1738880145203], 
            [-107.375013346189, 34.329461735271], 
            [-107.497716846155, 34.5104862699255], 
            [-107.609025935798, 34.7677553276463], 
            [-107.656276316099, 34.9984224392443], 
            [-107.660853865314, 35.2229112083857], 
            [-107.630987380163, 35.6615195634772], 
            [-107.668507095926, 35.8536777050621], 
            [-107.784672524617, 35.974591554157], 
            [-107.960624882932, 36.0652342231809], 
            [-108.22662635772, 36.1457235463047], 
            [-108.813380033462, 36.288760717733], 
            [-109.048498789188, 36.3814988071243], 
            [-109.248534991896, 36.5126469411035], 
            [-109.37606785125, 36.6351795698813], 
            [-109.488600018876, 36.7834867684996], 
            [-109.600079979707, 36.9998996256673], 
            [-109.741237568059, 37.3797822511501], 
            [-109.872142885086, 37.6002960168478], 
            [-110.252187388537, 38.0106926393539], 
            [-110.587715450707, 38.4339046010166], 
            [-110.777436429548, 38.5625076536054], 
            [-110.86551603074, 38.6078784508299], 
            [-111.350457457646, 38.8270252470176], 
            [-112.158849051642, 39.2427368628161], 
            [-112.34540441688, 39.3650356678619], 
            [-112.561385599466, 39.5362755786551], 
            [-112.726528106787, 39.6949519604647], 
            [-112.950729092873, 39.9548920046624], 
            [-113.084835996384, 40.1760442890128], 
            [-113.18839292999, 40.4785762253126], 
            [-113.217378079535, 40.7053672588919], 
            [-113.244510625665, 41.3704698712876], 
            [-113.348813996569, 41.691887570555], 
            [-113.524811320986, 41.8750704781202], 
            [-113.715656452383, 41.8789645425796], 
            [-113.81356564354, 41.8646563288266], 
            [-113.736853473009, 42.0298258158089], 
            [-113.668109295807, 42.2809884768368], 
            [-113.695709489401, 42.6100683999368], 
            [-113.810579894347, 42.8093042060244], 
            [-114.049853517925, 42.9428085637643], 
            [-114.332717281078, 43.0202222054905], 
            [-114.645897190403, 43.0453852363396], 
            [-114.903436044738, 43.0138370189633], 
            [-115.093031118491, 42.9045244242628], 
            [-115.213063631981, 42.7594098189081], 
            [-115.294317378844, 42.6137825999871], 
            [-115.345650681234, 42.4739919811451], 
            [-115.376902122335, 42.370210217028], 
            [-115.388989010634, 42.359787074514], 
            [-115.617569695085, 42.5619816501331], 
            [-115.799448585684, 42.6337205697486], 
            [-116.36639019675, 42.6927430756325], 
            [-116.610430227173, 42.7343636999249], 
            [-117.007211113902, 42.8701793153232], 
            [-117.448310591061, 43.1167554339162], 
            [-117.700651363969, 43.2391801440485], 
            [-117.903493451462, 43.2710611105819], 
            [-118.1142675594, 43.1989174960457], 
            [-118.495076486591, 42.9250379601339], 
            [-118.646288495418, 42.8258966977744], 
            [-119.047574985597, 42.63121146124], 
            [-119.212285818336, 42.5463694194133], 
            [-119.347480901522, 42.4056435056433], 
            [-119.567518026536, 41.7745532530303], 
            [-119.660076251518, 41.5463502838386], 
            [-119.726365279534, 41.3420872675135], 
            [-119.720537672675, 41.0567143958528], 
            [-119.575270182573, 40.7747229750853], 
            [-119.155736448079, 40.3105468942239], 
            [-118.993732574699, 40.0634311824032], 
            [-118.890688254659, 39.851047288002], 
            [-118.653510051448, 39.1707641194686], 
            [-118.491056517045, 38.8554258372327], 
            [-118.244237581499, 38.4912993339972], 
            [-117.89819644461, 38.1176220306323], 
            [-117.642762003863, 37.8379868336256], 
            [-117.505939147773, 37.6534189701094], 
            [-117.111190728869, 37.0301887921791], 
            [-116.826798118239, 36.5661835825064], 
            [-116.634586017331, 36.3815078003448], 
            [-116.462060076012, 36.3850331427654], 
            [-115.93230543155, 36.8600820271639], 
            [-115.628451491843, 37.0487597924305], 
            [-115.129948288483, 37.2394340526395], 
            [-114.852021803363, 37.3664992645295], 
            [-114.21663279137, 37.7971935856156], 
            [-113.644996719223, 38.3426773726627], 
            [-113.521151080258, 38.4408653536532], 
            [-113.245257062963, 38.5747204469911], 
            [-112.973230130466, 38.6190030645399], 
            [-112.735944008609, 38.5886689319257], 
            [-112.471327489772, 38.4523496961816], 
            [-112.317984087695, 38.2454966323638], 
            [-112.235354378102, 38.0359995617305], 
            [-112.189282109682, 37.75297392061], 
            [-112.230156296676, 37.3931551699752], 
            [-112.342796382947, 37.0039285884337], 
            [-112.447342570803, 36.746173896808], 
            [-112.594381725336, 36.4607470658245], 
            [-112.730772906844, 36.259541744456], 
            [-112.962051557433, 35.9730267337968], 
            [-113.006244242778, 35.8819344037498], 
            [-112.917535116153, 35.8445046201921], 
            [-112.286435870319, 36.0310869650914], 
            [-112.046937416229, 36.0778427182669], 
            [-111.604102247521, 36.0688045317038], 
            [-111.324269199664, 35.9878205814547], 
            [-111.072279162353, 35.8350077793856], 
            [-110.561662091033, 35.3489242134817], 
            [-110.37013347488, 35.2478673951642], 
            [-110.517559337893, 35.0371562397687], 
            [-110.638994793775, 34.8462211761664], 
            [-110.728477337359, 34.6512661430182], 
            [-110.776348249872, 34.4962320154952], 
            [-110.813166494438, 34.2599441411093], 
            [-110.803552741766, 34.0986147592638], 
            [-110.736175534074, 33.8710772883862], 
            [-110.668492556886, 33.7465391714457], 
            [-110.484824015416, 33.539767046612], 
            [-110.262295768335, 33.398240736221], 
            [-109.974638618677, 33.2931369686962], 
            [-109.758648442871, 33.2428828527615], 
            [-109.604927325536, 33.2223243507882], 
            [-109.615953013821, 33.2108400082599], 
            [-109.833984650671, 33.1050617492004], 
            [-109.905831488932, 33.0360387821642], 
            [-109.97644625599, 32.8989731091218], 
            [-110.000053459699, 31.7901989585152], 
            [-110.063824385987, 31.3984632684651], 
            [-110.152605458375, 31.1248715156081], 
            [-110.287836514444, 30.8970732413371], 
            [-110.4314132791, 30.7476328969407], 
            [-110.578614311601, 30.6478531159286], 
            [-110.744368357913, 30.580619799764], 
            [-110.965628560909, 30.5523361214149], 
            [-111.204209706513, 30.5856470100016], 
            [-111.366213579893, 30.6642387636081], 
            [-111.548326294223, 30.7992359959445], 
            [-111.697532814887, 30.9840826492949], 
            [-112.070958308079, 31.7016247301972], 
            [-112.266273070046, 31.9049074854921], 
            [-112.587205135409, 32.1755584552586], 
            [-113.13687076997, 32.6974260453758], 
            [-113.303434206124, 32.7832303617918], 
            [-113.498110449438, 32.7523386495092], 
            [-113.609581417049, 32.6142477493342], 
            [-113.863531976419, 32.2716600091022], 
            [-114.121160762959, 32.0494645111783], 
            [-114.430446607825, 31.911013882185], 
            [-114.77153248024, 31.8411545456458], 
            [-115.51733125983, 31.8259290234058], 
            [-116.104606542358, 31.8720822308104], 
            [-116.345723776131, 31.8384206066258], 
            [-116.634639976654, 31.7891377585008], 
            [-116.660360587171, 31.815919569033], 
            [-116.753899073184, 31.8852572987854], 
            [-116.79539379239, 31.9284427434379], 
            [-116.90490423794, 32.0002446155966], 
            [-116.945139906282, 32.2063242624548], 
            [-117.056997582373, 32.260589354715], 
            [-117.076944545354, 32.3220760030052], 
            [-117.003047252828, 32.3791200003878], 
            [-116.980447289811, 32.5320946804252], 
            [-117.032778839672, 32.5998945694789], 
            [-117.166966682167, 32.5471403382561], 
            [-117.166966682167, 32.6371624750682], 
            [-117.088626738733, 32.709746757407], 
            [-117.126371285007, 32.760513486908], 
            [-117.26677344284, 32.7292800322477], 
            [-117.234487781386, 32.6371624750682], 
            [-117.270307778481, 32.6463535463792], 
            [-117.288689921103, 32.7855146397889], 
            [-117.316371053681, 32.8280165996864], 
            [-117.28805140245, 32.8954387734807], 
            [-117.315318846887, 33.0064510868482], 
            [-117.324509918198, 33.0197700463506], 
            [-117.253031801976, 33.0859961218236], 
            [-117.178648875545, 33.2265601576253], 
            [-117.335634531908, 33.4130435770995], 
            [-117.472079672739, 33.4488006216515], 
            [-117.639596390261, 33.4023686244126], 
            [-117.719815916771, 33.4346812655281], 
            [-117.829452267408, 33.5275992193286], 
            [-117.899869183616, 33.5697144707463], 
            [-117.909671793918, 33.5824218912574], 
            [-117.8968294751, 33.6285211393392], 
            [-117.764826985177, 33.8065689180212], 
            [-117.786995273613, 33.8982727870596], 
            [-117.912567610906, 33.9733751711273], 
            [-118.021790273402, 34.130432773254], 
            [-118.07093822322, 34.1376903021658], 
            [-118.144538739471, 34.0423441788408], 
            [-118.214955655679, 34.0002289274232], 
            [-118.234560876283, 33.9748230796215], 
            [-118.349988860897, 33.910206790611], 
            [-118.427312570419, 33.8524883016938], 
            [-118.495445208629, 33.9695170795497], 
            [-118.589550267531, 34.0206525310895], 
            [-118.731778049118, 33.9994105443612], 
            [-118.812348311226, 33.9705063338004], 
            [-118.865543210251, 33.9994105443612], 
            [-118.970476106587, 34.0238271379122], 
            [-119.090607545502, 34.0669316435806], 
            [-119.185584946788, 34.0962585355031], 
            [-119.264860185149, 34.167089139852], 
            [-119.32185921643, 34.2567155749639], 
            [-119.548344480513, 34.3797877969693], 
            [-119.620137359452, 34.3840685699087], 
            [-119.72141001506, 34.3780341189795], 
            [-119.800181633076, 34.38272858006], 
            [-119.872990745926, 34.3783848545775], 
            [-120.063925809528, 34.4468952080475], 
            [-120.484736581328, 34.4218131161824], 
            [-120.537805575267, 34.5052612088378], 
            [-120.687272899325, 34.5514144162424], 
            [-120.639267088505, 34.6852155502575], 
            [-120.667361909225, 34.7635375072502], 
            [-120.662334698987, 34.8478489490698], 
            [-120.696904638438, 34.9114490041683], 
            [-120.653098661574, 35.1164674510121], 
            [-120.833439711473, 35.158429817682], 
            [-120.917760146514, 35.2337660254818], 
            [-120.906914322638, 35.4157438415052], 
            [-121.028061995465, 35.4439285944292], 
            [-121.108065684684, 35.5154067106512], 
            [-121.190983177332, 35.6082077525858], 
            [-121.313812582385, 35.6461411564893], 
            [-121.369318739069, 35.7670819852455], 
            [-121.499297754388, 35.8832114410553], 
            [-121.510647198609, 35.9680624761025], 
            [-121.410201919283, 36.3030779247065], 
            [-121.438755394246, 36.415709017757], 
            [-121.553005266979, 36.5051825681211], 
            [-121.722779282838, 36.5999081592342], 
            [-121.834430114858, 36.6497306005869], 
            [-121.848234708265, 36.6657475262275], 
            [-121.829169080888, 36.8183804638874], 
            [-121.901537525936, 36.9375406349924], 
            [-122.080727443617, 36.9152464414702], 
            [-122.177179733058, 36.9558868047324], 
            [-122.245824984835, 37.010862361409], 
            [-122.275853347954, 37.0483550975099], 
            [-122.241661123762, 37.0375272600751], 
            [-122.156998946344, 36.9927320289601], 
            [-122.10929890502, 36.9908434526633], 
            [-122.060753500973, 37.0358185481875], 
            [-122.007243839232, 37.1492050717567], 
            [-121.840248728496, 37.087043931932], 
            [-121.79349297532, 36.9986945341255], 
            [-121.749390222181, 36.859380555968], 
            [-121.528291897153, 36.8506121660187], 
            [-121.31839912482, 37.148332729372], 
            [-121.234915059283, 37.1516422345016], 
            [-121.14527963095, 37.1093381254542], 
            [-121.011262659644, 36.9851687305526], 
            [-120.937716102716, 36.8061137111789], 
            [-120.911222075239, 36.5020349409599], 
            [-120.710277557263, 36.1602296109079], 
            [-120.486184489822, 36.0022547002943], 
            [-120.352014633768, 35.8888591835046], 
            [-120.136276268135, 35.7192200659534], 
            [-119.946042675729, 35.5071149613864], 
            [-119.893917969938, 35.4263918145307], 
            [-119.799327277132, 35.3387528811406], 
            [-119.760323679994, 35.2966556161638], 
            [-119.544792158431, 35.1097225356665], 
            [-119.287792897324, 35.0344852532919], 
            [-119.085625301367, 35.0682907690039], 
            [-118.786879510881, 35.1628724685896], 
            [-118.643122881815, 35.255709483406], 
            [-118.551778741596, 35.4780848457391], 
            [-118.541139761791, 35.7466763680201], 
            [-118.618184681478, 35.7996914026362], 
            [-118.818580613005, 35.8631385729868], 
            [-118.96293079462, 36.1359299292229], 
            [-118.953694757207, 36.3689802442429], 
            [-119.15986433627, 36.5021068867235], 
            [-119.244922215388, 36.5809234708416], 
            [-119.315869731603, 36.715003394691], 
            [-119.260687330856, 36.9212179398561], 
            [-119.160008227797, 37.1519210243359], 
            [-119.152876603972, 37.3318214064328], 
            [-119.196062048625, 37.468239567602], 
            [-119.349567328669, 37.8184175859029], 
            [-119.503837032453, 38.1453031632105], 
            [-119.579461023308, 38.2269166388919], 
            [-119.653466234479, 38.2528620799211], 
            [-119.858322803355, 38.3016592941412], 
            [-119.923397746609, 38.3619588373306], 
            [-119.931158895866, 38.5576063484543], 
            [-119.880239281617, 38.7713572123656], 
            [-119.816405402787, 39.0149745614269], 
            [-119.981619855872, 39.1932831435023], 
            [-120.214274469191, 39.2025011944746], 
            [-120.239482466143, 39.1306003968909], 
            [-120.266075419045, 39.0465947245669], 
            [-120.397025702174, 38.9505471300461], 
            [-120.581566586029, 38.7513742765017], 
            [-120.756259893479, 38.6796173704454], 
            [-120.975775411706, 38.6377089630982], 
            [-121.110601772853, 38.590449589577], 
            [-121.251399632387, 38.6219888137328], 
            [-121.207242919925, 38.7029817572024], 
            [-121.139721820705, 38.8010977924292], 
            [-121.229375235479, 38.8507493625931], 
            [-121.468289130239, 38.7032695402572], 
            [-121.432298261955, 38.5895952336332], 
            [-121.387332159651, 38.4612979505401], 
            [-121.581576728383, 38.4104053159526], 
            [-121.634861559613, 38.4320519976017], 
            [-121.679009278855, 38.6354606579831], 
            [-121.717140533609, 38.7809799582586], 
            [-121.42808943478, 39.0487980635798], 
            [-121.308569534856, 39.2224841303384], 
            [-121.252253988331, 39.43741310613], 
            [-121.291383490556, 39.5337215040442], 
            [-121.785462029449, 39.5533087382078], 
            [-121.925873180503, 39.4626390895224], 
            [-121.930675560229, 39.3415273895774], 
            [-121.859916901644, 39.1396565698948], 
            [-121.926574651699, 39.0172048801012], 
            [-122.028602737826, 38.8689426475852], 
            [-121.974049862511, 38.7132969810709], 
            [-121.936656051835, 38.556311324708], 
            [-121.850806769317, 38.4636631675212], 
            [-121.702373665612, 38.3261298470149], 
            [-121.733049540604, 38.1254101595513], 
            [-121.802899883922, 38.0884480234576], 
            [-122.054116504273, 38.1321910477787], 
            [-122.192360289196, 37.9829935203348], 
            [-122.304604673767, 37.9785418762067], 
            [-122.352475586279, 38.0229054327396], 
            [-122.377557678144, 38.0944554947254], 
            [-122.420428360081, 38.2744188293656], 
            [-122.484064388061, 38.276945924315], 
            [-122.568411802762, 38.2371329373353], 
            [-122.8263913249, 38.0552630399574], 
            [-122.883516261266, 37.9936055204785], 
            [-123.042822168508, 37.9602766454509], 
            [-123.05847936533, 37.9944508832018], 
            [-122.985220591457, 38.1328925189746], 
            [-123.02938629714, 38.2753990903958], 
            [-123.090144494573, 38.2729889073123], 
            [-123.128509573058, 38.3941545665801], 
            [-123.164410509138, 38.4329063535454], 
            [-123.349014345536, 38.5414365380659], 
            [-123.48982119829, 38.6934039774117], 
            [-123.771560808884, 38.9149519634624], 
            [-123.77382710044, 38.972229784577], 
            [-123.727925703209, 39.0147587241359], 
            [-123.749572384858, 39.1080903660776], 
            [-123.810987087384, 39.1973480791506], 
            [-123.862104552483, 39.392402037724], 
            [-123.840448877614, 39.4681879065467], 
            [-123.808028317853, 39.560710158647], 
            [-123.83959452167, 39.6932522417976], 
            [-123.862958908427, 39.7148989234466], 
            [-123.884605590076, 39.8057754162025], 
            [-123.919652170211, 39.8382499352863], 
            [-124.006247890028, 39.9317074823146], 
            [-124.10913932532, 40.027044612419], 
            [-124.13217096292, 40.0758508198595], 
            [-124.17804538049, 40.0974975015085], 
            [-124.244703130545, 40.1433719190789], 
            [-124.375392610281, 40.2277642998826], 
            [-124.402246366576, 40.3684272611093], 
            [-124.453156987605, 40.4424144858399], 
            [-124.375149793328, 40.6077188711291], 
            [-124.268067517302, 40.7735358699845], 
            [-124.179826038141, 40.9017791937549], 
            [-124.14975270892, 41.0165416800546], 
            [-124.201508692672, 41.0644935315513], 
            [-124.199674075698, 41.1107006982787], 
            [-124.200582390965, 41.1335884443513], 
            [-124.144131946132, 41.2156335946148], 
            [-124.096279020061, 41.4443221977113], 
            [-124.174609970274, 41.6917256925867], 
            [-124.199692062139, 41.7187952861736], 
            [-124.289057693857, 41.7470879577431], 
            [-124.290604527777, 41.7862534328497], 
            [-124.24577332378, 41.8709785628105], 
            [-124.243129316964, 41.9378341637158], 
            [-124.272627080076, 42.000337045918], 
            [-124.378351379812, 42.0686135756561], 
            [-124.403325553032, 42.1734295601262], 
            [-124.448147763808, 42.2581456968665], 
            [-124.447230455321, 42.2812672666711], 
            [-124.470702760724, 42.4386756043957], 
            [-124.426069407577, 42.6090341795838], 
            [-124.493131852553, 42.6406903156056], 
            [-124.514778534202, 42.6865557399555], 
            [-124.538142920959, 42.7307124524178], 
            [-124.559789602608, 42.7765778767677], 
            [-124.596877643788, 42.8466620438184], 
            [-124.501234744188, 42.9856522660393], 
            [-124.47062182174, 43.114174379644], 
            [-124.425907529609, 43.2417522051003], 
            [-124.424738410949, 43.2712859410934], 
            [-124.427283492339, 43.3356414267105], 
            [-124.403109715741, 43.3617397524877], 
            [-124.316513995924, 43.441968272218], 
            [-124.269668310544, 43.5756255147058], 
            [-124.245566479709, 43.6768262245507], 
            [-124.20810971649, 43.7836836700654], 
            [-124.177164044885, 43.9912292118587], 
            [-124.178072360151, 44.0142338697973], 
            [-124.145399990217, 44.2333626795441], 
            [-124.109642945665, 44.5764450469015], 
            [-124.110991928734, 44.6103944541408], 
            [-124.109651938886, 44.6441550037505], 
            [-124.110991928734, 44.6779155533602], 
            [-124.10876161006, 44.7341771405627], 
            [-124.111360650773, 44.7997557041625], 
            [-124.06562113151, 44.930247333048], 
            [-124.043012175272, 45.0722053180211], 
            [-124.018011022391, 45.1435215562749], 
            [-124.020520130899, 45.2068068486572], 
            [-124.017120693565, 45.2924942532073], 
            [-124.043237005783, 45.3418490470959], 
            [-124.017948069847, 45.3896210341834], 
            [-124.021365493623, 45.4756861539929], 
            [-123.996274408537, 45.5230894190415], 
            [-123.998010100086, 45.5669043891264], 
            [-123.992128533905, 45.7154094385948], 
            [-124.02053811734, 45.769089971525], 
            [-124.017399483399, 45.8482303115797], 
            [-124.021374486843, 45.9486665976854], 
            [-123.956236591046, 46.0433292362553], 
            [-124.025232578421, 46.1895230280654], 
            [-124.116019138972, 46.2323667303404], 
            [-124.088023243678, 46.6701297227086], 
            [-124.064110270473, 46.6922890179239], 
            [-124.133034312084, 46.7367964659842], 
            [-124.154680993733, 46.8501829895534], 
            [-124.200546418083, 46.9168407396085], 
            [-124.232166581223, 47.1810345770842], 
            [-124.267213161358, 47.2552915984286], 
            [-124.329581145254, 47.3130820331094], 
            [-124.373135311945, 47.3953969799867], 
            [-124.417624773564, 47.6284203153454], 
            [-124.447293407864, 47.6604361801856], 
            [-124.537279571795, 47.6568658716627], 
            [-124.515632890146, 47.6829102381171], 
            [-124.44954171298, 47.714098726675], 
            [-124.604800671014, 47.8404534741486], 
            [-124.673176126177, 47.8846011933904], 
            [-124.702044363856, 47.945764085744], 
            [-124.773099798717, 47.9792998048422], 
            [-124.72611921503, 48.0680808772308], 
            [-124.796221368521, 48.1699560786102], 
            [-124.739806896571, 48.2222246759281], 
            [-124.740724205058, 48.2454721508192], 
            [-124.717134987789, 48.3127864059679], 
            [-124.784853937859, 48.41119921747], 
            [-124.582299633421, 48.4031053190553], 
            [-124.28345491751, 48.2890712836129], 
            [-124.227139370985, 48.2913016022872], 
            [-124.109669925327, 48.2455620830238], 
            [-123.978216021852, 48.1915667873774], 
            [-123.592460823408, 48.1762783125941], 
            [-123.54721593127, 48.1780679634658], 
            [-123.258794357873, 48.140458315499], 
            [-123.10433579646, 48.2221976962667], 
            [-123.074388372325, 48.2005510146177], 
            [-123.042777202406, 48.1335605154055], 
            [-122.985994008417, 48.1313122102903], 
            [-122.938581750148, 48.1563943021554], 
            [-122.859693220266, 48.1532736546555], 
            [-122.758564456185, 48.1773574990494], 
            [-122.814394368805, 48.2290865031397], 
            [-122.760165249427, 48.3130741890227], 
            [-122.697590421461, 48.4040136343219], 
            [-122.759868473151, 48.471237957266], 
            [-122.802649222883, 48.380595288242], 
            [-122.917699492238, 48.4022419698911], 
            [-122.984366235513, 48.4256063566481], 
            [-123.137250983346, 48.4620288995142], 
            [-123.176092702516, 48.5039463000818], 
            [-123.176092702516, 48.526456330895], 
            [-123.198602733329, 48.526456330895], 
            [-123.198602733329, 48.5489663617083], 
            [-123.220842967529, 48.6709144311562], 
            [-123.375769176406, 48.6833610482739], 
            [-123.464109580992, 48.6072604167349], 
            [-123.446168106173, 48.3914231256768], 
            [-123.515146107107, 48.2941884260551], 
            [-123.57414163333, 48.2678652697665], 
            [-123.749779228928, 48.3128763381725], 
            [-123.885486925681, 48.3459534030272], 
            [-124.227094404883, 48.4335024042127], 
            [-124.334932111428, 48.4704195742041], 
            [-124.445206980718, 48.5062035984174], 
            [-124.674713966876, 48.5510078227529], 
            [-124.931119675433, 48.6619391971363], 
            [-125.100587921795, 48.6950252552114], 
            [-125.172155970222, 48.7195227877465], 
            [-125.30269256521, 48.8080070838599], 
            [-125.382174647642, 48.8465700131956], 
            [-125.528206561484, 48.8750785220562], 
            [-125.70634427237, 48.9831050862308], 
            [-125.893637081686, 49.424321475256], 
            [-126.008588425615, 49.7785374495438], 
            [-126.000305669571, 50.1841856516466], 
            [-125.95266858079, 50.3233557382768], 
            [-125.890507440966, 50.4440177771987], 
            [-125.748639388197, 50.6130183760973], 
            [-125.532865049682, 50.7544907271654], 
            [-125.217194018289, 50.8314457146481], 
            [-124.887970203662, 50.7833319851831], 
            [-124.394835952917, 50.5926127588718], 
            [-124.150040491975, 50.5634837177994], 
            [-123.910515058223, 50.6454659155196], 
            [-123.412632387075, 50.9685923266746], 
            [-123.218864459027, 51.0889126232191], 
            [-123.087428541994, 51.1780084583238], 
            [-122.994465622091, 51.2747575240406], 
            [-122.962512709794, 51.4473913840052], 
            [-123.033936866693, 51.7260822928636], 
            [-123.249576306901, 52.2958837480366], 
            [-123.439926811173, 52.6653792038873], 
            [-123.573826870614, 52.8629242845282], 
            [-123.76270248673, 53.0029397338817], 
            [-124.378729095072, 53.2193795707107], 
            [-124.77082451394, 53.4031290511649], 
            [-124.978846696418, 53.4706321639433], 
            [-125.197184102764, 53.4661715265947], 
            [-125.460235801241, 53.421304349716], 
            [-125.765744493514, 53.3839734915834], 
            [-126.182373417799, 53.4265563904651], 
            [-126.811512141572, 53.5384500394379], 
            [-127.193202404367, 53.6243083151767], 
            [-127.442773265374, 53.6649396852184], 
            [-127.682073868614, 53.6159266337073], 
            [-128.133776352696, 53.3557707522185], 
            [-128.320304738273, 53.276594439282], 
            [-128.518137601969, 53.2379685574031], 
            [-128.782457344531, 53.2433644896795], 
            [-129.055320646531, 53.3614274878884], 
            [-129.293020456529, 53.6088309827637], 
            [-129.400606352901, 53.8305768196646], 
            [-129.447964651847, 54.0731869280344], 
            [-129.443674885687, 54.2835563410524], 
            [-129.397881407101, 54.5519949785855], 
            [-129.299810337977, 54.7937687174525], 
            [-129.126007359352, 55.0228170493674], 
            [-128.940854936506, 55.16008057326], 
            [-128.783950219127, 55.2361991912398], 
            [-128.533893724216, 55.2971552395228], 
            [-128.017592937564, 55.3430656299749], 
            [-127.598769667486, 55.4698070859284], 
            [-127.407393936081, 55.5237843951338], 
            [-126.941293306041, 55.5142695678863], 
            [-126.749090198354, 55.4650136994228], 
            [-126.315922741641, 55.289313151281], 
            [-126.121903003421, 55.2127898383804], 
            [-125.775322273304, 55.1097095454592], 
            [-125.442905865413, 55.0067551576245], 
            [-124.947226533278, 54.7768704562067], 
            [-124.689300970463, 54.7496120049901], 
            [-124.307385877156, 54.8147588940078], 
            [-124.095118894621, 54.844391555426], 
            [-123.829486141872, 54.8389686434882], 
            [-123.435142417888, 54.7941734123731], 
            [-122.804519812739, 54.7721220358034], 
            [-122.546864046538, 54.7391888624761], 
            [-122.293911734639, 54.6297413694687], 
            [-122.096924233666, 54.4707322385021], 
            [-121.924407285568, 54.2275375708023], 
            [-121.827118626623, 53.9808805132252], 
            [-121.700646967284, 53.5911413181174], 
            [-121.565730673931, 53.2226531029584], 
            [-121.36367998984, 52.7245186216372], 
            [-121.270159490268, 52.4874033709689], 
            [-121.200821760516, 52.2030017671179], 
            [-121.154578620907, 51.7773526427103], 
            [-121.111258277947, 51.6507820579457], 
            [-120.994742113658, 51.5942506741294], 
            [-120.85796422367, 51.6097909590856], 
            [-121.053377911062, 51.3689165422647], 
            [-121.144209437715, 51.2303759810667], 
            [-121.197359370638, 51.1208205694138], 
            [-121.242910032272, 50.9339774211212], 
            [-121.205669106344, 50.7156400147749], 
            [-121.11053882031, 50.4811058183789], 
            [-120.94949722152, 50.281609208898], 
            [-120.835822914896, 50.1723955396225], 
            [-120.659187071826, 50.0565898397494], 
            [-120.481543988065, 50.0233329104855], 
            [-120.272829327611, 50.0947750538257], 
            [-120.05419514499, 50.2520215135821], 
            [-119.853988071093, 50.5220879240185], 
            [-119.763714124107, 50.7509653847448], 
            [-119.717623869246, 50.9400208652708], 
            [-119.676623777166, 51.2443964117651], 
            [-119.725672801559, 51.5319276563363], 
            [-119.860840905084, 51.7548336186766], 
            [-119.957724869107, 51.8123452635232], 
            [-119.925888868676, 51.9031677969563], 
            [-120.131294024, 52.4032358206767], 
            [-120.179938353472, 52.6580227495504], 
            [-120.169173468581, 52.9296989464493], 
            [-120.078332948707, 53.2275454148891], 
            [-119.928541868712, 53.472187991083], 
            [-119.597582362536, 53.863824755708], 
            [-119.564298453611, 54.0136967746865], 
            [-119.645543207253, 54.167238027613], 
            [-119.940367953618, 54.4404070991084], 
            [-120.131276037559, 54.6464507730848], 
            [-120.339469091226, 54.9302947972671], 
            [-120.463566540364, 55.0921277994585], 
            [-120.613114803405, 55.2097321434238], 
            [-121.120800084856, 55.3919527763996], 
            [-121.39198165463, 55.5635524160112], 
            [-121.532096029408, 55.7545684185977], 
            [-121.597620633685, 55.8934237425118], 
            [-121.656508241262, 56.1767641463484], 
            [-121.60806176264, 56.408303600331], 
            [-121.561971507779, 56.5398114631286], 
            [-121.427307024599, 56.7355039403546], 
            [-121.241740913612, 56.8716163320282], 
            [-121.080555423294, 56.9476809906853], 
            [-120.792214788881, 56.9770618419305], 
            [-120.556565433148, 56.9277610073647], 
            [-120.303361311076, 56.7937800089404], 
            [-119.83051576569, 56.2834417274539], 
            [-119.714116513266, 56.2082763908428], 
            [-119.54418061944, 56.1544789460466], 
            [-119.046666670331, 56.075221694126], 
            [-118.702828872454, 56.0032849236604], 
            [-118.381905800312, 55.8586829318719], 
            [-118.095561660842, 55.598895772422], 
            [-117.959017594586, 55.3666368608025], 
            [-117.887629410569, 55.1411318577492], 
            [-117.850523382948, 54.9082254342565], 
            [-117.805395402676, 54.6925050550643], 
            [-117.658077458308, 54.5560149481315], 
            [-117.416303719441, 54.5247545138099], 
            [-117.188856180768, 54.5723466364882], 
            [-117.049910924649, 54.6458662137548], 
            [-116.926793736542, 54.7787410460625], 
            [-116.874857888381, 54.9427953737076], 
            [-116.824010219896, 55.2619827543007], 
            [-116.745796181548, 55.529135361308], 
            [-116.566273514711, 55.8128444871834], 
            [-116.33905979977, 55.9915127980773], 
            [-116.082663084434, 56.091364524853], 
            [-115.695109241898, 56.076004104306], 
            [-115.471348923614, 55.9783467233227], 
            [-115.27920876847, 55.8219815991715], 
            [-115.144238515795, 55.6129701624431], 
            [-115.062876850286, 55.3559709013361], 
            [-115.040573663544, 54.6364323254915], 
            [-115.005733927479, 54.5370302597388], 
            [-114.861698508579, 54.4440133805132], 
            [-114.646400810749, 54.4122223461844], 
            [-114.330091260703, 54.4673058215066], 
            [-113.715557526958, 54.7061657569442], 
            [-113.447181841968, 54.7911337038574], 
            [-113.340935935445, 54.8056577549016], 
            [-113.330117091231, 54.5914212570854], 
            [-113.303317294258, 54.437529268561], 
            [-113.23407848993, 54.2399931811405], 
            [-113.047343260283, 54.066972612696], 
            [-113.015030619168, 53.9538378992997], 
            [-113.149587183701, 53.8291648840523], 
            [-113.171710506035, 53.7320830691784], 
            [-113.116654010374, 53.6280315084475], 
            [-113.055077429879, 53.5795040908412], 
            [-112.960046069271, 53.6820627769757], 
            [-112.892444031067, 53.7447095507053], 
            [-112.667136878864, 53.7357792827877], 
            [-112.52672572781, 53.5842345248035], 
            [-112.496886222321, 53.3038259108372], 
            [-112.447531428433, 53.1630280513036], 
            [-112.334882348941, 53.1293754203394], 
            [-112.234050361135, 53.1827321973331], 
            [-112.159793339791, 53.4376270448523], 
            [-112.210865838787, 53.8784657186181], 
            [-112.347373932161, 54.3710333964742], 
            [-112.498289164713, 54.7384244387369], 
            [-112.609922010293, 54.8839976983352], 
            [-112.620740854507, 54.9181809293065], 
            [-112.609715166222, 54.9296652718349], 
            [-112.477245028835, 54.9939308252474], 
            [-112.33465751843, 55.0905809655392], 
            [-112.212466632029, 55.3424540909836], 
            [-112.182096526533, 55.7239824758107], 
            [-112.23101065262, 56.0587191345805], 
            [-112.414058661878, 56.6497355968204], 
            [-112.460859381155, 56.8894948543042], 
            [-112.451407506451, 57.3527086605763], 
            [-112.37390393252, 57.6205267658976], 
            [-112.156160078725, 58.0900178400514], 
            [-112.109889959454, 58.2798197578756], 
            [-112.066200894456, 58.7710384526625], 
            [-112.020731171806, 58.9484656991328], 
            [-111.904376885485, 59.1743394242251], 
            [-111.724503483049, 59.347153148599], 
            [-111.492568327366, 59.459676323004], 
            [-111.207717062492, 59.4979424760645], 
            [-110.914834851747, 59.422885058099], 
            [-110.729016930587, 59.3102000057258], 
            [-110.591888305001, 59.1674775970136], 
            [-110.48198215775, 58.9823251741676], 
            [-110.421970397616, 58.7361537504952], 
            [-110.428409543466, 58.4207435224956], 
            [-110.581743952321, 57.9256307632492], 
            [-110.606223498416, 57.6709877259029], 
            [-110.557156487582, 57.4795490419548], 
            [-110.42576553665, 57.2244923164673], 
            [-109.898277183745, 56.4219732954313], 
            [-109.702314909905, 56.1637149834598], 
            [-109.568234986056, 56.0986670198671], 
            [-109.475955550908, 56.1005466029434], 
            [-109.055810277422, 56.4289970006112], 
            [-108.746110744415, 56.579246734849], 
            [-108.495658547804, 56.6200130031976], 
            [-108.32518306075, 56.6165416200998], 
            [-108.042094467086, 56.5585533345688], 
            [-107.499407571602, 56.3042430463796], 
            [-106.757682720881, 56.2800243036788], 
            [-106.61771223763, 56.2561562965759], 
            [-106.377566271666, 56.158741732545], 
            [-106.169661001054, 55.9842192962836], 
            [-106.077804247268, 55.8441229079459], 
            [-106.013178965037, 55.7109063332608], 
            [-105.961458954167, 55.445948072046], 
            [-105.997710625845, 55.1623198851547], 
            [-106.085196674487, 54.9466174924035], 
            [-106.212621615195, 54.7586501915532], 
            [-106.414078746737, 54.6265667626461], 
            [-106.569454616637, 54.5886873180653], 
            [-106.741054256249, 54.5921946740451], 
            [-106.990993839294, 54.6433840849077], 
            [-107.616265478269, 54.9420129635275], 
            [-107.810150318183, 54.9892723370488], 
            [-108.446843347143, 54.9392430516256], 
            [-108.881018044547, 54.9795776453921], 
            [-109.147828909177, 54.9741367470133], 
            [-109.260891676809, 54.8564604572843], 
            [-109.360482600192, 54.3878866916176], 
            [-109.433408624908, 54.1748283056818], 
            [-109.560428870696, 53.9653762011508], 
            [-109.76682328027, 53.7670666967707], 
            [-109.94034746906, 53.6640583496132], 
            [-110.215998669403, 53.5746117789105], 
            [-110.814047830043, 53.4836633403909], 
            [-111.196952177601, 53.3677946879745], 
            [-111.642404373463, 53.2421593981378], 
            [-111.83986851512, 53.1745663531548], 
            [-112.112066318805, 53.003335435582], 
            [-112.41098298048, 52.7455267846335], 
            [-112.61397795272, 52.5122876119838], 
            [-112.710115479446, 52.2685443578359], 
            [-112.752194757982, 52.0530128362735], 
            [-112.743633212103, 51.6336589661884], 
            [-112.61631619004, 51.4658634588316], 
            [-111.881237329239, 51.4401608347548], 
            [-111.612690773061, 51.3851582984168], 
            [-111.398211458292, 51.2981578836795], 
            [-110.956554401464, 51.0706383992428], 
            [-110.583713467602, 50.9235812582685], 
            [-110.452952042103, 50.870539243991], 
            [-110.282287697419, 50.7826215207667], 
            [-110.09199115247, 50.6382263730488], 
            [-109.947407147122, 50.4877338218585], 
            [-109.81346212158, 50.2834348326515], 
            [-109.638912705657, 49.8878500442442], 
            [-109.56325274192, 49.7630781035717], 
            [-109.427473099404, 49.6326314407884], 
            [-109.131542186922, 49.4890546761325], 
            [-108.883284336103, 49.4606810655788], 
            [-108.763476653125, 49.5418988395599], 
            [-108.738664357874, 50.2258872149231], 
            [-108.712898781254, 50.3769643254433], 
            [-108.600519498376, 50.6367065187909], 
            [-108.497717995289, 50.7883681886411], 
            [-108.303275575707, 50.9751843572723], 
            [-108.101998308575, 51.107141881093], 
            [-107.665152624694, 51.2999025684489], 
            [-107.524408724483, 51.4135049293091], 
            [-107.499146768209, 52.2391635065906], 
            [-107.408486112744, 52.5040318356008], 
            [-107.254531171676, 52.7579014559875], 
            [-106.892715926099, 53.1512289460591], 
            [-106.797432755317, 53.2714143442966], 
            [-106.571163328525, 53.6525830003053], 
            [-106.395166004108, 53.8972885290424], 
            [-106.21467206946, 54.0310896630576], 
            [-106.065213738623, 54.0795901010025], 
            [-105.739686137605, 54.0729441110819], 
            [-105.511977795539, 53.98058373695], 
            [-105.275680927932, 53.8204054873234], 
            [-105.13080014631, 53.6376722407814], 
            [-105.045418511255, 53.4616749163644], 
            [-104.981818456157, 53.2007636043569], 
            [-105.025876243194, 52.8992389087487], 
            [-105.118560373263, 52.6707301700614], 
            [-105.258746693805, 52.4639220723458], 
            [-105.439870153884, 52.2395502150704], 
            [-105.572061501437, 52.0612236465541], 
            [-105.766962575263, 51.7328991539729], 
            [-105.871616681764, 51.5785125383231], 
            [-106.042820619676, 51.4140175428754], 
            [-106.188663675888, 51.3184016229366], 
            [-106.366855346097, 51.2319497946474], 
            [-106.752835375052, 51.0797125586877], 
            [-106.891825597273, 50.9742490623444], 
            [-106.915621658613, 50.0755655349216], 
            [-106.983196717155, 49.7082554316429], 
            [-107.005248093725, 49.5371144462748], 
            [-106.936908611443, 49.3686264609425], 
            [-106.786595924662, 49.2700787511336], 
            [-106.380417122552, 49.0931101589068], 
            [-106.253711639481, 49.0278373648026], 
            [-106.100125420452, 48.9237228515284], 
            [-105.86021327822, 48.6740260854356], 
            [-105.587817623684, 48.154883441118], 
            [-105.511294310784, 48.0540334668711], 
            [-105.399355695709, 48.0177098494301], 
            [-105.255185378502, 48.0206506325208], 
            [-104.514485754914, 48.1469963867739], 
            [-104.307623697875, 48.2309031336728], 
            [-104.159658241634, 48.3431834911253], 
            [-104.055498762258, 48.5186322290942], 
            [-103.998131008939, 48.7539668221112], 
            [-104.039625728145, 49.1192444575657], 
            [-104.104664698517, 49.3092622126811], 
            [-104.216819150883, 49.4170189802418], 
            [-104.358300495172, 49.4629383639145], 
            [-104.575046101496, 49.5052424729619], 
            [-104.700312669294, 49.5309001309364], 
            [-104.965747571193, 49.6217586372514], 
            [-105.221415835672, 49.7950669887506], 
            [-105.411559495874, 50.0515626295118], 
            [-105.505115968327, 50.3398582978223], 
            [-105.497264886865, 50.72432746574], 
            [-105.427423536767, 50.9283836379946], 
            [-105.29280401969, 51.1057928980239], 
            [-105.066525599677, 51.2401156388257], 
            [-104.86710992918, 51.2887239954161], 
            [-104.567986423435, 51.2826265919438], 
            [-104.360656718932, 51.2116610892879], 
            [-104.205883394803, 51.1319271966829], 
            [-103.984740103673, 50.9411989771511], 
            [-103.847134837403, 50.731315198038], 
            [-103.780620978875, 50.5942045588934], 
            [-103.642655983787, 50.2444222422927], 
            [-103.580890545662, 50.1533119258048], 
            [-103.536500009468, 50.1106570811594], 
            [-103.421260882484, 50.0547552227754], 
            [-102.94513281163, 49.9823418116254], 
            [-102.720617062827, 49.9248031871174], 
            [-102.419640953667, 49.7900667581744], 
            [-101.98541229694, 49.5124460425509], 
            [-101.512431853247, 49.1797508448257], 
            [-101.186751367482, 48.966224811426], 
            [-100.96693907298, 48.8172251348322], 
            [-100.802749847028, 48.6101292540619], 
            [-100.44228358452, 47.8671363592557], 
            [-100.174933126662, 47.4870558829227], 
            [-100.083481067797, 47.347562040356], 
            [-99.9741504866556, 47.1222189152708], 
            [-99.9077265603324, 46.8867044578445], 
            [-99.9163600519748, 46.4636184012683], 
            [-99.9653461238245, 46.3205002908558], 
            [-100.039333348555, 46.1768785600976], 
            [-100.188575842101, 45.9919959338653], 
            [-100.414620438382, 45.8578080913704], 
            [-100.601859288375, 45.8121674975321], 
            [-100.782155372173, 45.8158457247005], 
            [-101.05808536235, 45.8865594171834], 
            [-101.625386702234, 46.1166689491128], 
            [-101.996842680146, 46.2372050829483], 
            [-102.420189540115, 46.2643736019602], 
            [-102.69296290991, 46.2178426792963], 
            [-103.134206278597, 46.0843203351155], 
            [-103.373542854719, 46.0317819411837], 
            [-103.781916002621, 46.0401186565508], 
            [-104.257612398893, 46.1276316848545], 
            [-104.687569275901, 46.1743424719276], 
            [-104.877578037796, 46.2067540384682], 
            [-105.059052233474, 46.2688702121906], 
            [-105.213825557603, 46.3485951115752], 
            [-105.434168452112, 46.5386398463519], 
            [-105.58226880666, 46.738433232108], 
            [-105.789472606076, 47.1655122785689], 
            [-105.886779251461, 47.3090620635635], 
            [-106.046309989215, 47.3446662233676], 
            [-106.535217426343, 47.2891330870224], 
            [-107.230537259487, 47.303315395689], 
            [-107.41738040778, 47.2995112634342], 
            [-107.690990147078, 47.2528364492428], 
            [-107.900235407538, 47.1812144414934], 
            [-108.040529646726, 47.0256137410814], 
            [-107.993719934228, 46.8429794199644], 
            [-107.67619629942, 46.4082561361119], 
            [-107.478327462842, 46.1293314035215], 
            [-107.368610173221, 45.9847384049535], 
            [-107.213567052477, 45.869805047465], 
            [-106.575857789605, 45.6487337020987], 
            [-106.049322718069, 45.3774981730024], 
            [-105.872291173299, 45.3076658161246], 
            [-105.413789814548, 45.2181562928787], 
            [-105.150414360135, 45.1280172442005], 
            [-104.928101950345, 44.9999807645008], 
            [-104.597996800112, 44.7335026490281], 
            [-104.454599899865, 44.6394875223314], 
            [-104.208050760934, 44.6445237257894], 
            [-103.856200003627, 44.8257820841759], 
            [-103.644661471949, 44.9284127160741], 
            [-103.400738353392, 44.9878758897606], 
            [-103.046891101143, 44.9806543337306], 
            [-102.367093566515, 44.765041873184], 
            [-101.964619971235, 44.7256695540068], 
            [-101.509032415913, 44.7349685439632], 
            [-101.371292251336, 44.7821199988389], 
            [-101.255171788747, 44.8419339081235], 
            [-100.877573441261, 45.1676054006688], 
            [-100.69310450317, 45.3043473177746], 
            [-100.504633581974, 45.3957813901991], 
            [-100.301818474143, 45.4353785398878], 
            [-99.972324862902, 45.4286516109831], 
            [-99.771128534754, 45.4327615127337], 
            [-99.6192510276128, 45.5480006397178], 
            [-99.4520850456882, 45.8029764262212], 
            [-99.3279786033298, 45.9755473336426], 
            [-99.0947484239006, 46.1604569395362], 
            [-98.8258151592422, 46.2909305819808], 
            [-98.5345427349592, 46.3619320575185], 
            [-98.2278739172475, 46.3994068071785], 
            [-98.0652405184351, 46.4231758888563], 
            [-97.9334988319055, 46.4910387304531], 
            [-97.832558925454, 46.6450026647412], 
            [-97.7294066867691, 47.0107209679983], 
            [-97.6064064105274, 47.2854728462949], 
            [-97.3699206852913, 47.5502692295414], 
            [-97.1409353059196, 47.6862017568057], 
            [-96.9325444014029, 47.7538217814501], 
            [-96.3855857262002, 47.8605982879807], 
            [-96.2399045479565, 47.9104656954356], 
            [-96.0809403830921, 47.9923489677308], 
            [-95.6401286889878, 48.4028984749847], 
            [-95.536607728264, 48.4796376251763], 
            [-95.3208783558514, 48.5843007248986], 
            [-95.044705548722, 48.6382150815609], 
            [-94.7345923275738, 48.5985729657698], 
            [-94.4152070961305, 48.4555987468847], 
            [-93.9884967717086, 48.1554410207866], 
            [-93.8046663522703, 48.034922873392], 
            [-93.6101699733655, 47.9752798352963], 
            [-93.4030381197134, 48.0283668156761], 
            [-93.0157630670119, 48.2632157747882], 
            [-92.5660570778718, 48.499188886458], 
            [-92.18755940834, 48.6598617632099], 
            [-91.8134864032749, 48.7510530186819], 
            [-91.2651247856803, 48.7398564592083], 
            [-90.9363596252964, 48.6725242176186], 
            [-90.7808128842072, 48.6421541121227], 
            [-90.3678262142084, 48.6505807596944], 
            [-90.0514986777217, 48.7153769131141], 
            [-89.6932267610061, 48.7400363236175], 
            [-89.4624697172036, 48.6927769500962], 
            [-89.2309212700006, 48.5734908739048], 
            [-89.0152368636902, 48.3490021047634], 
            [-88.8744120244953, 48.058736921172], 
            [-88.8425220647414, 47.7652341782148], 
            [-88.845930495296, 47.59825705392], 
            [-88.9129839470514, 47.3366352774962], 
            [-89.0008297245121, 47.1200515491398], 
            [-89.0475674912466, 47.0015568763488], 
            [-89.0447616064629, 46.8637807388901], 
            [-88.9275619574183, 46.8257484095615], 
            [-88.8376567324722, 46.8275830265355], 
            [-88.6267747058879, 46.899771607174], 
            [-88.201782086574, 47.1671220650314], 
            [-87.9379030118145, 47.2791326258701], 
            [-87.6877565846985, 47.327965812972], 
            [-87.3970237536433, 47.3220392806883], 
            [-87.160259238573, 47.2735388427435], 
            [-86.8502809157316, 47.1674458209679], 
            [-86.6534373062866, 47.1119216778432], 
            [-85.8044772947912, 47.1292516136711], 
            [-85.4486065679387, 47.0928740369073], 
            [-85.1864901643895, 47.0982250030815], 
            [-84.6235145635462, 47.2909227378941], 
            [-84.4091341742027, 47.3258254265023], 
            [-84.1741683032246, 47.3210230467762], 
            [-83.8965925537033, 47.2260186658289], 
            [-83.6844244965932, 47.0479079346036], 
            [-83.542952145525, 46.8321246028682], 
            [-83.4830393108155, 46.5863488808962], 
            [-83.4874369956208, 46.3706105152631], 
            [-83.5345524776147, 46.1867621093839], 
            [-83.6381363908817, 45.9856916863224], 
            [-83.8293862172001, 45.7639458494215], 
            [-84.1791865202417, 45.4745709946558], 
            [-84.2538212568455, 45.360743803284], 
            [-84.2514830195257, 45.2465299034324], 
            [-84.144958323168, 45.0397397921578], 
            [-83.8647025939495, 44.7296535506709], 
            [-83.6529662114215, 44.5726948739693], 
            [-83.3203789323418, 44.3922189257629], 
            [-83.0894150444687, 44.3011265957159], 
            [-82.7754707114041, 44.3075297686839], 
            [-82.602378197196, 44.4472574349827], 
            [-82.3390297224437, 44.7794220327007], 
            [-82.182556679647, 44.960851262276], 
            [-81.7272838870417, 45.3688736745805], 
            [-81.6603293607114, 45.5068656493303], 
            [-81.6640075878798, 45.686721065325], 
            [-81.7653521892521, 45.9828228489953], 
            [-81.8011362134654, 46.0930977182851], 
            [-81.8606353600338, 46.3978689664797], 
            [-81.8200399628739, 46.6756425668511], 
            [-81.7732302503757, 46.8124024703978], 
            [-81.7261327548227, 46.9038275496018], 
            [-81.6305977738681, 47.0447603074423], 
            [-81.5009694941468, 47.1693074176033], 
            [-81.362977519397, 47.2597792154385], 
            [-81.2297699379322, 47.3244044976695], 
            [-80.9681661479493, 47.3754769966661], 
            [-80.4820556023841, 47.3655574744979], 
            [-80.3192962984853, 47.368875972848], 
            [-80.1472649842915, 47.438654370403], 
            [-80.0168542943901, 47.5743890468171], 
            [-79.9455110764749, 47.7214461877914], 
            [-79.8562803430633, 48.2695829748745], 
            [-79.7820413081597, 48.4864724727265], 
            [-79.6713257710674, 48.6690438413003], 
            [-79.4718741276888, 48.8606713828781], 
            [-79.1847205983768, 48.9999853610357], 
            [-78.9080621573426, 49.0337908767477], 
            [-78.7633702333495, 49.0308411004365], 
            [-78.3490525667225, 48.9601723740559], 
            [-78.0804520512211, 48.9656492453165], 
            [-77.6917560696868, 49.1233183864344], 
            [-77.5168828978274, 49.192287394148], 
            [-77.1995571138697, 49.2542416899021], 
            [-76.8750097738819, 49.2068114451921], 
            [-76.6435062927811, 49.1129132303614], 
            [-76.4141881642523, 48.9151343259884], 
            [-76.2927257287093, 48.6647810548019], 
            [-76.2522742230769, 48.3750015051154], 
            [-76.2858009489545, 48.0798889756958], 
            [-76.3319361699183, 47.8998626885124], 
            [-76.4028297268104, 47.7622394358014], 
            [-76.5503545152486, 47.6205062813399], 
            [-76.7404172364662, 47.545538795579], 
            [-77.0218061114628, 47.4906082050047], 
            [-77.6709187778793, 47.5038552187434], 
            [-77.8709819602492, 47.4782784997531], 
            [-78.0205931758343, 47.3647570778769], 
            [-78.0993378141887, 47.2024384417808], 
            [-78.1420646045977, 46.6784214719734], 
            [-78.1292492654412, 46.0506677041513], 
            [-78.0147475825348, 45.7860331988731], 
            [-77.915381489664, 45.6394437053628], 
            [-77.7642234401596, 45.4942121881421], 
            [-77.5798264478323, 45.4047476309984], 
            [-77.3064954983685, 45.4103234276841], 
            [-77.1238341975901, 45.5577762703587], 
            [-76.8250434410019, 46.1297810645446], 
            [-76.6172820619175, 46.4978645847829], 
            [-76.5446168405946, 46.6476376783362], 
            [-76.3619555398162, 47.2105323401954], 
            [-76.2798744166709, 47.4002443258151], 
            [-76.1246874044001, 47.5493429278339], 
            [-75.8585240516436, 47.6543297834928], 
            [-75.4243673406802, 47.6822537330235], 
            [-75.1834839306388, 47.6329169255757], 
            [-74.9455952630109, 47.5428857955431], 
            [-74.5267450132717, 47.2840878903439], 
            [-74.2421545517911, 47.1460239698304], 
            [-73.9083172150674, 47.1200515491398], 
            [-73.6015854448124, 47.257369032355], 
            [-73.4005689810735, 47.4098940513695], 
            [-73.2438711077654, 47.5729861044252], 
            [-73.1989229919025, 47.6656342616119], 
            [-73.2022055173707, 47.8263790841275], 
            [-73.4266223407483, 48.1773844787108], 
            [-73.5482106813778, 48.3731938678028], 
            [-73.6613543879945, 48.677704312604], 
            [-73.6962480833823, 48.9695163301146], 
            [-73.6498880319071, 49.1504149596827], 
            [-73.5990223769811, 49.2491515271213], 
            [-73.4177370389331, 49.4233232277848], 
            [-73.1514657675311, 49.5525108397036], 
            [-72.9447925681225, 49.6028908607247], 
            [-72.5666006680863, 49.5951746775694], 
            [-72.3560423974386, 49.5412153548049], 
            [-71.9627239005875, 49.3613869184716], 
            [-71.7372818500772, 49.2882270700234], 
            [-71.0684740308518, 49.2537740424382], 
            [-70.7663467894727, 49.1663329598983], 
            [-70.5246989556922, 49.0197974257107], 
            [-70.3160922138845, 48.8026741041267], 
            [-70.2204762939458, 48.6568400411351], 
            [-70.1299325503468, 48.470203736913], 
            [-69.9522085276014, 47.9225076176325], 
            [-69.897062099736, 47.8627566608913], 
            [-69.7466504875299, 47.9863145168016], 
            [-69.7542137859374, 47.9263567159898], 
            [-69.7691605183432, 47.896283386769], 
            [-69.7319105991947, 47.9040535292471], 
            [-69.6968460326182, 47.9706213470976], 
            [-69.6346489199117, 47.942679411126], 
            [-69.6504320218203, 47.9075428987858], 
            [-69.6311775368138, 47.8646812100699], 
            [-69.7008570089437, 47.8279798773695], 
            [-69.7241494499371, 47.783760212364], 
            [-69.6449461573392, 47.7945790565783], 
            [-69.4891206264157, 48.0358941412018], 
            [-69.311450562993, 48.1506206546196], 
            [-69.1723164492446, 48.1771866278607], 
            [-69.0831576615968, 48.2455620830238], 
            [-69.000249162169, 48.2990987244267], 
            [-68.8774917028797, 48.3570330506349], 
            [-68.9256144255652, 48.3797409322983], 
            [-68.9472611072143, 48.4215594074408], 
            [-68.8097727528102, 48.4472530382972], 
            [-68.7680352166519, 48.4022149902297], 
            [-68.6936882631028, 48.4051557733204], 
            [-68.6222101468807, 48.4822996184327], 
            [-68.5090574470435, 48.5181286087484], 
            [-68.3464150550107, 48.4840982625249], 
            [-68.0555743053099, 48.3504320268167], 
            [-67.7089396158705, 48.0846104164377], 
            [-67.2493950435464, 47.5886433012474], 
            [-67.079207339547, 47.4638084080317], 
            [-66.8951071234949, 47.4353448652734], 
            [-66.8003095866181, 47.485500055783], 
            [-66.7096938972555, 47.5833013282938], 
            [-66.473882663554, 47.9844169472844], 
            [-66.286329050845, 48.2289965709351], 
            [-66.0970037737051, 48.3678608880696], 
            [-65.9538946565131, 48.4353999737299], 
            [-65.758570901326, 48.4726858657602], 
            [-65.6447347167338, 48.4681802623093], 
            [-65.416666645849, 48.4204622345446], 
            [-65.1744612323999, 48.2922998497584], 
            [-64.9645414804049, 48.1079927896356], 
            [-65.1819705714846, 48.0053801441784], 
            [-65.3829330759007, 47.9733732725586], 
            [-65.4416677987298, 47.9757025166579], 
            [-65.5263389693679, 48.0204977477729], 
            [-65.5858381159362, 48.0485835752719], 
            [-65.8422797973747, 48.1096655286413], 
            [-65.886436509837, 48.1330299153984], 
            [-65.9458547174212, 48.1546765970474], 
            [-66.0439707526481, 48.087155497828], 
            [-66.0950072787629, 48.0630716534341], 
            [-66.2248783754366, 48.0682247687582], 
            [-66.2690350878989, 48.0187530630035], 
            [-66.1794446256689, 48.0222963918651], 
            [-66.1089197908156, 48.0195084935223], 
            [-66.0565162951908, 47.9629501300445], 
            [-65.8189154106176, 47.9304756109607], 
            [-65.7044407073727, 47.8603824506896], 
            [-65.6562640253644, 47.7082261537141], 
            [-65.5422569695834, 47.6829102381171], 
            [-65.392582801455, 47.7621045374945], 
            [-65.2315052297824, 47.8381332232697], 
            [-65.0160366607632, 47.8639167863307], 
            [-64.8293014311161, 47.839563145323], 
            [-64.7595679996634, 47.8423330572249], 
            [-64.6293281809507, 47.7017690214233], 
            [-64.7228486805221, 47.6576302954019], 
            [-64.8104336545894, 47.5631025551389], 
            [-64.8929644387578, 47.3024070804225], 
            [-64.9195304119988, 47.2778016292419], 
            [-64.9411770936479, 47.2544372424848], 
            [-64.9737055720544, 47.2242919675004], 
            [-65.0086981928673, 47.1285051763729], 
            [-64.7603324234025, 47.094564762354], 
            [-64.7649729251603, 46.9775000116163], 
            [-64.8498869127508, 46.8988183258052], 
            [-64.8736559944285, 46.8582768879681], 
            [-64.8035628341574, 46.7564196730296], 
            [-64.716112758397, 46.7151497843352], 
            [-64.6702473340472, 46.6908770823116], 
            [-64.6719830255961, 46.6471970105337], 
            [-64.67108370355, 46.6246959729408], 
            [-64.6730442256105, 46.57529621295], 
            [-64.5810795531788, 46.4900854490843], 
            [-64.5586864342315, 46.4193717566014], 
            [-64.5135584539594, 46.3775532814589], 
            [-64.4893756841404, 46.3514549556817], 
            [-64.4919297587513, 46.2870994700646], 
            [-64.4909494977211, 46.2623861002384], 
            [-64.4239679917294, 46.2650391002743], 
            [-64.2421790333357, 46.2578355306853], 
            [-64.1318142318412, 46.2191556894836], 
            [-63.9509066090527, 46.1975090078345], 
            [-63.7683712133608, 46.1737039532749], 
            [-63.7267056229661, 46.0827195418734], 
            [-63.9317780291327, 46.0177884901468], 
            [-63.8404608685741, 45.9746929776988], 
            [-63.8167277597783, 45.9490802858266], 
            [-63.7627234709114, 45.899042007183], 
            [-63.613750773979, 45.9049415598053], 
            [-63.5687307123524, 45.903160902154], 
            [-63.4843113518873, 45.9065063801654], 
            [-63.3847474081663, 45.8804170476087], 
            [-63.3424792720007, 45.8347944402113], 
            [-63.2339131145985, 45.839102192812], 
            [-63.1865008563294, 45.8140111077265], 
            [-63.0365209187054, 45.8199556264511], 
            [-62.736183328198, 45.7915100701337], 
            [-62.6942929072917, 45.793173815919], 
            [-62.6347308081802, 45.7807182055808], 
            [-62.6016087772232, 45.7238180997256], 
            [-62.5373702034721, 45.6943293298348], 
            [-62.3323427634077, 45.706551116441], 
            [-62.1739901375348, 45.7925982498095], 
            [-62.0904071465725, 45.8309633282951], 
            [-61.9778120264039, 45.9096090412244], 
            [-61.8774746657232, 45.903628549618], 
            [-61.8814766488282, 45.8365750978626], 
            [-61.8480578415961, 45.711821143631], 
            [-61.6716648154788, 45.6575650445912], 
            [-61.5888282618147, 45.7025761129973], 
            [-61.5085997420844, 45.7273524353667], 
            [-61.5438801459519, 45.8590851286758], 
            [-61.5425131764419, 45.8819908611894], 
            [-61.5446805425729, 45.9182785057485], 
            [-61.611338292628, 45.948873441756], 
            [-61.6550813169492, 45.9833714354435], 
            [-61.523582447372, 46.1008678607632], 
            [-61.4668082466033, 46.1901345670567], 
            [-61.3350036075304, 46.2668737172484], 
            [-61.2938056645997, 46.3129729653302], 
            [-61.2970342307451, 46.3670671864016], 
            [-61.2071559854603, 46.4083280818755], 
            [-61.090001302518, 46.5394402429729], 
            [-61.0937334890093, 46.6021859421276], 
            [-61.0908286788004, 46.6509921495681], 
            [-61.0024073352303, 46.6915785535075], 
            [-60.9304166054419, 46.7306990625118], 
            [-60.5481597697575, 46.8487350810592], 
            [-60.2622203252078, 46.8941328579451], 
            [-60.3097674817838, 46.6265485763558], 
            [-60.4120024119817, 46.4801929065775], 
            [-60.4291344969594, 46.3883811188936], 
            [-60.3532766823729, 46.4195516210106], 
            [-60.3391123601472, 46.3658710880803], 
            [-60.2826259424332, 46.3548453997955], 
            [-60.1819918054774, 46.2866318226006], 
            [-60.0858183058701, 46.2885923446611], 
            [-59.9481590802773, 46.2439230186325], 
            [-59.9004680321739, 46.2193535403337], 
            [-59.7662711964585, 46.193165282352], 
            [-59.7649761727121, 46.1293493899624], 
            [-59.8322184820972, 46.0301451750599], 
            [-59.6530015847553, 46.0668555009807], 
            [-59.6515626694816, 45.9961418084977], 
            [-59.6749540359, 45.97178816749], 
            [-59.7429247961423, 45.9497367909203], 
            [-59.7649851659326, 45.9267770990839], 
            [-59.8800983878303, 45.9043030411525], 
            [-59.9675394703702, 45.859264993085], 
            [-60.0355102306126, 45.8372046232948], 
            [-60.0346109085665, 45.7928050938801], 
            [-60.103247167123, 45.7462741712161], 
            [-60.1701027680282, 45.7476411407262], 
            [-60.2332531621037, 45.6819096923785], 
            [-60.3726480792454, 45.6342006578342], 
            [-60.5963184653248, 45.5796747621806], 
            [-60.6923570666253, 45.5301940632056], 
            [-60.8647031435352, 45.5891895894281], 
            [-60.8685702283333, 45.5157059850433], 
            [-60.8673201706893, 45.4546240316738], 
            [-61.0422562950919, 45.4510537231509], 
            [-61.1356508895768, 45.4991674526159], 
            [-61.1833149580189, 45.4771070828257], 
            [-61.2503863962152, 45.4316463533966], 
            [-61.3429266347563, 45.386743203636], 
            [-60.8907385167691, 45.3621557388963], 
            [-60.9234918256872, 45.2647951341881], 
            [-60.9710659619245, 45.2152874555517], 
            [-61.1011708823303, 45.1819405940832], 
            [-61.2716103965025, 45.1854209704015], 
            [-61.31996694292, 45.1605097497252], 
            [-61.4984014300819, 45.1170095423566], 
            [-61.5217658168389, 45.0926918742307], 
            [-61.6109246044869, 45.0945174979842], 
            [-61.6329849742771, 45.0715488129275], 
            [-61.7684768337388, 45.0494884431373], 
            [-61.8130382411219, 45.0265377445214], 
            [-61.858498970551, 45.0044773747311], 
            [-61.9255614155268, 44.959016645302], 
            [-61.9710311381764, 44.9369652687323], 
            [-62.0151428845364, 44.8910458850596], 
            [-62.1170900316795, 44.857968820205], 
            [-62.1277110250437, 44.8698488644336], 
            [-62.496010382573, 44.9776595913171], 
            [-62.7628032607618, 45.1001112811108], 
            [-62.9629653685569, 45.2274193099533], 
            [-63.2183548432014, 45.4253331126331], 
            [-63.4617203820899, 45.5324513615412], 
            [-63.7256444229517, 45.5675429077791], 
            [-63.9519678090671, 45.5887759012869], 
            [-64.245758335079, 45.6334722069769], 
            [-64.6033827399215, 45.5662748636941], 
            [-64.7052939141827, 45.5556538703299], 
            [-64.6698786120083, 45.6069511998381], 
            [-64.5968806415283, 45.6342636103774], 
            [-64.5163553455227, 45.6898596992658], 
            [-64.5866373634235, 45.705615821513], 
            [-64.6510917744658, 45.6814960042373], 
            [-64.6694739170875, 45.654867078453], 
            [-64.7360417349381, 45.6089117218986], 
            [-64.7728060201816, 45.5556538703299], 
            [-64.85592136368, 45.610053860897], 
            [-64.9622572024079, 45.5425417548981], 
            [-64.9978703554325, 45.5331438395166], 
            [-65.1971511276224, 45.5508694770448], 
            [-65.3694432452095, 45.7467328254596], 
            [-65.5677887224715, 46.0030396085912], 
            [-65.7244776025593, 46.0837627554469], 
            [-65.8151472512446, 46.0856063656414], 
            [-65.9172832560174, 46.0524663482434], 
            [-66.3367540379684, 45.656701695427], 
            [-66.5840316277573, 45.4460624857952], 
            [-66.5881685091693, 45.2431484525391], 
            [-66.5732937225272, 45.0830241622354], 
            [-66.5862439599907, 45.0679964908455], 
            [-66.8532436822501, 44.9876060931468], 
            [-66.8564272822932, 44.9479909570171], 
            [-66.8523713398654, 44.8974850309095], 
            [-66.9154497881771, 44.7967879414105], 
            [-66.9888254739164, 44.7558508018731], 
            [-67.0355092813282, 44.735022503286], 
            [-67.201119436113, 44.5931994166199], 
            [-67.4580557446768, 44.5158397342164], 
            [-67.5169703319152, 44.4474642790533], 
            [-67.6119207535399, 44.4125885701065], 
            [-67.7961288882375, 44.4459893908977], 
            [-67.8232254614858, 44.3974260004097], 
            [-67.8456725397559, 44.3471179251522], 
            [-67.9762810805074, 44.3576130134299], 
            [-68.0227490506281, 44.3036806703267], 
            [-68.1584297677196, 44.3145804535252], 
            [-68.1617842389514, 44.2728069444849], 
            [-68.1587805033175, 44.2354041405887], 
            [-68.2059499446342, 44.1947637773265], 
            [-68.2026404395046, 44.1535568411754], 
            [-68.2266613313553, 44.125677857747], 
            [-68.2837592880607, 44.1152637084535], 
            [-68.3201548512653, 44.0714487383686], 
            [-68.4404481681484, 44.0837154910772], 
            [-68.521324199752, 44.0599823822812], 
            [-68.518221538693, 44.0295763039034], 
            [-68.6222101468807, 43.9700142047918], 
            [-68.6786605917129, 43.9904378084582], 
            [-68.7376651111559, 44.1479810444897], 
            [-68.748187179095, 44.1227280814359], 
            [-68.7428362129208, 44.0702526400474], 
            [-68.7462806163573, 44.0364920904377], 
            [-68.7396616060982, 43.971579025152], 
            [-68.940327334239, 44.0160774799918], 
            [-69.0072908537898, 44.1704910753029], 
            [-69.0397024203304, 44.126262417077], 
            [-68.9937380705554, 44.0880861962211], 
            [-69.0228041590846, 43.9491319468819], 
            [-69.0827259870146, 43.9430255501891], 
            [-69.152882099829, 43.9501751604554], 
            [-69.1942149410666, 43.900415671646], 
            [-69.2413124366196, 43.8799920679796], 
            [-69.277995782879, 43.8358263622969], 
            [-69.3614978348571, 43.827318775741], 
            [-69.4433721139318, 43.8580845829372], 
            [-69.4642903447236, 43.8328945724266], 
            [-69.5338888778693, 43.7899699311675], 
            [-69.5582155392157, 43.7338792151538], 
            [-69.7119456497718, 43.7495543984168], 
            [-69.7404091925301, 43.6839128822738], 
            [-69.8366816175625, 43.6741012787511], 
            [-70.0373113728215, 43.6945518620789], 
            [-70.0894180921712, 43.6318241493651], 
            [-70.1664899915198, 43.6092061999063], 
            [-70.1599249405835, 43.544769775305], 
            [-70.2069864632546, 43.5178081003636], 
            [-70.299589654339, 43.4776533710063], 
            [-70.2964600136187, 43.4469415231329], 
            [-70.3441060956197, 43.4073623598851], 
            [-70.4096756659991, 43.328428863901], 
            [-70.5426224440705, 43.2894162735423], 
            [-70.5467683187029, 43.2487759102801], 
            [-70.5407698406556, 43.1899782349077], 
            [-70.6426720216964, 43.0571843415842], 
            [-70.6884834867235, 43.0191250325943], 
            [-70.7871840812803, 42.8819784205677], 
            [-70.7343668975142, 42.7020150859275], 
            [-70.601285221136, 42.7155768623824], 
            [-70.5475057627806, 42.6709075363538], 
            [-70.5428382813615, 42.6251140577676], 
            [-70.6346051029431, 42.572557677395], 
            [-70.7699260912161, 42.5138679206681], 
            [-70.8146493765674, 42.4600255097695], 
            [-70.8617468721204, 42.4396019061032], 
            [-70.8719541773434, 42.4273081737333], 
            [-71.5660239528431, 42.40538270225], 
            [-71.8459289464636, 42.3145511755963], 
            [-72.0977660990262, 42.1923692824165], 
            [-72.1429750182824, 42.0602948467299], 
            [-72.1871856900675, 41.8338185758666], 
            [-72.3200695155956, 41.609968325378], 
            [-72.4751935753232, 41.4485220316665], 
            [-72.5938950921847, 41.4705734082363], 
            [-72.8171158172411, 41.5550467280241], 
            [-73.039877888054, 41.4040505564881], 
            [-73.0889898649902, 41.4030523090169], 
            [-73.2610391656249, 41.4382877467822], 
            [-73.3568529364138, 41.2921389210744], 
            [-73.4901684365241, 41.2234576964157], 
            [-73.5941300650504, 41.2882628430559], 
            [-73.7091803344048, 41.4434498553267], 
            [-73.9177870762126, 41.3359898640411], 
            [-74.1982046833994, 41.3659372881754], 
            [-74.3241637291727, 41.4869590559158], 
            [-74.3493717261242, 41.5605955450484], 
            [-74.4032501099046, 41.8060475110839], 
            [-74.5408913490564, 41.8088623890881], 
            [-74.5739864003521, 41.7406488118932], 
            [-74.5969370989679, 41.718588442103], 
            [-74.7168077344893, 41.5166726563181], 
            [-74.8173069731382, 41.3633742203441], 
            [-74.8991992386539, 41.2781454700375], 
            [-75.1400286893725, 41.0467589008027], 
            [-75.2701695826601, 40.8275311656309], 
            [-75.4971854467509, 40.7958390567272], 
            [-75.6810428458506, 40.7644796969805], 
            [-75.7902115490237, 40.8174497654944], 
            [-75.9622068903357, 40.9060509734737], 
            [-76.0373272608443, 40.9304315941428], 
            [-76.1686102931305, 40.9753617235648], 
            [-76.2171556971777, 40.9763509778154], 
            [-76.2621667655837, 40.9754336693285], 
            [-76.3219896680886, 40.9766567473111], 
            [-76.556685742453, 40.9384535467938], 
            [-76.7932254270118, 40.8451578777339], 
            [-77.1619834387846, 40.6474599123451], 
            [-77.1635752388062, 40.5695156706118], 
            [-77.050188715237, 40.3494065998348], 
            [-77.0460608270455, 40.1473739021839], 
            [-77.1365955774239, 40.0531429381961], 
            [-77.2526620806904, 40.0977043455792], 
            [-77.504031585789, 40.2102365132046], 
            [-77.626177506087, 40.1679503905981], 
            [-77.6722587677279, 40.0333038938597], 
            [-77.5600773357004, 39.8443203590974], 
            [-77.2976731490965, 39.5317340023224], 
            [-77.3323420139727, 39.4308210755323], 
            [-77.4819352431169, 39.3172996536562], 
            [-77.7650058503397, 39.2204156896324], 
            [-77.8378149631899, 39.3099881654216], 
            [-78.0138122876069, 39.5319768192748], 
            [-78.1659146252597, 39.6473868174477], 
            [-78.2397669516834, 39.6488976784851], 
            [-78.3752228382633, 39.5831752233579], 
            [-78.5108585892525, 39.3198897011489], 
            [-78.5484772304398, 39.0993489557898], 
            [-78.4302523542627, 38.9763037134457], 
            [-78.0394969252429, 38.7668156360328], 
            [-77.9509137037044, 38.5948562676027], 
            [-77.947235476536, 38.4149378990649], 
            [-78.0208449860073, 38.3026755280533], 
            [-78.1843597204247, 38.2607671207061], 
            [-78.5749892443581, 38.3152930163597], 
            [-78.6390119808182, 38.3768066443113], 
            [-78.681909642416, 38.6403259902523], 
            [-78.7808170810434, 38.7911872634815], 
            [-78.8704525093758, 38.837358457327], 
            [-79.0529609254063, 38.8081214976091], 
            [-79.243239483915, 38.6731422517136], 
            [-79.3620219397607, 38.5166062563737], 
            [-79.434696154304, 38.3042763212953], 
            [-79.4391028323298, 38.0882141997256], 
            [-79.4126267912933, 37.979621062662], 
            [-79.3563022515476, 37.8702724950797], 
            [-79.3232161934725, 37.8020858975462], 
            [-79.1642340421673, 37.5260389955033], 
            [-79.0757677324948, 37.2675648462408], 
            [-79.0747964646851, 37.2200086964443], 
            [-79.1038445667732, 37.1304991731984], 
            [-79.205998557987, 36.9746916287158], 
            [-79.3738210450052, 36.8000163077065], 
            [-79.5757098511287, 36.6775915975742], 
            [-79.8495803938201, 36.6719978144476], 
            [-80.600999936198, 36.8343254437643], 
            [-80.7687774571139, 36.8115636027781], 
            [-80.8955998520515, 36.644424600515], 
            [-80.921158584601, 36.519643666622], 
            [-80.920690937137, 36.4969537713995], 
            [-80.9225705202133, 36.4052319159202], 
            [-80.7929961998147, 36.0565287857749], 
            [-80.65588556067, 35.9138243635036], 
            [-80.5191166639029, 35.8670056577849], 
            [-80.4030591538568, 35.8890660275752], 
            [-80.1983105036268, 35.9483223571911], 
            [-79.7820862742621, 35.8569512373098], 
            [-79.7145022224995, 35.7572523952819], 
            [-79.5783178850623, 35.3801846478033], 
            [-79.5259863352011, 35.325721704693], 
            [-79.5030446298058, 35.3496076982368], 
            [-79.3782636959128, 35.219736601563], 
            [-79.2367193990809, 35.1468195700672], 
            [-79.0832860648, 35.1828194315716], 
            [-78.6605867167036, 35.7045161505], 
            [-78.4548578054433, 35.7856619787174], 
            [-78.3953136927726, 35.8734987629576], 
            [-78.291540921876, 36.0874025116167], 
            [-78.2226708395875, 36.1590874719094], 
            [-78.1134032109894, 36.1613177905837], 
            [-77.9163617506942, 36.104291779642], 
            [-77.651826170841, 36.1808510654244], 
            [-77.3422345564795, 36.2041524996382], 
            [-77.0783374952791, 36.2491635680443], 
            [-76.8902712690038, 36.1785667874274], 
            [-76.6404935639268, 35.9385826994321], 
            [-76.3978744623365, 35.6860620621146], 
            [-76.3634394211923, 35.6529760040394], 
            [-76.4201326829769, 35.5521260297925], 
            [-76.5768215630646, 35.258695232599], 
            [-76.8029920644321, 34.859270339055], 
            [-76.8967463877356, 34.660592112636], 
            [-77.1681348015798, 34.595948843964], 
            [-77.5640613323645, 34.3821080478482], 
            [-77.8014104067648, 34.1621968279214], 
            [-77.9514892698139, 33.8055796637706], 
            [-78.0990860040158, 33.8836767902517], 
            [-78.1864371543512, 33.8871391801292], 
            [-78.2201977039608, 33.885808183501], 
            [-78.2559817281742, 33.8872201191133], 
            [-78.4686174327483, 33.8533516508581], 
            [-78.5348525014417, 33.8183050707225], 
            [-78.6952915544616, 33.7876741618332], 
            [-78.8795446552616, 33.6525330379694], 
            [-78.9431537035805, 33.5935914710696], 
            [-79.1155267601518, 33.3896162377992], 
            [-79.146877126678, 33.2397622052616], 
            [-79.1159674279544, 33.1813602315895], 
            [-79.2825218708876, 33.0738013148788], 
            [-79.3660149296452, 32.9836982390826], 
            [-79.452691588446, 32.9871336492986], 
            [-79.5259773419807, 32.9639311405098], 
            [-79.5620581424693, 32.8874797733729], 
            [-79.6385095096061, 32.8513989728844], 
            [-79.7276772904745, 32.7830235177212], 
            [-79.8410638140437, 32.7163657676661], 
            [-79.8627104956927, 32.6704913500958], 
            [-79.9310859508559, 32.6263346376335], 
            [-79.9977886670133, 32.5804332404018], 
            [-80.0378444709455, 32.5820250404233], 
            [-80.1111302244802, 32.5588225316346], 
            [-80.1552869369425, 32.5354581448776], 
            [-80.2236623921057, 32.5138114632285], 
            [-80.306660823738, 32.4698885744982], 
            [-80.4043451843827, 32.4389608893337], 
            [-80.4012784962056, 32.3614303357415], 
            [-80.4282401711469, 32.3042964061543], 
            [-80.6215584381713, 32.2290141576773], 
            [-80.7070479918713, 32.1367527089704], 
            [-80.8313612783003, 32.0636648062859], 
            [-80.8277909697774, 31.9736336762533], 
            [-80.8880275604235, 31.9178217500738], 
            [-80.9204930862869, 31.8827751699382], 
            [-80.9886437109384, 31.8196427623037], 
            [-81.1022820446806, 31.6799960349891], 
            [-81.099889848038, 31.6194536748473], 
            [-81.1640384895846, 31.4835121543625], 
            [-81.2338888329032, 31.382005675022], 
            [-81.2580895891631, 31.2301011882193], 
            [-81.3695875364356, 31.0930894744997], 
            [-81.3931227943814, 30.8475026101574], 
            [-81.4327739033928, 30.772562104058], 
            [-81.3697224347425, 30.7141511371654], 
            [-81.4156328251947, 30.6273935393804], 
            [-81.3869174722635, 30.4715770016773], 
            [-81.3480757530935, 30.3981743362767], 
            [-81.3535256446927, 30.2608568530614], 
            [-81.2814539759202, 29.9922653307805], 
            [-81.2380347075357, 29.868410698595], 
            [-81.1974303171554, 29.6979352115409], 
            [-80.9611064698876, 29.1971837030656], 
            [-80.7188021310135, 28.821950572561], 
            [-80.5177227147315, 28.5440960332054], 
            [-80.5136307994218, 28.4409707741819], 
            [-80.582905576631, 28.3767861597535], 
            [-80.5550895457459, 28.1390503768735], 
            [-80.4945921517064, 28.0108789988668], 
            [-80.3698831635771, 27.7751846770313], 
            [-80.238015571961, 27.4173264484569], 
            [-80.1678324794853, 27.2686055616974], 
            [-80.1327858993497, 27.2023704930039], 
            [-80.1111302244802, 27.1339950378408], 
            [-80.0223581453121, 26.9178609705075], 
            [-80.0097406570056, 26.5995279458581], 
            [-80.071290257839, 26.127473803873], 
            [-80.1245571026281, 25.6269471259092], 
            [-80.1786513236996, 25.6485938075583], 
            [-80.2234915209169, 25.6723179231337], 
            [-80.2453090737547, 25.6260927699654], 
            [-80.2901132980901, 25.5414215993274], 
            [-80.2937105862745, 25.4505540997919], 
            [-80.2546440365929, 25.4083848890515], 
            [-80.2228080361619, 25.4685495339339], 
            [-80.1871768966964, 25.5810727083389], 
            [-80.1336402552935, 25.544731104457], 
            [-80.1736870660052, 25.403789353396], 
            [-80.3768349229932, 25.0891975084583], 
            [-80.4037156589504, 25.0642952810025], 
            [-80.4253623405994, 25.0409308942454], 
            [-80.4487267273565, 25.0192842125964], 
            [-80.4988549382048, 24.9651720050841], 
            [-80.6504266758503, 24.8608776274007], 
            [-80.6962921002002, 24.8392309457516], 
            [-80.7813589725385, 24.7942198773455], 
            [-80.8407322140204, 24.8466773322932], 
            [-80.7629498502553, 24.883387658214], 
            [-80.7521310060411, 24.8950698515924]
          ], 
          [
            [-111.562958263913, 56.8987218984969], 
            [-111.502469863094, 56.9812706691061], 
            [-111.508387402157, 57.0548172260342], 
            [-111.667072777187, 57.0420648394209], 
            [-111.708405618424, 56.9135517190367], 
            [-111.562958263913, 56.8987218984969]
          ], 
          [
            [-113.138381631007, 53.5453118666494], 
            [-113.146079827722, 53.5715001246311], 
            [-113.165999811042, 53.5534327447255], 
            [-113.138381631007, 53.5453118666494]
          ], 
          [
            [-113.52098920229, 53.320256524619], 
            [-113.463270713373, 53.3975712409201], 
            [-113.421155461955, 53.5153464560741], 
            [-113.444564814814, 53.673735054829], 
            [-113.497364012139, 53.6659379326895], 
            [-113.565559602893, 53.5775885348831], 
            [-113.627828661364, 53.425441231128], 
            [-113.614635606948, 53.3361655316141], 
            [-113.52098920229, 53.320256524619]
          ], 
          [
            [-118.224758265981, 50.9120969157402], 
            [-118.213930428546, 50.9237791091187], 
            [-118.148324885285, 50.9845642862129], 
            [-118.110769196641, 51.0641452940702], 
            [-118.124205068009, 51.4030098410314], 
            [-118.174072475464, 51.5452825887206], 
            [-118.321192568982, 51.6816018244647], 
            [-118.521471588643, 51.745004028713], 
            [-118.830478643674, 51.7327552624455], 
            [-119.051972670402, 51.6747220108122], 
            [-119.158326495571, 51.5923531046122], 
            [-119.111417857648, 51.4584980112743], 
            [-118.76910890725, 51.2115891435242], 
            [-118.382823108799, 50.9621441876043], 
            [-118.224758265981, 50.9120969157402]
          ], 
          [
            [-125.121254342414, 50.1085166946898], 
            [-125.141884790151, 50.0503125718678], 
            [-125.11161361008, 50.0343675919909], 
            [-125.121254342414, 50.1085166946898]
          ], 
          [
            [-124.278463680155, 49.7290837302301], 
            [-124.311819534844, 49.6752233328906], 
            [-124.233884286331, 49.6517600207085], 
            [-124.278463680155, 49.7290837302301]
          ], 
          [
            [-124.112206013497, 49.6178735660124], 
            [-124.233884286331, 49.6517600207085], 
            [-124.213820411483, 49.6257786067973], 
            [-124.098842087892, 49.539227853083], 
            [-124.112206013497, 49.6178735660124]
          ], 
          [
            [-122.815995162047, 49.1791303126139], 
            [-122.85900074229, 49.2414083643047], 
            [-122.926108153369, 49.2783525139574], 
            [-122.960228431797, 49.1896703669939], 
            [-122.815995162047, 49.1791303126139]
          ], 
          [
            [-124.098842087892, 49.539227853083], 
            [-124.079003043556, 49.4876067676383], 
            [-124.111342664332, 49.4617062927113], 
            [-124.161641746369, 49.3988976410134], 
            [-124.382740071397, 49.4467325806442], 
            [-124.446448045141, 49.497751120318], 
            [-124.426429136395, 49.5292183987102], 
            [-124.394692061389, 49.5546332397323], 
            [-124.536856890433, 49.6584779563926], 
            [-124.669758702402, 49.7144787402018], 
            [-124.694013417985, 49.7992938023672], 
            [-124.744303506801, 49.8395654435905], 
            [-124.696918228194, 49.9201716785802], 
            [-124.836924684327, 49.9027608037681], 
            [-124.925184149928, 49.9366832313461], 
            [-125.038345842986, 49.9225998481046], 
            [-125.027446059788, 50.0102927408174], 
            [-125.11161361008, 50.0343675919909], 
            [-125.121623064453, 49.9993569847371], 
            [-125.149412115677, 49.9520976112159], 
            [-124.991347272858, 49.8255270264512], 
            [-124.82410934517, 49.7239486013469], 
            [-124.832832769017, 49.6538374546349], 
            [-124.72845745235, 49.5702634568931], 
            [-124.663409488757, 49.5783483620873], 
            [-124.560239263631, 49.5488865718579], 
            [-124.516451273208, 49.512661879842], 
            [-124.637580959594, 49.4616163605067], 
            [-124.578405568962, 49.4142220886785], 
            [-124.269281602064, 49.3604336371027], 
            [-124.135660332458, 49.3770531085143], 
            [-124.121352118705, 49.3591835794587], 
            [-124.159456393797, 49.3297667553316], 
            [-124.212273577564, 49.2613463340662], 
            [-124.195267397672, 49.1462870714913], 
            [-124.091008992871, 49.0793055654995], 
            [-123.966479869151, 49.1282556644674], 
            [-123.918797814268, 49.2466514118333], 
            [-123.908068902258, 49.2595566831944], 
            [-123.7285372422, 49.1893466110573], 
            [-123.644333719026, 49.1646332412312], 
            [-123.616005074575, 49.0993244742452], 
            [-123.591417609835, 49.0789008705788], 
            [-123.565355256939, 49.0475235243912], 
            [-123.464613201338, 48.9750201810366], 
            [-123.321342206178, 48.9213576345473], 
            [-123.090000603045, 48.8150667619216], 
            [-123.007298947688, 48.8066311211294], 
            [-122.950596692683, 48.8124137618857], 
            [-122.738266757605, 48.7480942491504], 
            [-122.758690361271, 48.8088254669218], 
            [-122.85451312528, 48.929901193985], 
            [-122.848514647233, 48.9887798083416], 
            [-122.895809993636, 49.0092933442126], 
            [-122.974401747243, 49.0543044126186], 
            [-122.987954530477, 49.0300946631383], 
            [-122.979168154087, 48.9438586721401], 
            [-123.207577967349, 48.9767828522469], 
            [-123.211004384345, 49.010336557786], 
            [-123.204619197818, 49.0729743382952], 
            [-123.343852236991, 49.1038480641369], 
            [-123.323428633325, 49.1239119389849], 
            [-123.252391184905, 49.1677269090697], 
            [-123.30147618218, 49.2085021706387], 
            [-123.298733249939, 49.2354008930368], 
            [-123.30322986017, 49.2795306258378], 
            [-123.274091825877, 49.3037313820977], 
            [-123.480971869356, 49.3243798162756], 
            [-123.664190749803, 49.4025039224182], 
            [-123.886215376538, 49.443566967042], 
            [-123.967927777645, 49.4352392448953], 
            [-124.045979938024, 49.4833799540217], 
            [-124.041330443045, 49.5289845749782], 
            [-124.098842087892, 49.539227853083]
          ], 
          [
            [-117.842150694699, 48.2338798896453], 
            [-117.831529701335, 48.245759933874], 
            [-117.740239520437, 48.2670019206022], 
            [-117.616942467921, 48.3432284572276], 
            [-117.505840222348, 48.5340556021844], 
            [-117.469462645585, 48.7289836556712], 
            [-117.47191779477, 48.7702175714838], 
            [-117.520463198818, 48.8595472303205], 
            [-117.674598004294, 48.9302879024648], 
            [-117.904977332838, 48.9646959639476], 
            [-118.02974028029, 48.896896074894], 
            [-118.201762601263, 48.7043692112701], 
            [-118.267314185201, 48.5615388839124], 
            [-118.257124866419, 48.3906497087171], 
            [-118.131741386756, 48.2786121682171], 
            [-117.842150694699, 48.2338798896453]
          ], 
          [
            [-114.083641047197, 47.783760212364], 
            [-114.073020053832, 47.7956402565927], 
            [-113.89048465814, 47.8520097624407], 
            [-113.647577773495, 48.0021785576944], 
            [-113.49815541554, 48.1693984989416], 
            [-113.427810445096, 48.3523835556567], 
            [-113.443872336839, 48.6218384271018], 
            [-113.518686937852, 48.830337250264], 
            [-113.700727706418, 49.0443309311277], 
            [-113.898767414185, 49.1352254103245], 
            [-114.134012074997, 49.1212049796262], 
            [-114.40926757364, 49.0224414325262], 
            [-114.638675634373, 48.8806183458601], 
            [-114.736638784852, 48.770981995223], 
            [-114.811624257054, 48.5759100502087], 
            [-114.790715019482, 48.2250845200347], 
            [-114.719218916819, 48.0531970973682], 
            [-114.580507484433, 47.8741960373173], 
            [-114.4081074482, 47.7950736837036], 
            [-114.083641047197, 47.783760212364]
          ], 
          [
            [-69.7503377079188, 47.7760620156496], 
            [-69.7322703280132, 47.7561330391085], 
            [-69.7241494499371, 47.783760212364], 
            [-69.7503377079188, 47.7760620156496]
          ], 
          [
            [-111.112838586631, 47.1760883058307], 
            [-111.103026983109, 47.1887957263418], 
            [-111.055120097714, 47.2084009469462], 
            [-110.974576815268, 47.2569913170957], 
            [-110.906785919435, 47.344810114895], 
            [-110.871613434213, 47.5114724764737], 
            [-110.908161882165, 47.669168597253], 
            [-110.993831300274, 47.7751806800445], 
            [-111.150385282055, 47.8610749286651], 
            [-111.337992854087, 47.8333578232051], 
            [-111.483125445883, 47.7257539403921], 
            [-111.551114192566, 47.6120706405477], 
            [-111.572760874215, 47.4189772040348], 
            [-111.480904120429, 47.2759670122679], 
            [-111.32146331488, 47.1867003059744], 
            [-111.112838586631, 47.1760883058307]
          ], 
          [
            [-69.8154666104956, 47.8605443286579], 
            [-69.8760719231806, 47.7592087205061], 
            [-69.9938111654529, 47.6719115294936], 
            [-70.1100125670263, 47.6243553796971], 
            [-70.1419564861029, 47.5713943044037], 
            [-70.17137331023, 47.4995294797018], 
            [-70.2769986845416, 47.4363610991855], 
            [-70.3438362990059, 47.3497653793688], 
            [-70.4105839812657, 47.3398998165234], 
            [-70.4938701959527, 47.3522025421137], 
            [-70.5245640573853, 47.3013278939672], 
            [-70.5441692779897, 47.2534120153523], 
            [-70.6595972626035, 47.1212746271224], 
            [-70.6693998729057, 47.0860661690186], 
            [-70.6055839805162, 47.103836772649], 
            [-70.4726282092244, 47.184038312718], 
            [-70.4798767449158, 47.2331323032133], 
            [-70.4590124734468, 47.2759220461656], 
            [-70.3271628682717, 47.2240851234298], 
            [-70.2094775853222, 47.32382893156], 
            [-70.088087095543, 47.3735164746057], 
            [-70.0973321261766, 47.4360643229103], 
            [-70.0715395698952, 47.4559663197899], 
            [-70.0519343492907, 47.5038821984048], 
            [-69.9365063646769, 47.5684984874153], 
            [-69.9089421439647, 47.6358487154459], 
            [-69.8014731594587, 47.6585206242275], 
            [-69.7818589456338, 47.7138019503998], 
            [-69.8405037362584, 47.7590648289788], 
            [-69.7789631286454, 47.8610749286651], 
            [-69.7691605183432, 47.896283386769], 
            [-69.8154666104956, 47.8605443286579]
          ], 
          [
            [-70.7144199345323, 47.0860661690186], 
            [-70.7144199345323, 47.0635651314258], 
            [-70.6693998729057, 47.0635651314258], 
            [-70.6693998729057, 47.0860661690186], 
            [-70.7144199345323, 47.0860661690186]
          ], 
          [
            [-70.7655643792926, 47.0545449313036], 
            [-70.7269295041932, 47.0343101852669], 
            [-70.7144199345323, 47.0635651314258], 
            [-70.7655643792926, 47.0545449313036]
          ], 
          [
            [-123.986309920267, 46.6359464917373], 
            [-123.964843103027, 46.6838803567931], 
            [-124.039909514213, 46.6689695972691], 
            [-123.986309920267, 46.6359464917373]
          ], 
          [
            [-60.4553227549411, 46.3806829221792], 
            [-60.4372553750355, 46.3607629388586], 
            [-60.4291344969594, 46.3883811188936], 
            [-60.4553227549411, 46.3806829221792]
          ], 
          [
            [-60.365300618129, 46.3581728913659], 
            [-60.3472332382233, 46.3382529080454], 
            [-60.3391123601472, 46.3658710880803], 
            [-60.365300618129, 46.3581728913659]
          ], 
          [
            [-117.144465644574, 46.298349988861], 
            [-117.135472424113, 46.311875792434], 
            [-117.057159460341, 46.3402943690899], 
            [-117.022949249708, 46.4605607063116], 
            [-117.064129206198, 46.5324075445726], 
            [-117.180627384046, 46.5030536729887], 
            [-117.236592194974, 46.4188861226965], 
            [-117.215907787914, 46.3367960063307], 
            [-117.144465644574, 46.298349988861]
          ], 
          [
            [-115.43400007904, 45.9382614416123], 
            [-115.412353397391, 45.9616168351489], 
            [-115.377306817256, 45.9940913542327], 
            [-115.350516013503, 46.0230135512345], 
            [-115.303274626423, 46.1231080949627], 
            [-115.311467450263, 46.3298262604736], 
            [-115.40257776675, 46.5386128666905], 
            [-115.586138389575, 46.6732503702085], 
            [-115.740704869634, 46.7221824827355], 
            [-115.950678580952, 46.7138637538093], 
            [-116.132980152912, 46.6174024711472], 
            [-116.245854062915, 46.4955803067858], 
            [-116.277555165039, 46.336274399544], 
            [-116.176012712816, 46.1036107930038], 
            [-115.74492269003, 45.9512386587372], 
            [-115.43400007904, 45.9382614416123]
          ], 
          [
            [-68.2920600305459, 44.1811120686671], 
            [-68.3363336548742, 44.1418566613559], 
            [-68.2837592880607, 44.1152637084535], 
            [-68.2920600305459, 44.1811120686671]
          ], 
          [
            [-116.401760532822, 43.5976229319528], 
            [-116.380734383385, 43.6477061766988], 
            [-116.447796828361, 43.7193461708891], 
            [-116.478472703353, 43.6173090915414], 
            [-116.401760532822, 43.5976229319528]
          ], 
          [
            [-119.530106229419, 39.2764524463234], 
            [-119.519485236055, 39.2883414837725], 
            [-119.469186154018, 39.3332895996354], 
            [-119.475625299868, 39.44131616381], 
            [-119.843573921799, 39.4671267065324], 
            [-119.920510922841, 39.3461499048943], 
            [-119.855202155855, 39.2877928973244], 
            [-119.530106229419, 39.2764524463234]
          ], 
          [
            [-98.6219568378377, 37.6560180108226], 
            [-98.6109311495529, 37.6674933601305], 
            [-98.5245512670273, 37.7504827985424], 
            [-98.2607980973543, 38.1062905728517], 
            [-98.0868961933046, 38.3039795450201], 
            [-97.7992750165287, 38.5171818224832], 
            [-97.3267352406388, 38.7464369984688], 
            [-97.1860542929712, 38.8189043689416], 
            [-97.0985322714471, 38.910005692209], 
            [-97.1030648545593, 39.1320842782669], 
            [-97.2419741377961, 39.315150273966], 
            [-97.6867608353442, 39.7086576284469], 
            [-97.8736309632982, 39.8311722707837], 
            [-98.0893693289314, 39.9011844920707], 
            [-98.4598270593713, 39.9464473706497], 
            [-98.7420702903116, 40.0187798428155], 
            [-98.9306311437123, 40.1466004852243], 
            [-98.9996720971895, 40.2184563167057], 
            [-99.0882463255074, 40.3535614676877], 
            [-99.1425204109881, 40.4654371302195], 
            [-99.201560903313, 40.7076155640071], 
            [-99.194456259149, 41.0556711822793], 
            [-99.0689558676191, 41.3457385150205], 
            [-98.8993077568475, 41.5424382329382], 
            [-98.7151805611339, 41.6789373330915], 
            [-98.5434640096562, 41.7622415342195], 
            [-98.0172077279542, 41.901690410684], 
            [-97.9287594047227, 41.9472500655382], 
            [-97.8368756712752, 42.0428929651383], 
            [-97.7956327622421, 42.2120464487847], 
            [-97.8007139318025, 42.4608438928315], 
            [-97.8227653083722, 43.6090982812607], 
            [-97.8233408744817, 43.6370402172323], 
            [-97.8695210615477, 43.8625182406244], 
            [-97.9665579103192, 44.1017558913214], 
            [-98.1430408686411, 44.311981412812], 
            [-98.3703265293458, 44.4222472888813], 
            [-98.6790997606454, 44.4975205441379], 
            [-98.9983770734431, 44.5313980056135], 
            [-99.1994834693866, 44.4625638962069], 
            [-99.5025819785754, 44.0002673984218], 
            [-99.7219266256132, 43.7575673578474], 
            [-99.9911746529878, 43.6049164337465], 
            [-100.219845269643, 43.5307133717248], 
            [-100.754510212476, 43.478426787966], 
            [-100.871628922537, 43.448407418068], 
            [-101.047635240174, 43.3577377693827], 
            [-101.26597264652, 43.1920646620546], 
            [-101.417346533316, 43.0798562503658], 
            [-101.679184147031, 42.9528270113575], 
            [-101.842051369575, 42.8999738547097], 
            [-102.279418660243, 42.8213910943236], 
            [-102.499221961524, 42.7719463682304], 
            [-102.665974255308, 42.6373448375942], 
            [-102.765295382076, 42.4326141738052], 
            [-102.800584779164, 41.8557710270114], 
            [-102.86862748517, 41.590255186128], 
            [-103.020603917737, 41.2952505753538], 
            [-103.494753480089, 40.7958390567272], 
            [-103.583471599934, 40.6761572788354], 
            [-103.659266461978, 40.4839811508095], 
            [-103.721643439093, 40.1998493435724], 
            [-103.785549263688, 39.6768665941181], 
            [-103.735654876571, 39.335447972546], 
            [-103.605675861252, 39.0831251860786], 
            [-103.466370876315, 38.9917990322996], 
            [-103.288907656963, 38.9954233001453], 
            [-103.063087891193, 39.087019250538], 
            [-102.835739277945, 39.2705439004807], 
            [-102.517397260075, 39.7560968663774], 
            [-102.270542351648, 39.9932750695889], 
            [-101.989944880052, 40.1294054477033], 
            [-101.688968770892, 40.1652254447985], 
            [-101.41645620449, 40.1094045253986], 
            [-101.101675501923, 39.9472477672707], 
            [-100.771516392368, 39.6700857058907], 
            [-100.678175757205, 39.6009008608861], 
            [-100.539374392614, 39.5558538195981], 
            [-100.403046163649, 39.558641717941], 
            [-99.972576673075, 39.6468022581178], 
            [-99.7441218937104, 39.6716235465895], 
            [-99.5878467017638, 39.6684399465463], 
            [-99.3504796409226, 39.6198225967356], 
            [-99.1630069671977, 39.5061303036707], 
            [-99.0429025079444, 39.3811245392662], 
            [-98.9110888756511, 39.1486228106942], 
            [-98.8158236913102, 38.8108644298496], 
            [-98.7903009316426, 37.8208457554273], 
            [-98.7394982292598, 37.6724306381635], 
            [-98.6219568378377, 37.6560180108226]
          ], 
          [
            [-84.6006717835759, 36.710767587854], 
            [-84.5902486410619, 36.7228544761533], 
            [-84.4400708525877, 36.7898629618063], 
            [-84.3080863491057, 36.9430624723553], 
            [-84.2751711622193, 37.1356343020815], 
            [-84.3380247800195, 37.2483013680138], 
            [-84.5105507213386, 37.3477753795302], 
            [-84.7570459009475, 37.3279633148552], 
            [-84.8601441803096, 37.2704426767882], 
            [-84.9362178321871, 37.1821472383045], 
            [-84.9817954734822, 37.0800022403112], 
            [-84.9703021377334, 36.9369920485443], 
            [-84.9127814996664, 36.8338847759617], 
            [-84.7925871082084, 36.7303368355765], 
            [-84.6006717835759, 36.710767587854]
          ], 
          [
            [-91.3299838916432, 35.4504216996019], 
            [-91.3189582033584, 35.4618970489097], 
            [-91.2695764298084, 35.4858549882172], 
            [-91.1161341023069, 35.5898705760663], 
            [-90.500368297359, 36.2307724322021], 
            [-90.3904981229899, 36.3693489662818], 
            [-90.2574344330526, 36.5935049862662], 
            [-90.1672324318312, 36.8222115758036], 
            [-90.1715042115501, 37.0319514633894], 
            [-90.2855022741106, 37.2199367506806], 
            [-90.8281442034921, 37.6398482004342], 
            [-91.0756376305721, 37.8974410140916], 
            [-91.1983231440977, 38.0845809386595], 
            [-91.2764292637994, 38.2825936667644], 
            [-91.3389321460017, 38.5389723956596], 
            [-91.3642210819373, 39.4942862323239], 
            [-91.4096458384846, 39.6269991866632], 
            [-91.5592570540697, 39.7250882422287], 
            [-91.9887552768345, 39.7717540631995], 
            [-92.2885352876733, 39.8331507792851], 
            [-92.5905905832888, 39.968372842133], 
            [-93.0797947966925, 40.3257004707003], 
            [-93.2451531413043, 40.3793540239691], 
            [-93.415970370736, 40.3443703963768], 
            [-93.512431653398, 40.2439700831529], 
            [-93.5466148843694, 40.0866786572943], 
            [-93.4428331202523, 39.50318952058], 
            [-93.4120223469537, 39.0624227925779], 
            [-93.3817062007805, 38.7658083953412], 
            [-93.2612779855905, 38.4874502356399], 
            [-92.7138876358057, 37.9150677261947], 
            [-92.6156996548152, 37.7912220872296], 
            [-92.509534687276, 37.5723810605376], 
            [-92.4604227103397, 37.3709329222167], 
            [-92.4674104426377, 37.0283901480869], 
            [-92.5778651763368, 36.7057044047345], 
            [-92.736847327642, 36.4296664959122], 
            [-92.8306016509454, 36.2642901648593], 
            [-92.897385306087, 36.0584893078354], 
            [-92.8929696348407, 35.8423822201634], 
            [-92.7466949040465, 35.7464785171699], 
            [-92.2742090874793, 35.6887420418118], 
            [-92.1010266410666, 35.6592083058188], 
            [-91.5289948672193, 35.4634079099472], 
            [-91.3299838916432, 35.4504216996019]
          ], 
          [
            [-81.179740652509, 33.6949450656624], 
            [-81.1699380422068, 33.7076524861734], 
            [-81.1277328585845, 33.7402259306822], 
            [-81.0644565594227, 33.846031169403], 
            [-81.0349048369886, 34.0281348905129], 
            [-81.0845024478297, 34.2421915239198], 
            [-81.1818450660969, 34.3734835494263], 
            [-81.3451259767824, 34.40244171931], 
            [-81.4693583242272, 34.3535995389876], 
            [-81.5238662334399, 34.2204099439638], 
            [-81.4989280331022, 34.0516521620177], 
            [-81.4226295507131, 33.8770487867721], 
            [-81.3292889155509, 33.7511616867625], 
            [-81.2708959350992, 33.7060876658132], 
            [-81.179740652509, 33.6949450656624]
          ], 
          [
            [-89.0568754744235, 33.2223243507882], 
            [-89.0460476369888, 33.2340065441668], 
            [-88.8435023257717, 33.3295954844442], 
            [-88.6941788932413, 33.4323430282083], 
            [-88.4480164627895, 33.6980117538395], 
            [-88.3393423867417, 33.928301150178], 
            [-88.3494867394214, 34.1842392112707], 
            [-88.4505885238412, 34.3311794403789], 
            [-88.6483494417732, 34.403457953222], 
            [-88.8385110884159, 34.3536355118695], 
            [-89.0349769826016, 34.2333332017659], 
            [-89.3523567258821, 33.8907994208567], 
            [-89.4593220900423, 33.6641522788047], 
            [-89.4497083373698, 33.4217130416237], 
            [-89.3001061150051, 33.2378736289649], 
            [-89.0568754744235, 33.2223243507882]
          ], 
          [
            [-93.4905691344579, 33.0422710839434], 
            [-93.4801549851644, 33.0543579722427], 
            [-93.4334711777526, 33.0751952640503], 
            [-93.3721284209898, 33.1094144679034], 
            [-93.2917380232911, 33.2027281234042], 
            [-93.2437771785739, 33.3620070509847], 
            [-93.2586879380978, 33.5475731619719], 
            [-93.3151743558118, 33.7013752182918], 
            [-93.3945035534961, 33.8435670269968], 
            [-93.5101653618419, 33.9912536934033], 
            [-93.6535083027659, 34.1147485967704], 
            [-93.7957001114709, 34.178195767121], 
            [-94.1048420648094, 34.2004989538637], 
            [-94.3346368340226, 34.1503707430155], 
            [-94.5527584030778, 34.0585139892293], 
            [-94.7294571986907, 33.9201353059997], 
            [-94.8573587800836, 33.7420065883335], 
            [-94.9016054247505, 33.5472404128149], 
            [-94.8927650890376, 33.4372083604775], 
            [-94.8429876137873, 33.3016445552521], 
            [-94.7271639274732, 33.20186477424], 
            [-94.620666210777, 33.1543356041049], 
            [-94.3394302205282, 33.0904477659517], 
            [-94.0522047454526, 33.0528650976462], 
            [-93.4905691344579, 33.0422710839434]
          ], 
          [
            [-116.109184091573, 32.9972600155374], 
            [-116.098158403288, 33.0087353648453], 
            [-115.97406095415, 33.107121196686], 
            [-115.659981722778, 33.4340247604345], 
            [-115.471124093102, 33.6623176618307], 
            [-115.397856326009, 33.8480816236681], 
            [-115.40101294639, 34.0026031376248], 
            [-115.492824734074, 34.0908176371244], 
            [-115.605329922038, 34.0885243659068], 
            [-115.704830913216, 34.0372630092805], 
            [-115.916306492351, 33.8171539385036], 
            [-116.013757029263, 33.723534513507], 
            [-116.213694306547, 33.6265336376173], 
            [-116.482762469512, 33.5936544236129], 
            [-116.551866375533, 33.5217266463677], 
            [-116.547558622932, 33.3104938841855], 
            [-116.471736781227, 33.1986362080946], 
            [-116.277735029448, 33.0122517140454], 
            [-116.109184091573, 32.9972600155374]
          ], 
          [
            [-79.5593062170083, 32.9522489471313], 
            [-79.5670044137227, 32.9784282118925], 
            [-79.5869243970432, 32.9603698252074], 
            [-79.5593062170083, 32.9522489471313]
          ], 
          [
            [-115.569042277479, 32.7271846118804], 
            [-115.560049057018, 32.7407014222329], 
            [-115.533015436313, 32.758678869934], 
            [-115.492815740854, 32.8191402910916], 
            [-115.59540140665, 32.8487010067461], 
            [-115.668048641532, 32.8081056095863], 
            [-115.623001600244, 32.7406474629101], 
            [-115.569042277479, 32.7271846118804]
          ], 
          [
            [-93.7381345073016, 32.50212926985], 
            [-93.7471547074238, 32.5532737146103], 
            [-93.7673894534605, 32.5146388395109], 
            [-93.7381345073016, 32.50212926985]
          ], 
          [
            [-89.7770705553618, 30.1389897225977], 
            [-89.792475942011, 30.1928591131576], 
            [-89.8320910781407, 30.1547188651836], 
            [-89.7770705553618, 30.1389897225977]
          ], 
          [
            [-90.0696469966116, 30.0489585925651], 
            [-90.059232847318, 30.0610544740848], 
            [-89.9900390090929, 30.0818827726719], 
            [-89.8409763799559, 30.2051798251888], 
            [-89.9955878261172, 30.2403073443086], 
            [-90.035050077499, 30.2861098161152], 
            [-90.0790898780953, 30.3240612064596], 
            [-90.1808931337111, 30.3547101017899], 
            [-90.2217943003667, 30.3514185831012], 
            [-90.3017800031446, 30.2585815682849], 
            [-90.4155892080755, 30.1605284856012], 
            [-90.367214675217, 30.0738338403595], 
            [-90.0696469966116, 30.0489585925651]
          ], 
          [
            [-95.6511543772726, 29.621348946097], 
            [-95.6413517669704, 29.6340473733877], 
            [-95.6159459191688, 29.6536615872126], 
            [-95.5855308475705, 29.6930608860511], 
            [-95.6028967562802, 29.8105752978118], 
            [-95.7700897178661, 29.7858709212061], 
            [-95.7482182057056, 29.6378335192016], 
            [-95.6511543772726, 29.621348946097]
          ], 
          [
            [-89.5069951517048, 29.5988389152838], 
            [-89.5146933484193, 29.6250271732655], 
            [-89.5346133317398, 29.6069597933599], 
            [-89.5069951517048, 29.5988389152838]
          ], 
          [
            [-80.6846099068217, 24.9400809199985], 
            [-80.6923081035361, 24.9662691779803], 
            [-80.7122280868567, 24.9482017980746], 
            [-80.6846099068217, 24.9400809199985]
          ], 
          [
            [-80.7235505514167, 24.9073006314191], 
            [-80.7430028872733, 24.9468258353441], 
            [-80.7521310060411, 24.8950698515924], 
            [-80.7235505514167, 24.9073006314191]
          ]
        ]
      }, 
      "properties" : {
        "OBJECTID" : 78, 
        "Id" : 78, 
        "gridcode" : 1, 
        "Timestamp" : 1790982000000, 
        "Unixtime" : 1790982000, 
        "Shape__Area" : 14115099997304.875, 
        "Shape__Length" : 65591870.098844841
      }
    }, 
    {
      "type" : "Feature", 
      "id" : 79, 
      "geometry" : 
      {
        "type" : "Polygon", 
        "coordinates" : 
        [
          [
            [-100.354923440964, 19.9887464834635], 
            [-102.030612222976, 19.9997092192052], 
            [-102.179683845333, 20.1828741403294], 
            [-102.308979375897, 20.4698118323503], 
            [-102.391294322775, 20.8632832139492], 
            [-102.364917207163, 21.2654510397338], 
            [-102.246629378443, 21.516092093975], 
            [-102.041125297694, 21.7378828969782], 
            [-101.811384487804, 21.8594442579462], 
            [-101.57786652532, 21.9278107198889], 
            [-101.200052340543, 21.9935961275593], 
            [-100.802066362273, 22.0454960028383], 
            [-100.644343261832, 22.0517462910586], 
            [-100.372037539501, 22.014532344792], 
            [-100.172388045272, 21.9203103740246], 
            [-99.9285458656991, 21.6943736963891], 
            [-99.8278397829795, 21.4492095134084], 
            [-99.7923165621596, 21.2109341373007], 
            [-99.8360865661421, 20.890604617709], 
            [-99.9772081816122, 20.5076373176082], 
            [-100.125686251419, 20.2438661614942], 
            [-100.354923440964, 19.9887464834635]
          ]
        ]
      }, 
      "properties" : {
        "OBJECTID" : 79, 
        "Id" : 79, 
        "gridcode" : 1, 
        "Timestamp" : 1790982000000, 
        "Unixtime" : 1790982000, 
        "Shape__Area" : 59923971838.0293, 
        "Shape__Length" : 892001.74099713936
      }
    }
  ]
}